version 2
JvmtiExport can_access_local_variables 0
JvmtiExport can_hotswap_or_post_breakpoint 0
JvmtiExport can_post_on_exceptions 0
# 309 ciObject found
instanceKlass org/objectweb/asm/MethodWriter
ciInstanceKlass java/lang/Cloneable 1 0 7 100 1 100 1 1 1
# instanceKlass org/gradle/api/internal/artifacts/publish/DecoratingPublishArtifact$$Lambda+0x00000279c590ca20
# instanceKlass org/gradle/api/internal/artifacts/publish/DecoratingPublishArtifact$$Lambda+0x00000279c590c800
instanceKlass org/gradle/api/internal/artifacts/dsl/ArtifactFile
# instanceKlass org/gradle/api/internal/artifacts/publish/DecoratingPublishArtifact$$Lambda+0x00000279c590bde0
instanceKlass org/gradle/api/internal/tasks/TaskDependencyInternal$1
instanceKlass org/gradle/api/internal/artifacts/dsl/FileSystemPublishArtifact
instanceKlass  @bci org/gradle/api/internal/artifacts/configurations/DefaultConfigurationPublications lambda$artifacts$3 (Lorg/gradle/api/Action;Ljava/lang/Iterable;)Ljava/util/List; 12 <appendix> member <vmtarget> ; # org/gradle/api/internal/artifacts/configurations/DefaultConfigurationPublications$$Lambda+0x00000279c590fa18
instanceKlass  @bci org/gradle/jvm/component/internal/DefaultJvmSoftwareComponent lambda$createSourceElements$1 (Lorg/gradle/api/provider/ProviderFactory;Ljava/util/Set;)Lorg/gradle/api/provider/Provider; 2 <appendix> member <vmtarget> ; # org/gradle/jvm/component/internal/DefaultJvmSoftwareComponent$$Lambda+0x00000279c590f7f8
instanceKlass org/gradle/api/internal/file/collections/ReproducibleDirectoryWalker
instanceKlass org/gradle/internal/nativeintegration/services/FileSystems
instanceKlass org/gradle/api/internal/file/collections/DefaultDirectoryWalker
instanceKlass org/gradle/api/internal/file/collections/DirectoryWalker
instanceKlass org/gradle/api/internal/artifacts/ivyservice/moduleconverter/dependencies/DefaultLocalConfigurationMetadataBuilder$DefaultLocalFileDependencyMetadata
instanceKlass org/gradle/internal/component/local/model/LocalFileDependencyMetadata
instanceKlass  @bci org/gradle/internal/component/local/model/DefaultLocalConfigurationMetadata copy (Lorg/gradle/api/Transformer;)Lorg/gradle/internal/component/local/model/LocalConfigurationMetadata; 141 <appendix> member <vmtarget> ; # org/gradle/internal/component/local/model/DefaultLocalConfigurationMetadata$$Lambda+0x00000279c590f178
instanceKlass  @bci org/gradle/internal/component/local/model/DefaultLocalConfigurationMetadata lambda$getLazyArtifacts$1 (Ljava/util/List;Ljava/util/Set;Lorg/gradle/internal/model/ModelContainer;Lorg/gradle/internal/component/local/model/LocalComponentMetadata;Ljava/lang/String;Lorg/gradle/api/internal/tasks/NodeExecutionContext;)Lcom/google/common/collect/ImmutableList; 28 <appendix> member <vmtarget> ; # org/gradle/internal/component/local/model/DefaultLocalConfigurationMetadata$$Lambda+0x00000279c590ef38
instanceKlass  @bci org/gradle/api/internal/artifacts/publish/ArchivePublishArtifact getFile ()Ljava/io/File; 5 <appendix> member <vmtarget> ; # org/gradle/api/internal/artifacts/publish/ArchivePublishArtifact$$Lambda+0x00000279c590b0f8
instanceKlass  @bci org/gradle/internal/component/local/model/DefaultLocalComponentMetadata lambda$copy$0 (Ljava/util/Map;Lorg/gradle/api/Transformer;Lorg/gradle/internal/component/local/model/LocalComponentArtifactMetadata;)Lorg/gradle/internal/component/local/model/LocalComponentArtifactMetadata; 8 <appendix> member <vmtarget> ; # org/gradle/internal/component/local/model/DefaultLocalComponentMetadata$$Lambda+0x00000279c590ecf8
instanceKlass  @bci org/gradle/internal/component/local/model/DefaultLocalConfigurationMetadata copy (Lorg/gradle/api/Transformer;)Lorg/gradle/internal/component/local/model/LocalConfigurationMetadata; 51 <appendix> member <vmtarget> ; # org/gradle/internal/component/local/model/DefaultLocalConfigurationMetadata$$Lambda+0x00000279c590eab8
instanceKlass  @bci org/gradle/api/internal/artifacts/publish/ArchivePublishArtifact getExtension ()Ljava/lang/String; 5 <appendix> member <vmtarget> ; # org/gradle/api/internal/artifacts/publish/ArchivePublishArtifact$$Lambda+0x00000279c590aed8
instanceKlass  @bci org/gradle/api/internal/artifacts/publish/ArchivePublishArtifact getType ()Ljava/lang/String; 5 <appendix> member <vmtarget> ; # org/gradle/api/internal/artifacts/publish/ArchivePublishArtifact$$Lambda+0x00000279c590acb8
instanceKlass  @bci org/gradle/api/internal/artifacts/publish/ArchivePublishArtifact getClassifier ()Ljava/lang/String; 5 <appendix> member <vmtarget> ; # org/gradle/api/internal/artifacts/publish/ArchivePublishArtifact$$Lambda+0x00000279c590aa98
instanceKlass org/gradle/api/internal/AbstractTask$TaskActionWrapper
instanceKlass org/gradle/api/internal/file/copy/MatchingCopyAction
instanceKlass  @bci org/gradle/plugin/devel/plugins/JavaGradlePluginPlugin lambda$configureJarTask$2 (Lorg/gradle/api/Project;Lorg/gradle/plugin/devel/GradlePluginDevelopmentExtension;Lorg/gradle/api/tasks/bundling/Jar;)V 30 <appendix> member <vmtarget> ; # org/gradle/plugin/devel/plugins/JavaGradlePluginPlugin$$Lambda+0x00000279c590e898
instanceKlass  @bci org/gradle/api/plugins/BasePlugin lambda$configureArchiveDefaults$2 (Lorg/gradle/api/plugins/BasePluginExtension;Lorg/gradle/api/Project;Lorg/gradle/api/tasks/bundling/AbstractArchiveTask;)V 22 <appendix> member <vmtarget> ; # org/gradle/api/plugins/BasePlugin$$Lambda+0x00000279c590e678
instanceKlass org/gradle/api/internal/project/taskfactory/DefaultTaskClassInfoStore$StandardTaskActionFactory
instanceKlass  @bci org/gradle/api/tasks/bundling/Jar_Decorated $gradleInit ()V 1 <appendix> member <vmtarget> ; # org/gradle/api/tasks/bundling/Jar_Decorated$$Lambda+0x00000279c590e458
instanceKlass org/gradle/jvm/tasks/Jar$ExcludeManifestAction
instanceKlass org/gradle/api/file/FileVisitDetails
instanceKlass org/gradle/api/internal/file/collections/GeneratedSingletonFileTree
instanceKlass org/gradle/api/internal/file/collections/GeneratedFiles
instanceKlass org/gradle/api/internal/file/collections/MinimalFileTree$MinimalFileTreeStructureVisitor
instanceKlass  @bci org/gradle/jvm/tasks/Jar manifestFileTree ()Lorg/gradle/api/internal/file/FileTreeInternal; 35 <appendix> member <vmtarget> ; # org/gradle/jvm/tasks/Jar$$Lambda+0x00000279c590e000
instanceKlass  @bci org/gradle/jvm/tasks/Jar manifestFileTree ()Lorg/gradle/api/internal/file/FileTreeInternal; 26 <appendix> member <vmtarget> ; # org/gradle/jvm/tasks/Jar$$Lambda+0x00000279c58ffd70
instanceKlass org/gradle/api/internal/file/temp/DefaultTemporaryFileProvider$1
instanceKlass  @bci org/gradle/jvm/tasks/Jar manifestFileTree ()Lorg/gradle/api/internal/file/FileTreeInternal; 1 <appendix> member <vmtarget> ; # org/gradle/jvm/tasks/Jar$$Lambda+0x00000279c58ffb50
instanceKlass  @bci org/gradle/api/internal/file/copy/SingleParentCopySpec_Decorated $gradleInit ()V 1 <appendix> member <vmtarget> ; # org/gradle/api/internal/file/copy/SingleParentCopySpec_Decorated$$Lambda+0x00000279c5905628
# instanceKlass java/lang/invoke/LambdaForm$MH+0x00000279c590c400
# instanceKlass java/lang/invoke/LambdaForm$MH+0x00000279c590c000
# instanceKlass java/lang/invoke/LambdaForm$MH+0x00000279c5904c00
# instanceKlass java/lang/invoke/LambdaForm$MH+0x00000279c5904800
# instanceKlass java/lang/invoke/LambdaForm$MH+0x00000279c5904400
instanceKlass org/gradle/api/java/archives/internal/DefaultAttributes
instanceKlass org/gradle/api/java/archives/Attributes
instanceKlass org/gradle/api/java/archives/internal/DefaultManifest
instanceKlass  @bci org/gradle/api/internal/file/DefaultFilePropertyFactory$DefaultDirectoryVar file (Lorg/gradle/api/provider/Provider;)Lorg/gradle/api/provider/Provider; 8 <appendix> argL0 ; # org/gradle/api/internal/file/DefaultFilePropertyFactory$DefaultDirectoryVar$$Lambda+0x00000279c59051f8
instanceKlass org/gradle/api/internal/lambdas/SerializableLambdas$SerializableBiFunction
instanceKlass  @bci org/gradle/api/tasks/bundling/AbstractArchiveTask <init> ()V 112 <appendix> member <vmtarget> ; # org/gradle/api/tasks/bundling/AbstractArchiveTask$$Lambda+0x00000279c5907878
instanceKlass  @bci org/gradle/api/tasks/AbstractCopyTask lambda$new$1 (Lorg/gradle/api/internal/file/copy/CopySpecInternal$CopySpecAddress;Lorg/gradle/api/internal/file/copy/CopySpecInternal;)V 404 <appendix> member <vmtarget> ; # org/gradle/api/tasks/AbstractCopyTask$$Lambda+0x00000279c5907658
instanceKlass  @bci org/gradle/api/tasks/AbstractCopyTask lambda$new$1 (Lorg/gradle/api/internal/file/copy/CopySpecInternal$CopySpecAddress;Lorg/gradle/api/internal/file/copy/CopySpecInternal;)V 352 <appendix> argL0 ; # org/gradle/api/tasks/AbstractCopyTask$$Lambda+0x00000279c5907440
instanceKlass  @bci org/gradle/api/tasks/AbstractCopyTask lambda$new$1 (Lorg/gradle/api/internal/file/copy/CopySpecInternal$CopySpecAddress;Lorg/gradle/api/internal/file/copy/CopySpecInternal;)V 300 <appendix> argL0 ; # org/gradle/api/tasks/AbstractCopyTask$$Lambda+0x00000279c5907228
instanceKlass  @bci org/gradle/api/tasks/AbstractCopyTask lambda$new$1 (Lorg/gradle/api/internal/file/copy/CopySpecInternal$CopySpecAddress;Lorg/gradle/api/internal/file/copy/CopySpecInternal;)V 259 <appendix> member <vmtarget> ; # org/gradle/api/tasks/AbstractCopyTask$$Lambda+0x00000279c5907008
instanceKlass  @bci org/gradle/api/tasks/AbstractCopyTask lambda$new$1 (Lorg/gradle/api/internal/file/copy/CopySpecInternal$CopySpecAddress;Lorg/gradle/api/internal/file/copy/CopySpecInternal;)V 218 <appendix> member <vmtarget> ; # org/gradle/api/tasks/AbstractCopyTask$$Lambda+0x00000279c5906de8
instanceKlass  @bci org/gradle/api/tasks/AbstractCopyTask lambda$new$1 (Lorg/gradle/api/internal/file/copy/CopySpecInternal$CopySpecAddress;Lorg/gradle/api/internal/file/copy/CopySpecInternal;)V 177 <appendix> member <vmtarget> ; # org/gradle/api/tasks/AbstractCopyTask$$Lambda+0x00000279c5906bc8
instanceKlass org/gradle/api/internal/tasks/DefaultTaskInputPropertyRegistration
instanceKlass org/gradle/api/internal/tasks/TaskInputPropertyRegistration
instanceKlass  @bci org/gradle/api/internal/tasks/DefaultTaskInputs property (Ljava/lang/String;Ljava/lang/Object;)Lorg/gradle/api/tasks/TaskInputPropertyBuilder; 9 <appendix> member <vmtarget> ; # org/gradle/api/internal/tasks/DefaultTaskInputs$$Lambda+0x00000279c5906538
instanceKlass  @bci org/gradle/api/tasks/AbstractCopyTask lambda$new$1 (Lorg/gradle/api/internal/file/copy/CopySpecInternal$CopySpecAddress;Lorg/gradle/api/internal/file/copy/CopySpecInternal;)V 136 <appendix> member <vmtarget> ; # org/gradle/api/tasks/AbstractCopyTask$$Lambda+0x00000279c5903d08
instanceKlass org/gradle/internal/execution/model/InputNormalizer$1
instanceKlass org/gradle/api/internal/tasks/AbstractTaskFilePropertyRegistration
instanceKlass org/gradle/internal/properties/StaticValue
instanceKlass  @bci org/gradle/api/internal/tasks/DefaultTaskInputs files ([Ljava/lang/Object;)Lorg/gradle/api/internal/tasks/TaskInputFilePropertyBuilderInternal; 8 <appendix> member <vmtarget> ; # org/gradle/api/internal/tasks/DefaultTaskInputs$$Lambda+0x00000279c5903428
instanceKlass  @bci org/gradle/api/tasks/AbstractCopyTask lambda$new$1 (Lorg/gradle/api/internal/file/copy/CopySpecInternal$CopySpecAddress;Lorg/gradle/api/internal/file/copy/CopySpecInternal;)V 72 <appendix> member <vmtarget> ; # org/gradle/api/tasks/AbstractCopyTask$$Lambda+0x00000279c5903208
instanceKlass  @bci org/gradle/api/internal/file/copy/DefaultCopySpec addChildSpec (ILorg/gradle/api/internal/file/copy/CopySpecInternal;)V 57 <appendix> member <vmtarget> ; # org/gradle/api/internal/file/copy/DefaultCopySpec$$Lambda+0x00000279c5902fe8
instanceKlass org/gradle/api/internal/file/copy/DefaultCopySpec$DefaultCopySpecAddress
instanceKlass  @bci org/gradle/api/internal/file/copy/DefaultCopySpec addChildSpec (ILorg/gradle/api/internal/file/copy/CopySpecInternal;)V 35 <appendix> member <vmtarget> ; # org/gradle/api/internal/file/copy/DefaultCopySpec$$Lambda+0x00000279c5902b40
instanceKlass  @cpi org/gradle/api/internal/file/copy/DefaultCopySpec 578 form vmentry <vmtarget> ; # java/lang/invoke/LambdaForm$DMH+0x00000279c5904000
instanceKlass org/gradle/api/internal/file/copy/DefaultCopySpec$DefaultCopySpecResolver
instanceKlass  @bci org/gradle/api/tasks/AbstractCopyTask <init> ()V 34 <appendix> member <vmtarget> ; # org/gradle/api/tasks/AbstractCopyTask$$Lambda+0x00000279c59018e0
instanceKlass  @bci org/gradle/api/tasks/AbstractCopyTask <init> ()V 17 <appendix> member <vmtarget> ; # org/gradle/api/tasks/AbstractCopyTask$$Lambda+0x00000279c59016c0
instanceKlass  @bci org/gradle/api/internal/file/copy/DefaultCopySpec_Decorated $gradleInit ()V 1 <appendix> member <vmtarget> ; # org/gradle/api/internal/file/copy/DefaultCopySpec_Decorated$$Lambda+0x00000279c59014a0
instanceKlass org/gradle/api/internal/file/copy/PathNotationConverter
instanceKlass org/gradle/api/file/FileCopyDetails
instanceKlass org/gradle/api/internal/file/copy/CopySpecInternal$CopySpecListener
instanceKlass org/gradle/api/internal/file/copy/CopySpecInternal$CopySpecVisitor
instanceKlass org/gradle/api/internal/file/copy/DefaultCopySpec
instanceKlass org/gradle/api/file/ConfigurableFilePermissions
instanceKlass org/gradle/api/file/FilePermissions
instanceKlass org/gradle/api/internal/file/copy/CopySpecResolver
instanceKlass org/gradle/api/internal/file/copy/CopySpecInternal$CopySpecAddress
instanceKlass org/gradle/api/internal/file/copy/CopyActionExecuter
instanceKlass org/gradle/api/java/archives/internal/ManifestInternal
instanceKlass org/gradle/api/internal/file/copy/ZipCompressor
instanceKlass org/gradle/api/internal/file/archive/compression/ArchiveOutputStreamFactory
instanceKlass  @bci org/gradle/internal/component/local/model/LocalVariantMetadata lambda$new$1 (Ljava/util/Collection;Lorg/gradle/internal/model/ModelContainer;Lorg/gradle/api/artifacts/component/ComponentIdentifier;Lorg/gradle/api/internal/tasks/NodeExecutionContext;)Lcom/google/common/collect/ImmutableList; 16 <appendix> member <vmtarget> ; # org/gradle/internal/component/local/model/LocalVariantMetadata$$Lambda+0x00000279c58fb5e0
instanceKlass org/gradle/api/internal/artifacts/ivyservice/moduleconverter/dependencies/DefaultLocalConfigurationMetadataBuilder$NestedVariantIdentifier
instanceKlass  @bci org/gradle/api/plugins/jvm/internal/DefaultJvmPluginServices lambda$configureClassesDirectoryVariant$7 (Lorg/gradle/api/file/FileCollection;Ljava/io/File;)Lorg/gradle/api/plugins/jvm/internal/DefaultJvmPluginServices$LazyJavaDirectoryArtifact; 21 <appendix> member <vmtarget> ; # org/gradle/api/plugins/jvm/internal/DefaultJvmPluginServices$$Lambda+0x00000279c58fb1b8
instanceKlass  @bci org/gradle/api/plugins/jvm/internal/DefaultJvmPluginServices lambda$configureClassesDirectoryVariant$8 (Lorg/gradle/api/tasks/SourceSet;)Ljava/util/List; 25 <appendix> member <vmtarget> ; # org/gradle/api/plugins/jvm/internal/DefaultJvmPluginServices$$Lambda+0x00000279c58faf78
instanceKlass org/gradle/api/internal/file/collections/UnpackingVisitor
instanceKlass  @bci org/gradle/api/internal/file/CompositeFileCollection visitContents (Lorg/gradle/api/internal/file/FileCollectionStructureVisitor;)V 2 <appendix> member <vmtarget> ; # org/gradle/api/internal/file/CompositeFileCollection$$Lambda+0x00000279c58f53e8
# instanceKlass java/lang/invoke/LambdaForm$MH+0x00000279c58fcc00
# instanceKlass java/lang/invoke/LambdaForm$MH+0x00000279c58fc800
# instanceKlass java/lang/invoke/LambdaForm$MH+0x00000279c58fc400
# instanceKlass java/lang/invoke/LambdaForm$MH+0x00000279c58fc000
instanceKlass org/gradle/internal/component/local/model/DefaultLocalComponentMetadata$ConfigurationsProviderMetadataFactory$1
instanceKlass  @bci org/gradle/internal/component/local/model/DefaultLocalComponentMetadata$ConfigurationsProviderMetadataFactory visitConfigurations (Ljava/util/function/Consumer;)V 6 <appendix> member <vmtarget> ; # org/gradle/internal/component/local/model/DefaultLocalComponentMetadata$ConfigurationsProviderMetadataFactory$$Lambda+0x00000279c58fab00
instanceKlass  @bci org/gradle/internal/component/local/model/DefaultLocalComponentMetadata getVariantsForGraphTraversal ()Ljava/util/Optional; 21 <appendix> member <vmtarget> ; # org/gradle/internal/component/local/model/DefaultLocalComponentMetadata$$Lambda+0x00000279c58fa8d0
instanceKlass org/gradle/internal/component/local/model/DefaultLocalComponentMetadata$ConfigurationMetadataFactory$Candidate
instanceKlass  @bci org/gradle/internal/component/local/model/DefaultLocalComponentMetadata copy (Lorg/gradle/api/artifacts/component/ComponentIdentifier;Lorg/gradle/api/Transformer;)Lorg/gradle/internal/component/local/model/DefaultLocalComponentMetadata; 10 <appendix> member <vmtarget> ; # org/gradle/internal/component/local/model/DefaultLocalComponentMetadata$$Lambda+0x00000279c58fa6b0
instanceKlass  @bci org/gradle/composite/internal/IncludedBuildDependencyMetadataBuilder createCompositeCopy (Lorg/gradle/api/artifacts/component/ProjectComponentIdentifier;Lorg/gradle/internal/component/local/model/LocalComponentGraphResolveState;)Lorg/gradle/internal/component/local/model/LocalComponentMetadata; 3 <appendix> member <vmtarget> ; # org/gradle/composite/internal/IncludedBuildDependencyMetadataBuilder$$Lambda+0x00000279c58fa490
instanceKlass org/gradle/api/attributes/TestSuiteType$Impl
instanceKlass org/gradle/api/internal/provider/Collectors$ElementsFromCollection
instanceKlass  @bci org/gradle/api/plugins/internal/JvmPluginsHelper compileAgainstJavaOutputs (Lorg/gradle/api/tasks/compile/AbstractCompile;Lorg/gradle/api/tasks/SourceSet;Lorg/gradle/api/model/ObjectFactory;)V 35 <appendix> member <vmtarget> ; # org/gradle/api/plugins/internal/JvmPluginsHelper$$Lambda+0x00000279c58fa270
instanceKlass  @bci org/gradle/api/plugins/internal/JvmPluginsHelper compileAgainstJavaOutputs (Lorg/gradle/api/tasks/compile/AbstractCompile;Lorg/gradle/api/tasks/SourceSet;Lorg/gradle/api/model/ObjectFactory;)V 16 <appendix> member <vmtarget> ; # org/gradle/api/plugins/internal/JvmPluginsHelper$$Lambda+0x00000279c58fa050
instanceKlass  @bci org/gradle/api/plugins/GroovyBasePlugin lambda$configureCompileDefaults$1 (Lorg/gradle/api/tasks/GroovyRuntime;Lorg/gradle/api/tasks/compile/GroovyCompile;)V 8 <appendix> member <vmtarget> ; # org/gradle/api/plugins/GroovyBasePlugin$$Lambda+0x00000279c58f9e30
instanceKlass  @bci org/gradle/api/tasks/compile/GroovyCompile_Decorated $gradleInit ()V 1 <appendix> member <vmtarget> ; # org/gradle/api/tasks/compile/GroovyCompile_Decorated$$Lambda+0x00000279c58f9c10
instanceKlass  @bci org/gradle/api/tasks/compile/GroovyCompile <init> ()V 164 <appendix> member <vmtarget> ; # org/gradle/api/tasks/compile/GroovyCompile$$Lambda+0x00000279c58f99f0
instanceKlass  @bci org/gradle/jvm/toolchain/internal/DefaultJavaToolchainService launcherFor (Lorg/gradle/jvm/toolchain/JavaToolchainSpec;)Lorg/gradle/api/provider/Provider; 19 <appendix> argL0 ; # org/gradle/jvm/toolchain/internal/DefaultJavaToolchainService$$Lambda+0x00000279c58f97d8
instanceKlass org/gradle/jvm/toolchain/internal/DefaultToolchainJavaLauncher
instanceKlass  @bci org/gradle/jvm/toolchain/internal/DefaultJavaToolchainService launcherFor (Lorg/gradle/jvm/toolchain/JavaToolchainSpec;)Lorg/gradle/api/provider/Provider; 9 <appendix> member <vmtarget> ; # org/gradle/jvm/toolchain/internal/DefaultJavaToolchainService$$Lambda+0x00000279c58f9380
instanceKlass  @bci org/gradle/api/tasks/compile/GroovyCompile <init> ()V 118 <appendix> argL0 ; # org/gradle/api/tasks/compile/GroovyCompile$$Lambda+0x00000279c58f9168
instanceKlass  @bci org/gradle/api/tasks/compile/GroovyCompile <init> ()V 43 <appendix> member <vmtarget> ; # org/gradle/api/tasks/compile/GroovyCompile$$Lambda+0x00000279c58f8f48
instanceKlass  @bci org/gradle/api/tasks/compile/GroovyCompileOptions_Decorated $gradleInit ()V 1 <appendix> member <vmtarget> ; # org/gradle/api/tasks/compile/GroovyCompileOptions_Decorated$$Lambda+0x00000279c58f8d28
instanceKlass org/gradle/api/internal/provider/DefaultSetProperty$1
instanceKlass  @bci org/gradle/api/tasks/compile/GroovyForkOptions_Decorated $gradleInit ()V 1 <appendix> member <vmtarget> ; # org/gradle/api/tasks/compile/GroovyForkOptions_Decorated$$Lambda+0x00000279c58f8b08
instanceKlass  @bci org/gradle/api/internal/artifacts/configurations/DefaultConfiguration ensureUniqueAttributes (Z)Ljava/util/List; 85 <appendix> argL0 ; # org/gradle/api/internal/artifacts/configurations/DefaultConfiguration$$Lambda+0x00000279c58f2508
instanceKlass  @bci org/gradle/api/internal/artifacts/configurations/DefaultConfiguration ensureUniqueAttributes (Z)Ljava/util/List; 68 <appendix> argL0 ; # org/gradle/api/internal/artifacts/configurations/DefaultConfiguration$$Lambda+0x00000279c58f22c0
instanceKlass  @bci org/gradle/api/internal/artifacts/configurations/DefaultConfiguration ensureUniqueAttributes (Z)Ljava/util/List; 58 <appendix> member <vmtarget> ; # org/gradle/api/internal/artifacts/configurations/DefaultConfiguration$$Lambda+0x00000279c58f2070
instanceKlass  @bci org/gradle/api/internal/artifacts/configurations/DefaultConfiguration ensureUniqueAttributes (Z)Ljava/util/List; 47 <appendix> member <vmtarget> ; # org/gradle/api/internal/artifacts/configurations/DefaultConfiguration$$Lambda+0x00000279c58f1e20
instanceKlass  @bci org/gradle/api/internal/artifacts/configurations/DefaultConfiguration ensureUniqueAttributes (Z)Ljava/util/List; 33 <appendix> member <vmtarget> ; # org/gradle/api/internal/artifacts/configurations/DefaultConfiguration$$Lambda+0x00000279c58f1bd0
instanceKlass org/gradle/internal/component/external/model/ProjectDerivedCapability
instanceKlass  @bci org/gradle/api/plugins/JavaBasePlugin computeTargetCompatibilityConvention (Lorg/gradle/api/plugins/internal/DefaultJavaPluginExtension;Lorg/gradle/api/tasks/compile/AbstractCompile;)Lorg/gradle/api/JavaVersion; 25 <appendix> member <vmtarget> ; # org/gradle/api/plugins/JavaBasePlugin$$Lambda+0x00000279c58f1748
instanceKlass org/gradle/jvm/toolchain/internal/operations/JavaToolchainUsageProgressDetails$JavaToolchain
instanceKlass org/gradle/jvm/toolchain/internal/DefaultJavaToolchainUsageProgressDetails
instanceKlass org/gradle/jvm/toolchain/internal/operations/JavaToolchainUsageProgressDetails
instanceKlass org/gradle/jvm/toolchain/JavaLauncher
instanceKlass org/gradle/jvm/toolchain/internal/DefaultToolchainJavaCompiler
instanceKlass org/gradle/jvm/toolchain/internal/JavaToolchainInput
instanceKlass  @bci org/gradle/jvm/toolchain/internal/JavaToolchainQueryService resolveToolchain (Lorg/gradle/jvm/toolchain/internal/JavaToolchainSpecInternal;)Lorg/gradle/jvm/toolchain/internal/JavaToolchain; 97 <appendix> member <vmtarget> ; # org/gradle/jvm/toolchain/internal/JavaToolchainQueryService$$Lambda+0x00000279c58f0a88
instanceKlass  @bci org/gradle/api/internal/provider/TransformBackedProvider beforeRead ()V 10 <appendix> member <vmtarget> ; # org/gradle/api/internal/provider/TransformBackedProvider$$Lambda+0x00000279c58f4000
instanceKlass org/gradle/api/internal/provider/ValueSupplier$UnknownProducer
instanceKlass org/gradle/api/internal/provider/ValueSupplier$NoProducer
instanceKlass org/gradle/api/internal/tasks/compile/JavaCompileExecutableUtils
instanceKlass  @bci org/gradle/api/plugins/JavaBasePlugin computeSourceCompatibilityConvention (Lorg/gradle/api/plugins/internal/DefaultJavaPluginExtension;Lorg/gradle/api/tasks/compile/AbstractCompile;)Lorg/gradle/api/JavaVersion; 11 <appendix> member <vmtarget> ; # org/gradle/api/plugins/JavaBasePlugin$$Lambda+0x00000279c58f0668
instanceKlass  @bci org/gradle/api/plugins/JavaBasePlugin getToolchainTool (Lorg/gradle/api/Project;Ljava/util/function/BiFunction;Lorg/gradle/api/provider/Provider;)Lorg/gradle/api/provider/Provider; 52 <appendix> member <vmtarget> ; # org/gradle/api/plugins/JavaBasePlugin$$Lambda+0x00000279c58f0448
instanceKlass  @bci org/gradle/api/plugins/JavaBasePlugin lambda$createCompileJavaTask$6 (Lorg/gradle/api/tasks/SourceSet;Lorg/gradle/api/file/SourceDirectorySet;Lorg/gradle/api/Project;Lorg/gradle/api/tasks/compile/JavaCompile;)V 98 <appendix> argL0 ; # org/gradle/api/plugins/JavaBasePlugin$$Lambda+0x00000279c58f0220
instanceKlass  @bci org/gradle/api/plugins/JavaBasePlugin lambda$createCompileJavaTask$6 (Lorg/gradle/api/tasks/SourceSet;Lorg/gradle/api/file/SourceDirectorySet;Lorg/gradle/api/Project;Lorg/gradle/api/tasks/compile/JavaCompile;)V 79 <appendix> member <vmtarget> ; # org/gradle/api/plugins/JavaBasePlugin$$Lambda+0x00000279c58f0000
instanceKlass  @bci org/gradle/api/plugins/internal/JvmPluginsHelper configureAnnotationProcessorPath (Lorg/gradle/api/tasks/SourceSet;Lorg/gradle/api/file/SourceDirectorySet;Lorg/gradle/api/tasks/compile/CompileOptions;Lorg/gradle/api/Project;)V 23 <appendix> member <vmtarget> ; # org/gradle/api/plugins/internal/JvmPluginsHelper$$Lambda+0x00000279c58ed400
instanceKlass  @bci org/gradle/api/tasks/compile/CompileOptions_Decorated getConventionWhileDisabledDeprecationLogger ()Lorg/gradle/api/plugins/Convention; 1 <appendix> member <vmtarget> ; # org/gradle/api/tasks/compile/CompileOptions_Decorated$$Lambda+0x00000279c58edc40
instanceKlass  @bci org/gradle/api/internal/plugins/DslObject getConventionMapping ()Lorg/gradle/api/internal/ConventionMapping; 9 <appendix> member <vmtarget> ; # org/gradle/api/internal/plugins/DslObject$$Lambda+0x00000279c58ef8b8
instanceKlass  @bci org/gradle/api/plugins/JavaBasePlugin lambda$createCompileJavaTask$6 (Lorg/gradle/api/tasks/SourceSet;Lorg/gradle/api/file/SourceDirectorySet;Lorg/gradle/api/Project;Lorg/gradle/api/tasks/compile/JavaCompile;)V 17 <appendix> member <vmtarget> ; # org/gradle/api/plugins/JavaBasePlugin$$Lambda+0x00000279c58eda20
instanceKlass  @bci org/gradle/api/plugins/JavaBasePlugin lambda$configureCompileDefaults$13 (Lorg/gradle/api/plugins/internal/DefaultJavaPluginExtension;Lorg/gradle/api/Project;Lorg/gradle/api/tasks/compile/AbstractCompile;)V 26 <appendix> member <vmtarget> ; # org/gradle/api/plugins/JavaBasePlugin$$Lambda+0x00000279c58ed800
instanceKlass  @bci org/gradle/api/plugins/JavaBasePlugin lambda$configureCompileDefaults$13 (Lorg/gradle/api/plugins/internal/DefaultJavaPluginExtension;Lorg/gradle/api/Project;Lorg/gradle/api/tasks/compile/AbstractCompile;)V 10 <appendix> member <vmtarget> ; # org/gradle/api/plugins/JavaBasePlugin$$Lambda+0x00000279c58e7c60
instanceKlass  @bci org/gradle/api/internal/project/taskfactory/AnnotationProcessingTaskFactory process (Lorg/gradle/api/Task;)Lorg/gradle/api/Task; 98 <appendix> member <vmtarget> ; # org/gradle/api/internal/project/taskfactory/AnnotationProcessingTaskFactory$$Lambda+0x00000279c58ef258
instanceKlass  @bci org/gradle/api/internal/tasks/DefaultTaskOutputs cacheIf (Ljava/lang/String;Lorg/gradle/api/specs/Spec;)V 9 <appendix> member <vmtarget> ; # org/gradle/api/internal/tasks/DefaultTaskOutputs$$Lambda+0x00000279c58ef038
instanceKlass org/gradle/api/internal/project/taskfactory/StandardTaskAction
instanceKlass org/gradle/api/internal/project/taskfactory/DefaultTaskClassInfoStore$IncrementalTaskActionFactory
instanceKlass  @bci org/gradle/api/internal/project/taskfactory/DefaultTaskClassInfoStore createTaskClassInfo (Ljava/lang/Class;)Lorg/gradle/api/internal/project/taskfactory/TaskClassInfo; 19 <appendix> argL0 ; # org/gradle/api/internal/project/taskfactory/DefaultTaskClassInfoStore$$Lambda+0x00000279c58ee680
instanceKlass  @bci org/gradle/api/internal/ConventionTask getConventionMapping ()Lorg/gradle/api/internal/ConventionMapping; 8 <appendix> member <vmtarget> ; # org/gradle/api/internal/ConventionTask$$Lambda+0x00000279c58ee460
instanceKlass  @bci org/gradle/api/tasks/compile/JavaCompile_Decorated $gradleInit ()V 1 <appendix> member <vmtarget> ; # org/gradle/api/tasks/compile/JavaCompile_Decorated$$Lambda+0x00000279c58e7a40
instanceKlass  @bci org/gradle/api/internal/tasks/DefaultTaskOutputs doNotCacheIf (Ljava/lang/String;Lorg/gradle/api/specs/Spec;)V 9 <appendix> member <vmtarget> ; # org/gradle/api/internal/tasks/DefaultTaskOutputs$$Lambda+0x00000279c58ebcb0
instanceKlass  @bci org/gradle/api/internal/tasks/compile/CompilerForkUtils doNotCacheIfForkingViaExecutable (Lorg/gradle/api/tasks/compile/CompileOptions;Lorg/gradle/api/tasks/TaskOutputs;)V 4 <appendix> member <vmtarget> ; # org/gradle/api/internal/tasks/compile/CompilerForkUtils$$Lambda+0x00000279c58e7810
instanceKlass org/gradle/api/internal/tasks/compile/CompilerForkUtils
instanceKlass  @bci org/gradle/jvm/toolchain/internal/DefaultJavaToolchainService compilerFor (Lorg/gradle/jvm/toolchain/JavaToolchainSpec;)Lorg/gradle/api/provider/Provider; 20 <appendix> member <vmtarget> ; # org/gradle/jvm/toolchain/internal/DefaultJavaToolchainService$$Lambda+0x00000279c58e75f0
instanceKlass  @bci org/gradle/jvm/toolchain/internal/DefaultJavaToolchainService compilerFor (Lorg/gradle/jvm/toolchain/JavaToolchainSpec;)Lorg/gradle/api/provider/Provider; 9 <appendix> member <vmtarget> ; # org/gradle/jvm/toolchain/internal/DefaultJavaToolchainService$$Lambda+0x00000279c58e73d0
instanceKlass  @bci org/gradle/jvm/toolchain/internal/JavaToolchainQueryService findMatchingToolchain (Lorg/gradle/jvm/toolchain/JavaToolchainSpec;)Lorg/gradle/api/internal/provider/ProviderInternal; 14 <appendix> member <vmtarget> ; # org/gradle/jvm/toolchain/internal/JavaToolchainQueryService$$Lambda+0x00000279c58e71b0
instanceKlass  @bci org/gradle/api/tasks/compile/JavaCompile <init> ()V 111 <appendix> argL0 ; # org/gradle/api/tasks/compile/JavaCompile$$Lambda+0x00000279c58e6f98
instanceKlass  @bci org/gradle/api/tasks/compile/JavaCompile <init> ()V 100 <appendix> member <vmtarget> ; # org/gradle/api/tasks/compile/JavaCompile$$Lambda+0x00000279c58e6d78
instanceKlass  @bci org/gradle/api/tasks/compile/JavaCompile <init> ()V 84 <appendix> member <vmtarget> ; # org/gradle/api/tasks/compile/JavaCompile$$Lambda+0x00000279c58e6b58
instanceKlass  @bci org/gradle/api/tasks/compile/CompileOptions_Decorated $gradleInit ()V 1 <appendix> member <vmtarget> ; # org/gradle/api/tasks/compile/CompileOptions_Decorated$$Lambda+0x00000279c58e6938
instanceKlass  @bci org/gradle/api/tasks/compile/ForkOptions_Decorated $gradleInit ()V 1 <appendix> member <vmtarget> ; # org/gradle/api/tasks/compile/ForkOptions_Decorated$$Lambda+0x00000279c58e6718
instanceKlass  @bci org/gradle/api/tasks/compile/JavaCompile <init> ()V 16 <appendix> member <vmtarget> ; # org/gradle/api/tasks/compile/JavaCompile$$Lambda+0x00000279c58e5218
instanceKlass org/gradle/configurationcache/AbstractTaskProjectAccessChecker
# instanceKlass java/lang/invoke/LambdaForm$MH+0x00000279c58ed000
# instanceKlass java/lang/invoke/LambdaForm$MH+0x00000279c58ecc00
# instanceKlass java/lang/invoke/LambdaForm$MH+0x00000279c58ec800
# instanceKlass java/lang/invoke/LambdaForm$MH+0x00000279c58ec400
# instanceKlass java/lang/invoke/LambdaForm$MH+0x00000279c58ec000
instanceKlass org/gradle/internal/execution/DefaultWorkExecutionTracker$OperationListener
instanceKlass org/gradle/internal/execution/DefaultWorkExecutionTracker
instanceKlass org/gradle/api/internal/tasks/DefaultTaskRequiredServices
instanceKlass org/gradle/api/internal/tasks/DefaultTaskLocalState
instanceKlass org/gradle/api/internal/tasks/DefaultTaskDestroyables
instanceKlass org/gradle/api/internal/tasks/TaskDestroyablesInternal
instanceKlass org/gradle/api/tasks/TaskOutputFilePropertyBuilder
instanceKlass org/gradle/api/internal/tasks/properties/OutputUnpacker$UnpackedOutputConsumer
instanceKlass org/gradle/api/internal/tasks/DefaultTaskOutputs
instanceKlass org/gradle/api/internal/TaskOutputsEnterpriseInternal
instanceKlass org/gradle/api/internal/tasks/TaskInputsDeprecationSupport
instanceKlass org/gradle/api/internal/FilePropertyContainer
instanceKlass org/gradle/internal/properties/PropertyValue
instanceKlass org/gradle/api/tasks/TaskInputPropertyBuilder
instanceKlass org/gradle/api/internal/tasks/TaskInputFilePropertyRegistration
instanceKlass org/gradle/api/internal/tasks/TaskInputFilePropertyBuilderInternal
instanceKlass org/gradle/api/internal/tasks/TaskFilePropertyBuilderInternal
instanceKlass org/gradle/api/internal/tasks/TaskPropertyRegistration
instanceKlass org/gradle/api/tasks/TaskInputFilePropertyBuilder
instanceKlass org/gradle/api/tasks/TaskFilePropertyBuilder
instanceKlass org/gradle/api/tasks/TaskPropertyBuilder
instanceKlass org/gradle/api/internal/tasks/DefaultTaskInputs
instanceKlass org/gradle/internal/logging/slf4j/DefaultContextAwareTaskLogger
instanceKlass org/gradle/api/internal/tasks/execution/SelfDescribingSpec
instanceKlass org/gradle/api/internal/AbstractTask$10
instanceKlass org/gradle/api/tasks/TaskAction
instanceKlass org/gradle/api/internal/tasks/properties/ServiceReferenceSpec
instanceKlass org/gradle/api/internal/tasks/properties/PropertySpec
instanceKlass org/gradle/api/internal/tasks/TaskMutator
instanceKlass org/gradle/api/specs/CompositeSpec
instanceKlass org/gradle/internal/reflect/MethodSet$1
instanceKlass org/gradle/api/internal/tasks/TaskStateInternal
instanceKlass org/gradle/api/internal/tasks/compile/incremental/recomp/AbstractRecompilationSpecProvider
instanceKlass org/gradle/api/internal/tasks/compile/CleaningJavaCompiler
instanceKlass org/gradle/api/internal/tasks/compile/DefaultJvmLanguageCompileSpec
instanceKlass org/gradle/api/internal/AbstractTask$TaskInfo
instanceKlass org/gradle/api/internal/project/taskfactory/TaskFactory$1
instanceKlass org/gradle/api/internal/tasks/DefaultTaskContainer$RealizeDetails
instanceKlass org/gradle/api/internal/tasks/DefaultTaskContainer$TaskCreatingProvider$1
instanceKlass  @bci java/util/function/BinaryOperator maxBy (Ljava/util/Comparator;)Ljava/util/function/BinaryOperator; 6 <appendix> member <vmtarget> ; # java/util/function/BinaryOperator$$Lambda+0x00000279c5871fd8
instanceKlass  @bci org/gradle/api/plugins/jvm/internal/DefaultJvmPluginServices getDefaultTargetPlatform (Lorg/gradle/api/artifacts/Configuration;Lorg/gradle/api/plugins/JavaPluginExtension;Ljava/util/Set;)I 50 <appendix> argL0 ; # org/gradle/api/plugins/jvm/internal/DefaultJvmPluginServices$$Lambda+0x00000279c58dd000
instanceKlass  @bci org/gradle/api/internal/attributes/DefaultMutableAttributeContainer realizeAllLazyAttributes ()V 31 <appendix> member <vmtarget> ; # org/gradle/api/internal/attributes/DefaultMutableAttributeContainer$$Lambda+0x00000279c58de000
instanceKlass  @bci org/gradle/api/internal/artifacts/ivyservice/projectmodule/DefaultProjectLocalComponentProvider getLocalComponentMetadata (Lorg/gradle/api/internal/project/ProjectState;Lorg/gradle/api/internal/project/ProjectInternal;)Lorg/gradle/internal/component/local/model/LocalComponentMetadata; 98 <appendix> argL0 ; # org/gradle/api/internal/artifacts/ivyservice/projectmodule/DefaultProjectLocalComponentProvider$$Lambda+0x00000279c58dbbd8
instanceKlass  @bci org/gradle/api/internal/artifacts/ivyservice/projectmodule/DefaultProjectLocalComponentProvider getComponent (Lorg/gradle/api/internal/project/ProjectState;)Lorg/gradle/internal/component/local/model/LocalComponentGraphResolveState; 9 <appendix> member <vmtarget> ; # org/gradle/api/internal/artifacts/ivyservice/projectmodule/DefaultProjectLocalComponentProvider$$Lambda+0x00000279c58db998
instanceKlass org/gradle/api/internal/artifacts/ivyservice/projectmodule/DefaultLocalComponentRegistry$MetadataSupplier
instanceKlass  @bci org/gradle/api/internal/artifacts/ivyservice/projectmodule/DefaultLocalComponentRegistry getComponent (Lorg/gradle/api/artifacts/component/ProjectComponentIdentifier;)Lorg/gradle/internal/component/local/model/LocalComponentGraphResolveState; 27 <appendix> member <vmtarget> ; # org/gradle/api/internal/artifacts/ivyservice/projectmodule/DefaultLocalComponentRegistry$$Lambda+0x00000279c58db4d0
instanceKlass  @bci org/gradle/composite/internal/DefaultLocalComponentInAnotherBuildProvider$MetadataSupplier calculateValue (Lorg/gradle/api/internal/tasks/NodeExecutionContext;)Lorg/gradle/internal/component/local/model/LocalComponentGraphResolveState; 32 <appendix> member <vmtarget> ; # org/gradle/composite/internal/DefaultLocalComponentInAnotherBuildProvider$MetadataSupplier$$Lambda+0x00000279c58db290
instanceKlass org/gradle/composite/internal/DefaultLocalComponentInAnotherBuildProvider$MetadataSupplier
instanceKlass  @bci org/gradle/composite/internal/DefaultLocalComponentInAnotherBuildProvider getComponent (Lorg/gradle/api/internal/project/ProjectState;)Lorg/gradle/internal/component/local/model/LocalComponentGraphResolveState; 15 <appendix> member <vmtarget> ; # org/gradle/composite/internal/DefaultLocalComponentInAnotherBuildProvider$$Lambda+0x00000279c58dadc8
instanceKlass org/gradle/api/internal/artifacts/dependencies/DefaultProjectDependencyConstraint
instanceKlass org/gradle/api/internal/artifacts/ivyservice/ivyresolve/NoRepositoriesResolver
instanceKlass org/gradle/api/internal/artifacts/ivyservice/InMemoryResolutionResultBuilder
instanceKlass  @bci org/gradle/plugin/use/tracker/internal/PluginVersionTracker setPluginVersionAt (Lorg/gradle/api/internal/initialization/ClassLoaderScope;Ljava/lang/String;Ljava/lang/String;)V 5 <appendix> argL0 ; # org/gradle/plugin/use/tracker/internal/PluginVersionTracker$$Lambda+0x00000279c58da250
instanceKlass  @bci org/gradle/plugin/use/internal/DefaultPluginRequestApplicator$1$1 addLegacy (Lorg/gradle/plugin/use/PluginId;Ljava/lang/Object;)V 16 <appendix> member <vmtarget> ; # org/gradle/plugin/use/internal/DefaultPluginRequestApplicator$1$1$$Lambda+0x00000279c58da020
instanceKlass  @bci org/gradle/api/internal/artifacts/dependencies/DefaultProjectDependency_Decorated $gradleInit ()V 1 <appendix> member <vmtarget> ; # org/gradle/api/internal/artifacts/dependencies/DefaultProjectDependency_Decorated$$Lambda+0x00000279c58bfd48
# instanceKlass java/lang/invoke/LambdaForm$MH+0x00000279c58dc800
# instanceKlass java/lang/invoke/LambdaForm$MH+0x00000279c58dc400
# instanceKlass java/lang/invoke/LambdaForm$MH+0x00000279c58dc000
instanceKlass org/gradle/api/internal/artifacts/dependencies/ProjectDependencyInternal
instanceKlass org/gradle/plugin/use/resolve/internal/ArtifactRepositoriesPluginResolver$1
instanceKlass org/gradle/api/internal/artifacts/ivyservice/resolveengine/artifact/ParallelResolveArtifactSet
instanceKlass org/gradle/api/internal/artifacts/ivyservice/DefaultLenientConfiguration$ResolveArtifactsDetails
instanceKlass org/gradle/api/internal/artifacts/ResolveArtifactsBuildOperationType$Details
instanceKlass org/gradle/api/internal/artifacts/ivyservice/DefaultLenientConfiguration$3
instanceKlass  @bci org/gradle/api/internal/artifacts/ivyservice/DefaultLenientConfiguration$2 visitArtifacts (Lorg/gradle/api/internal/artifacts/ivyservice/resolveengine/artifact/ArtifactVisitor;Z)V 86 <appendix> member <vmtarget> ; # org/gradle/api/internal/artifacts/ivyservice/DefaultLenientConfiguration$2$$Lambda+0x00000279c58d8eb0
instanceKlass org/gradle/api/internal/artifacts/ivyservice/DefaultLenientConfiguration$2
instanceKlass org/gradle/api/internal/artifacts/ivyservice/resolveengine/artifact/DefaultVisitedArtifactResults$DefaultSelectedArtifactResults
instanceKlass org/gradle/api/internal/artifacts/ivyservice/resolveengine/artifact/CompositeResolvedArtifactSet
instanceKlass org/gradle/api/internal/artifacts/ivyservice/resolveengine/artifact/AbstractFailedResolvedArtifactSet
instanceKlass org/gradle/api/internal/artifacts/ivyservice/resolveengine/artifact/ResolvedArtifactSet$1
instanceKlass org/gradle/api/internal/artifacts/DefaultArtifactIdentifier
instanceKlass  @bci org/gradle/api/internal/artifacts/ivyservice/ivyresolve/CachingModuleComponentRepository findCachingModuleSource (Lorg/gradle/internal/component/model/ModuleSources;)Lorg/gradle/api/internal/artifacts/ivyservice/ivyresolve/ModuleDescriptorHashModuleSource; 9 <appendix> member <vmtarget> ; # org/gradle/api/internal/artifacts/ivyservice/ivyresolve/CachingModuleComponentRepository$$Lambda+0x00000279c58d4a80
instanceKlass org/gradle/api/internal/artifacts/ivyservice/modulecache/artifacts/DefaultCachedArtifact
instanceKlass  @bci org/gradle/internal/resource/cached/AbstractCachedIndex lookup (Ljava/lang/Object;)Lorg/gradle/internal/resource/cached/CachedItem; 11 <appendix> member <vmtarget> ; # org/gradle/internal/resource/cached/AbstractCachedIndex$$Lambda+0x00000279c58d5bf8
instanceKlass org/gradle/api/internal/artifacts/ivyservice/modulecache/artifacts/ArtifactAtRepositoryKey
instanceKlass  @bci org/gradle/api/internal/artifacts/ivyservice/ivyresolve/ErrorHandlingModuleComponentRepository$ErrorHandlingModuleComponentRepositoryAccess resolveArtifact (Lorg/gradle/internal/component/model/ComponentArtifactMetadata;Lorg/gradle/internal/component/model/ModuleSources;Lorg/gradle/internal/resolve/result/BuildableArtifactFileResolveResult;)V 18 <appendix> member <vmtarget> ; # org/gradle/api/internal/artifacts/ivyservice/ivyresolve/ErrorHandlingModuleComponentRepository$ErrorHandlingModuleComponentRepositoryAccess$$Lambda+0x00000279c58d57c0
instanceKlass  @bci org/gradle/api/internal/artifacts/ivyservice/ivyresolve/ErrorHandlingModuleComponentRepository$ErrorHandlingModuleComponentRepositoryAccess resolveArtifact (Lorg/gradle/internal/component/model/ComponentArtifactMetadata;Lorg/gradle/internal/component/model/ModuleSources;Lorg/gradle/internal/resolve/result/BuildableArtifactFileResolveResult;)V 12 <appendix> member <vmtarget> ; # org/gradle/api/internal/artifacts/ivyservice/ivyresolve/ErrorHandlingModuleComponentRepository$ErrorHandlingModuleComponentRepositoryAccess$$Lambda+0x00000279c58d55a0
instanceKlass  @bci org/gradle/api/internal/artifacts/ivyservice/ivyresolve/ErrorHandlingModuleComponentRepository$ErrorHandlingModuleComponentRepositoryAccess resolveArtifact (Lorg/gradle/internal/component/model/ComponentArtifactMetadata;Lorg/gradle/internal/component/model/ModuleSources;Lorg/gradle/internal/resolve/result/BuildableArtifactFileResolveResult;)V 6 <appendix> member <vmtarget> ; # org/gradle/api/internal/artifacts/ivyservice/ivyresolve/ErrorHandlingModuleComponentRepository$ErrorHandlingModuleComponentRepositoryAccess$$Lambda+0x00000279c58d5380
instanceKlass org/gradle/api/internal/artifacts/PreResolvedResolvableArtifact
instanceKlass  @bci org/gradle/api/internal/artifacts/ivyservice/ivyresolve/RepositoryChainArtifactResolver lambda$resolveArtifact$2 (Lorg/gradle/internal/component/model/ComponentArtifactMetadata;Lorg/gradle/internal/component/model/ComponentArtifactResolveMetadata;Lorg/gradle/api/internal/artifacts/ivyservice/ivyresolve/ModuleComponentRepository;Lorg/gradle/api/artifacts/component/ComponentArtifactIdentifier;)Lorg/gradle/api/internal/artifacts/ivyservice/resolveengine/artifact/ResolvableArtifact; 50 <appendix> member <vmtarget> ; # org/gradle/api/internal/artifacts/ivyservice/ivyresolve/RepositoryChainArtifactResolver$$Lambda+0x00000279c58d7990
instanceKlass org/gradle/api/artifacts/ResolvedArtifact
instanceKlass org/gradle/api/internal/artifacts/DefaultResolvableArtifact
instanceKlass  @bci org/gradle/api/internal/artifacts/ivyservice/ivyresolve/RepositoryChainArtifactResolver lambda$resolveArtifact$2 (Lorg/gradle/internal/component/model/ComponentArtifactMetadata;Lorg/gradle/internal/component/model/ComponentArtifactResolveMetadata;Lorg/gradle/api/internal/artifacts/ivyservice/ivyresolve/ModuleComponentRepository;Lorg/gradle/api/artifacts/component/ComponentArtifactIdentifier;)Lorg/gradle/api/internal/artifacts/ivyservice/resolveengine/artifact/ResolvableArtifact; 17 <appendix> member <vmtarget> ; # org/gradle/api/internal/artifacts/ivyservice/ivyresolve/RepositoryChainArtifactResolver$$Lambda+0x00000279c58d74c8
instanceKlass  @bci org/gradle/api/internal/artifacts/ivyservice/ivyresolve/RepositoryChainArtifactResolver resolveArtifact (Lorg/gradle/internal/component/model/ComponentArtifactResolveMetadata;Lorg/gradle/internal/component/model/ComponentArtifactMetadata;Lorg/gradle/internal/resolve/result/BuildableArtifactResolveResult;)V 30 <appendix> member <vmtarget> ; # org/gradle/api/internal/artifacts/ivyservice/ivyresolve/RepositoryChainArtifactResolver$$Lambda+0x00000279c58d7288
instanceKlass org/gradle/api/internal/artifacts/transform/AttributeMatchingVariantSelector
instanceKlass org/gradle/api/internal/artifacts/ivyservice/DefaultResolvedConfiguration
instanceKlass org/gradle/api/internal/artifacts/ivyservice/DefaultLenientConfiguration$1
instanceKlass org/gradle/api/internal/artifacts/ResolveArtifactsBuildOperationType$Result
instanceKlass org/gradle/api/internal/artifacts/ivyservice/DefaultLenientConfiguration
instanceKlass org/gradle/api/internal/artifacts/ivyservice/resolveengine/oldresult/TransientConfigurationResultsLoader
instanceKlass org/gradle/api/internal/artifacts/ivyservice/resolveengine/result/StreamingResolutionResultBuilder$RootFactory
instanceKlass  @bci org/gradle/api/internal/artifacts/configurations/DefaultConfiguration getDependenciesResolverFactory ()Lorg/gradle/api/internal/artifacts/transform/TransformUpstreamDependenciesResolverFactory; 51 <appendix> member <vmtarget> ; # org/gradle/api/internal/artifacts/configurations/DefaultConfiguration$$Lambda+0x00000279c58d2fc8
instanceKlass org/gradle/api/internal/artifacts/transform/FilteredResultFactory
instanceKlass org/gradle/api/internal/artifacts/configurations/DefaultConfiguration$DefaultResolutionResultProvider
instanceKlass org/gradle/api/internal/artifacts/configurations/DefaultConfiguration$DefaultConfigurationIdentity
instanceKlass  @bci org/gradle/api/internal/artifacts/transform/DefaultTransformUpstreamDependenciesResolverFactory <clinit> ()V 0 <appendix> argL0 ; # org/gradle/api/internal/artifacts/transform/DefaultTransformUpstreamDependenciesResolverFactory$$Lambda+0x00000279c58d2728
instanceKlass org/gradle/api/internal/artifacts/transform/TransformUpstreamDependencies
instanceKlass org/gradle/api/internal/artifacts/transform/TransformStep
instanceKlass org/gradle/api/internal/artifacts/transform/TransformUpstreamDependenciesResolver
instanceKlass org/gradle/api/internal/artifacts/transform/DefaultTransformUpstreamDependenciesResolverFactory
instanceKlass org/gradle/api/internal/artifacts/ivyservice/resolveengine/artifact/BuildDependenciesOnlyVisitedArtifactSet
instanceKlass org/gradle/api/internal/artifacts/ivyservice/ArtifactResolveState
instanceKlass org/gradle/api/internal/artifacts/ivyservice/resolveengine/oldresult/DefaultResolvedGraphResults
instanceKlass org/gradle/api/internal/artifacts/ivyservice/resolveengine/result/DefaultVisitedFileDependencyResults
instanceKlass  @bci org/gradle/api/internal/artifacts/ivyservice/resolveengine/artifact/DefaultVisitedArtifactResults <clinit> ()V 8 <appendix> argL0 ; # org/gradle/api/internal/artifacts/ivyservice/resolveengine/artifact/DefaultVisitedArtifactResults$$Lambda+0x00000279c58d13e0
instanceKlass  @bci org/gradle/api/internal/artifacts/ivyservice/resolveengine/artifact/DefaultVisitedArtifactResults <clinit> ()V 0 <appendix> argL0 ; # org/gradle/api/internal/artifacts/ivyservice/resolveengine/artifact/DefaultVisitedArtifactResults$$Lambda+0x00000279c58d11a8
instanceKlass org/gradle/api/internal/artifacts/ivyservice/resolveengine/artifact/SelectedArtifactResults
instanceKlass org/gradle/api/internal/artifacts/ivyservice/resolveengine/artifact/DefaultVisitedArtifactResults
instanceKlass org/gradle/api/internal/artifacts/ivyservice/resolveengine/store/DefaultBinaryStore$SimpleBinaryData
instanceKlass  @bci org/gradle/api/internal/artifacts/ivyservice/resolveengine/oldresult/TransientConfigurationResultsBuilder done (Ljava/lang/Long;)V 5 <appendix> member <vmtarget> ; # org/gradle/api/internal/artifacts/ivyservice/resolveengine/oldresult/TransientConfigurationResultsBuilder$$Lambda+0x00000279c58d08f0
instanceKlass  @bci org/gradle/api/internal/artifacts/ivyservice/resolveengine/result/StreamingResolutionResultBuilder finish (Lorg/gradle/api/internal/artifacts/ivyservice/resolveengine/graph/DependencyGraphNode;)V 6 <appendix> member <vmtarget> ; # org/gradle/api/internal/artifacts/ivyservice/resolveengine/result/StreamingResolutionResultBuilder$$Lambda+0x00000279c58d06d0
instanceKlass  @bci org/gradle/api/internal/artifacts/ivyservice/resolveengine/oldresult/TransientConfigurationResultsBuilder parentChildMapping (Ljava/lang/Long;Ljava/lang/Long;I)V 7 <appendix> member <vmtarget> ; # org/gradle/api/internal/artifacts/ivyservice/resolveengine/oldresult/TransientConfigurationResultsBuilder$$Lambda+0x00000279c58d04b0
instanceKlass  @cpi org/gradle/api/internal/artifacts/ivyservice/resolveengine/oldresult/TransientConfigurationResultsBuilder 224 form vmentry <vmtarget> ; # java/lang/invoke/LambdaForm$DMH+0x00000279c58d4000
instanceKlass org/gradle/api/internal/artifacts/ivyservice/resolveengine/artifact/ResolvedArtifactsGraphVisitor$ArtifactsForNode
instanceKlass org/gradle/api/internal/artifacts/ivyservice/resolveengine/artifact/DefaultArtifactSet
instanceKlass org/gradle/api/internal/artifacts/transform/VariantSelector$Factory
instanceKlass org/gradle/api/internal/artifacts/ivyservice/resolveengine/artifact/ResolvedVariantSet
instanceKlass  @bci org/gradle/internal/resolve/resolver/DefaultArtifactSelector$MemoizingComponentArtifactResolveVariantState <init> (Lorg/gradle/internal/resolve/resolver/DefaultArtifactSelector;Lorg/gradle/internal/component/model/ComponentArtifactResolveMetadata;Lorg/gradle/internal/component/model/VariantArtifactSelectionCandidates;Lorg/gradle/api/internal/artifacts/ivyservice/resolveengine/excludes/specs/ExcludeSpec;)V 18 <appendix> member <vmtarget> ; # org/gradle/internal/resolve/resolver/DefaultArtifactSelector$MemoizingComponentArtifactResolveVariantState$$Lambda+0x00000279c58cdc48
instanceKlass org/gradle/internal/resolve/resolver/DefaultArtifactSelector$MemoizingComponentArtifactResolveVariantState
instanceKlass  @bci org/gradle/api/internal/artifacts/ivyservice/resolveengine/artifact/ArtifactBackedResolvedVariant supplyResolvedArtifactSet (Lorg/gradle/internal/DisplayName;Lorg/gradle/api/internal/attributes/AttributeContainerInternal;Lorg/gradle/api/capabilities/CapabilitiesMetadata;Ljava/util/function/Supplier;)Ljava/util/function/Supplier; 4 <appendix> member <vmtarget> ; # org/gradle/api/internal/artifacts/ivyservice/resolveengine/artifact/ArtifactBackedResolvedVariant$$Lambda+0x00000279c58cd800
instanceKlass org/gradle/api/internal/artifacts/ivyservice/resolveengine/artifact/ArtifactBackedResolvedVariant
instanceKlass  @bci org/gradle/api/internal/artifacts/ivyservice/resolveengine/artifact/ArtifactSetFactory supplyLazilyResolvedArtifacts (Lorg/gradle/internal/component/model/ComponentArtifactResolveMetadata;Ljava/util/List;Lorg/gradle/internal/resolve/resolver/ArtifactResolver;)Ljava/util/function/Supplier; 3 <appendix> member <vmtarget> ; # org/gradle/api/internal/artifacts/ivyservice/resolveengine/artifact/ArtifactSetFactory$$Lambda+0x00000279c58cf9a0
instanceKlass org/gradle/internal/resolve/result/BuildableArtifactResolveResult
instanceKlass org/gradle/api/internal/artifacts/ivyservice/resolveengine/artifact/ArtifactSetFactory
instanceKlass  @bci org/gradle/internal/resolve/resolver/DefaultArtifactSelector toResolvedVariant (Lorg/gradle/internal/component/model/VariantResolveMetadata$Identifier;Lorg/gradle/internal/DisplayName;Lorg/gradle/api/internal/attributes/ImmutableAttributes;Lcom/google/common/collect/ImmutableList;Lorg/gradle/internal/component/external/model/ImmutableCapabilities;Lorg/gradle/api/internal/artifacts/ivyservice/resolveengine/excludes/specs/ExcludeSpec;Lorg/gradle/internal/component/model/ComponentArtifactResolveMetadata;Lorg/gradle/api/internal/artifacts/ivyservice/resolveengine/artifact/ResolvedVariantCache;Z)Lorg/gradle/api/internal/artifacts/ivyservice/resolveengine/artifact/ResolvedVariant; 6 <appendix> member <vmtarget> ; # org/gradle/internal/resolve/resolver/DefaultArtifactSelector$$Lambda+0x00000279c58cf388
instanceKlass org/gradle/internal/component/model/DefaultComponentGraphResolveState$ExternalVariantArtifactSelectionCandidates
instanceKlass org/gradle/internal/component/model/DefaultComponentGraphResolveState$ExternalArtifactResolveMetadata
instanceKlass org/gradle/internal/component/model/VariantArtifactSelectionCandidates
instanceKlass  @bci org/gradle/api/internal/artifacts/ivyservice/resolveengine/result/StreamingResolutionResultBuilder visitEdges (Lorg/gradle/api/internal/artifacts/ivyservice/resolveengine/graph/DependencyGraphNode;)V 77 <appendix> member <vmtarget> ; # org/gradle/api/internal/artifacts/ivyservice/resolveengine/result/StreamingResolutionResultBuilder$$Lambda+0x00000279c58ceac0
instanceKlass  @bci org/gradle/api/internal/artifacts/ivyservice/resolveengine/oldresult/TransientConfigurationResultsBuilder firstLevelDependency (Ljava/lang/Long;)V 5 <appendix> member <vmtarget> ; # org/gradle/api/internal/artifacts/ivyservice/resolveengine/oldresult/TransientConfigurationResultsBuilder$$Lambda+0x00000279c58ce8a0
instanceKlass org/gradle/api/internal/artifacts/ivyservice/resolveengine/graph/conflicts/VersionConflictResolutionDetails
instanceKlass  @bci org/gradle/api/internal/artifacts/ivyservice/resolveengine/oldresult/TransientConfigurationResultsBuilder resolvedDependency (Ljava/lang/Long;Lorg/gradle/api/internal/artifacts/ResolvedConfigurationIdentifier;)V 7 <appendix> member <vmtarget> ; # org/gradle/api/internal/artifacts/ivyservice/resolveengine/oldresult/TransientConfigurationResultsBuilder$$Lambda+0x00000279c58ce450
instanceKlass  @bci org/gradle/api/internal/artifacts/ivyservice/resolveengine/graph/builder/ComponentState getSelectedVariants ()Ljava/util/List; 11 <appendix> member <vmtarget> ; # org/gradle/api/internal/artifacts/ivyservice/resolveengine/graph/builder/ComponentState$$Lambda+0x00000279c58ce220
instanceKlass  @bci org/gradle/api/internal/artifacts/ivyservice/resolveengine/result/StreamingResolutionResultBuilder visitNode (Lorg/gradle/api/internal/artifacts/ivyservice/resolveengine/graph/DependencyGraphNode;)V 31 <appendix> member <vmtarget> ; # org/gradle/api/internal/artifacts/ivyservice/resolveengine/result/StreamingResolutionResultBuilder$$Lambda+0x00000279c58ce000
instanceKlass  @bci org/gradle/api/internal/artifacts/ivyservice/resolveengine/result/StreamingResolutionResultBuilder visitSelector (Lorg/gradle/api/internal/artifacts/ivyservice/resolveengine/graph/DependencyGraphSelector;)V 6 <appendix> member <vmtarget> ; # org/gradle/api/internal/artifacts/ivyservice/resolveengine/result/StreamingResolutionResultBuilder$$Lambda+0x00000279c58cb7c8
instanceKlass org/gradle/cache/internal/BinaryStore$WriteAction
instanceKlass  @bci org/gradle/api/internal/artifacts/ivyservice/resolveengine/graph/builder/ResolveState getNode (Lorg/gradle/api/internal/artifacts/ivyservice/resolveengine/graph/builder/ComponentState;Lorg/gradle/internal/component/model/VariantGraphResolveState;Z)Lorg/gradle/api/internal/artifacts/ivyservice/resolveengine/graph/builder/NodeState; 31 <adapter> ; # java/lang/invoke/LambdaForm$MH+0x00000279c58cd000
# instanceKlass java/lang/invoke/LambdaForm$DMH+0x00000279c58ccc00
instanceKlass  @bci org/gradle/api/internal/artifacts/ivyservice/resolveengine/graph/builder/ResolveState getNode (Lorg/gradle/api/internal/artifacts/ivyservice/resolveengine/graph/builder/ComponentState;Lorg/gradle/internal/component/model/VariantGraphResolveState;Z)Lorg/gradle/api/internal/artifacts/ivyservice/resolveengine/graph/builder/NodeState; 31 <appendix> form vmentry <vmtarget> ; # java/lang/invoke/LambdaForm$DMH+0x00000279c58cc800
instanceKlass  @bci org/gradle/api/internal/artifacts/ivyservice/resolveengine/graph/builder/ResolveState getNode (Lorg/gradle/api/internal/artifacts/ivyservice/resolveengine/graph/builder/ComponentState;Lorg/gradle/internal/component/model/VariantGraphResolveState;Z)Lorg/gradle/api/internal/artifacts/ivyservice/resolveengine/graph/builder/NodeState; 31 <appendix> member <vmtarget> ; # org/gradle/api/internal/artifacts/ivyservice/resolveengine/graph/builder/ResolveState$$Lambda+0x00000279c58cb588
instanceKlass  @cpi org/gradle/api/internal/artifacts/ivyservice/resolveengine/graph/builder/ResolveState 375 form vmentry <vmtarget> ; # java/lang/invoke/LambdaForm$DMH+0x00000279c58cc400
instanceKlass org/gradle/internal/component/model/VariantSelectionResult
instanceKlass org/gradle/internal/component/model/DefaultMultipleCandidateResult
instanceKlass  @bci org/gradle/internal/component/model/MultipleCandidateMatcher disambiguateExtraAttribute (Lorg/gradle/api/attributes/Attribute;Ljava/util/BitSet;)V 3 <appendix> member <vmtarget> ; # org/gradle/internal/component/model/MultipleCandidateMatcher$$Lambda+0x00000279c58caed8
instanceKlass org/gradle/internal/component/model/AttributeSelectionUtils
instanceKlass  @bci org/gradle/api/internal/attributes/DefaultAttributesSchema$DefaultAttributeSelectionSchema collectExtraAttributes ([Lorg/gradle/api/internal/attributes/ImmutableAttributes;Lorg/gradle/api/internal/attributes/ImmutableAttributes;)[Lorg/gradle/api/attributes/Attribute; 19 <appendix> member <vmtarget> ; # org/gradle/api/internal/attributes/DefaultAttributesSchema$DefaultAttributeSelectionSchema$$Lambda+0x00000279c58caa98
instanceKlass org/gradle/api/internal/attributes/DefaultAttributesSchema$ExtraAttributesEntry
instanceKlass org/gradle/internal/component/model/AttributeSelectionSchema$PrecedenceResult
instanceKlass org/gradle/internal/component/model/MultipleCandidateMatcher
instanceKlass  @bci org/gradle/internal/component/model/DefaultAttributeMatcher matches (Ljava/util/Collection;Lorg/gradle/api/internal/attributes/AttributeContainerInternal;Lorg/gradle/internal/component/model/AttributeMatchingExplanationBuilder;)Ljava/util/List; 146 <appendix> member <vmtarget> ; # org/gradle/internal/component/model/DefaultAttributeMatcher$$Lambda+0x00000279c58ca238
instanceKlass org/gradle/internal/component/model/DefaultAttributeMatcher$CachedQuery
instanceKlass org/gradle/internal/component/model/LoggingAttributeMatchingExplanationBuilder
instanceKlass  @bci org/gradle/internal/component/model/AttributeMatchingExplanationBuilder <clinit> ()V 0 <appendix> argL0 ; # org/gradle/internal/component/model/AttributeMatchingExplanationBuilder$$Lambda+0x00000279c58c9708
instanceKlass  @cpi org/gradle/internal/component/model/AttributeMatchingExplanationBuilder 63 form vmentry <vmtarget> ; # java/lang/invoke/LambdaForm$DMH+0x00000279c58cc000
instanceKlass org/gradle/internal/component/model/AttributeMatchingExplanationBuilder
instanceKlass org/gradle/internal/component/model/AttributeConfigurationSelector
instanceKlass org/gradle/internal/component/model/AbstractComponentGraphResolveState$DefaultGraphSelectionCandidates
instanceKlass  @bci org/gradle/internal/component/model/DefaultComponentGraphResolveState$DefaultConfigurationGraphResolveState <init> (Lorg/gradle/internal/component/model/DefaultComponentGraphResolveState;JLorg/gradle/internal/component/external/model/ExternalComponentResolveMetadata;Lorg/gradle/internal/component/model/ModuleConfigurationMetadata;Ljava/util/Optional;)V 31 <appendix> member <vmtarget> ; # org/gradle/internal/component/model/DefaultComponentGraphResolveState$DefaultConfigurationGraphResolveState$$Lambda+0x00000279c58c8780
instanceKlass org/gradle/internal/component/model/DefaultComponentGraphResolveState$DefaultConfigurationArtifactResolveState
instanceKlass  @bci org/gradle/internal/component/model/DefaultComponentGraphResolveState resolveStateFor (Lorg/gradle/internal/component/model/ModuleConfigurationMetadata;)Lorg/gradle/internal/component/model/DefaultComponentGraphResolveState$DefaultConfigurationGraphResolveState; 7 <appendix> member <vmtarget> ; # org/gradle/internal/component/model/DefaultComponentGraphResolveState$$Lambda+0x00000279c58c8308
instanceKlass  @bci org/gradle/internal/component/model/DefaultComponentGraphResolveState lambda$new$1 (Ljava/util/List;)Ljava/util/List; 24 <appendix> member <vmtarget> ; # org/gradle/internal/component/model/DefaultComponentGraphResolveState$$Lambda+0x00000279c58b8400
instanceKlass  @bci org/gradle/internal/component/model/DefaultComponentGraphResolveState lambda$new$1 (Ljava/util/List;)Ljava/util/List; 13 <appendix> member <vmtarget> ; # org/gradle/internal/component/model/DefaultComponentGraphResolveState$$Lambda+0x00000279c58c7d30
instanceKlass  @bci org/gradle/internal/component/model/DefaultComponentGraphResolveState lambda$new$2 (Lorg/gradle/internal/component/model/ComponentGraphResolveMetadata;)Ljava/util/Optional; 7 <appendix> member <vmtarget> ; # org/gradle/internal/component/model/DefaultComponentGraphResolveState$$Lambda+0x00000279c58c7af0
instanceKlass org/gradle/api/internal/artifacts/ivyservice/ivyresolve/ModuleComponentGraphSpecificResolveState
instanceKlass org/gradle/internal/resolve/ResolveExceptionAnalyzer
instanceKlass org/gradle/api/internal/artifacts/ivyservice/ivyresolve/RepositoryChainModuleResolution
instanceKlass org/gradle/api/internal/artifacts/ivyservice/ivyresolve/RepositoryChainComponentMetaDataResolver$1
instanceKlass org/gradle/api/internal/artifacts/DefaultComponentSelection
instanceKlass org/gradle/api/internal/artifacts/repositories/resolver/ComponentMetadataAdapter
instanceKlass org/gradle/api/internal/artifacts/ivyservice/ivyresolve/CachedMetadataProvider
instanceKlass  @bci org/gradle/api/internal/artifacts/ivyservice/ivyresolve/CachingModuleComponentRepository$LocateInCacheRepositoryAccess resolveComponentMetaData (Lorg/gradle/api/artifacts/component/ModuleComponentIdentifier;Lorg/gradle/internal/component/model/ComponentOverrideMetadata;Lorg/gradle/internal/resolve/result/BuildableModuleComponentMetaDataResolveResult;)V 74 <appendix> member <vmtarget> ; # org/gradle/api/internal/artifacts/ivyservice/ivyresolve/CachingModuleComponentRepository$LocateInCacheRepositoryAccess$$Lambda+0x00000279c58c6938
instanceKlass  @bci org/gradle/api/internal/artifacts/ivyservice/ivyresolve/ErrorHandlingModuleComponentRepository$ErrorHandlingModuleComponentRepositoryAccess tryResolveAndMaybeBlacklist (Lorg/gradle/internal/resolve/result/ErroringResolveResult;Ljava/lang/Runnable;Lorg/gradle/api/Transformer;)V 3 <appendix> member <vmtarget> ; # org/gradle/api/internal/artifacts/ivyservice/ivyresolve/ErrorHandlingModuleComponentRepository$ErrorHandlingModuleComponentRepositoryAccess$$Lambda+0x00000279c58c6718
instanceKlass  @bci org/gradle/api/internal/artifacts/ivyservice/ivyresolve/ErrorHandlingModuleComponentRepository$ErrorHandlingModuleComponentRepositoryAccess resolveComponentMetaData (Lorg/gradle/api/artifacts/component/ModuleComponentIdentifier;Lorg/gradle/internal/component/model/ComponentOverrideMetadata;Lorg/gradle/internal/resolve/result/BuildableModuleComponentMetaDataResolveResult;)V 18 <appendix> member <vmtarget> ; # org/gradle/api/internal/artifacts/ivyservice/ivyresolve/ErrorHandlingModuleComponentRepository$ErrorHandlingModuleComponentRepositoryAccess$$Lambda+0x00000279c58c64f8
instanceKlass  @bci org/gradle/api/internal/artifacts/ivyservice/ivyresolve/ErrorHandlingModuleComponentRepository$ErrorHandlingModuleComponentRepositoryAccess resolveComponentMetaData (Lorg/gradle/api/artifacts/component/ModuleComponentIdentifier;Lorg/gradle/internal/component/model/ComponentOverrideMetadata;Lorg/gradle/internal/resolve/result/BuildableModuleComponentMetaDataResolveResult;)V 12 <appendix> member <vmtarget> ; # org/gradle/api/internal/artifacts/ivyservice/ivyresolve/ErrorHandlingModuleComponentRepository$ErrorHandlingModuleComponentRepositoryAccess$$Lambda+0x00000279c58c62d8
instanceKlass  @bci org/gradle/api/internal/artifacts/ivyservice/ivyresolve/ErrorHandlingModuleComponentRepository$ErrorHandlingModuleComponentRepositoryAccess resolveComponentMetaData (Lorg/gradle/api/artifacts/component/ModuleComponentIdentifier;Lorg/gradle/internal/component/model/ComponentOverrideMetadata;Lorg/gradle/internal/resolve/result/BuildableModuleComponentMetaDataResolveResult;)V 6 <appendix> member <vmtarget> ; # org/gradle/api/internal/artifacts/ivyservice/ivyresolve/ErrorHandlingModuleComponentRepository$ErrorHandlingModuleComponentRepositoryAccess$$Lambda+0x00000279c58c60b8
instanceKlass org/gradle/api/internal/artifacts/ivyservice/ivyresolve/ComponentMetaDataResolveState
instanceKlass org/gradle/api/internal/artifacts/ivyservice/resolutionstrategy/DefaultCachePolicy$AbstractResolutionControl
instanceKlass org/gradle/api/internal/artifacts/ivyservice/modulecache/dynamicversions/DefaultResolvedModuleVersion
instanceKlass  @bci org/gradle/api/internal/attributes/AttributeDesugaring desugar (Lorg/gradle/api/internal/attributes/ImmutableAttributes;)Lorg/gradle/api/internal/attributes/ImmutableAttributes; 17 <appendix> member <vmtarget> ; # org/gradle/api/internal/attributes/AttributeDesugaring$$Lambda+0x00000279c58c4500
instanceKlass  @bci org/gradle/internal/component/model/DefaultComponentGraphResolveState <init> (JLorg/gradle/internal/component/model/ComponentGraphResolveMetadata;Lorg/gradle/internal/component/external/model/ExternalComponentResolveMetadata;Lorg/gradle/api/internal/attributes/AttributeDesugaring;Lorg/gradle/internal/component/model/ComponentIdGenerator;)V 98 <appendix> member <vmtarget> ; # org/gradle/internal/component/model/DefaultComponentGraphResolveState$$Lambda+0x00000279c58c42c0
instanceKlass org/gradle/api/internal/artifacts/result/DefaultResolvedVariantResult
instanceKlass  @bci org/gradle/internal/component/model/DefaultComponentGraphResolveState <init> (JLorg/gradle/internal/component/model/ComponentGraphResolveMetadata;Lorg/gradle/internal/component/external/model/ExternalComponentResolveMetadata;Lorg/gradle/api/internal/attributes/AttributeDesugaring;Lorg/gradle/internal/component/model/ComponentIdGenerator;)V 85 <appendix> argL0 ; # org/gradle/internal/component/model/DefaultComponentGraphResolveState$$Lambda+0x00000279c58c3e20
instanceKlass  @bci org/gradle/internal/component/external/model/VariantMetadataRules getAttributes (Ljava/lang/String;)Lorg/gradle/api/internal/attributes/AttributeContainerInternal; 15 <appendix> member <vmtarget> ; # org/gradle/internal/component/external/model/VariantMetadataRules$$Lambda+0x00000279c58c3be0
instanceKlass  @bci org/gradle/internal/component/model/DefaultComponentGraphResolveState lambda$new$4 (Ljava/util/List;)Ljava/util/Set; 23 <appendix> argL0 ; # org/gradle/internal/component/model/DefaultComponentGraphResolveState$$Lambda+0x00000279c58c39a8
instanceKlass  @bci org/gradle/internal/component/model/DefaultComponentGraphResolveState lambda$new$4 (Ljava/util/List;)Ljava/util/Set; 13 <appendix> member <vmtarget> ; # org/gradle/internal/component/model/DefaultComponentGraphResolveState$$Lambda+0x00000279c58c3768
instanceKlass  @bci org/gradle/internal/component/model/DefaultComponentGraphResolveState <init> (JLorg/gradle/internal/component/model/ComponentGraphResolveMetadata;Lorg/gradle/internal/component/external/model/ExternalComponentResolveMetadata;Lorg/gradle/api/internal/attributes/AttributeDesugaring;Lorg/gradle/internal/component/model/ComponentIdGenerator;)V 47 <appendix> argL0 ; # org/gradle/internal/component/model/DefaultComponentGraphResolveState$$Lambda+0x00000279c58c3530
instanceKlass  @bci org/gradle/api/internal/artifacts/repositories/metadata/DefaultMavenImmutableAttributesFactory platformWithUsage (Lorg/gradle/api/internal/attributes/ImmutableAttributes;Ljava/lang/String;Z)Lorg/gradle/api/internal/attributes/ImmutableAttributes; 33 <appendix> member <vmtarget> ; # org/gradle/api/internal/artifacts/repositories/metadata/DefaultMavenImmutableAttributesFactory$$Lambda+0x00000279c58c32f0
instanceKlass  @bci org/gradle/api/internal/artifacts/repositories/metadata/DefaultMavenImmutableAttributesFactory javadocVariant (Lorg/gradle/api/internal/attributes/ImmutableAttributes;)Lorg/gradle/api/internal/attributes/ImmutableAttributes; 18 <appendix> member <vmtarget> ; # org/gradle/api/internal/artifacts/repositories/metadata/DefaultMavenImmutableAttributesFactory$$Lambda+0x00000279c58c30b0
instanceKlass org/gradle/api/attributes/DocsType$Impl
instanceKlass  @bci org/gradle/api/internal/artifacts/repositories/metadata/DefaultMavenImmutableAttributesFactory sourcesVariant (Lorg/gradle/api/internal/attributes/ImmutableAttributes;)Lorg/gradle/api/internal/attributes/ImmutableAttributes; 18 <appendix> member <vmtarget> ; # org/gradle/api/internal/artifacts/repositories/metadata/DefaultMavenImmutableAttributesFactory$$Lambda+0x00000279c58c2e70
instanceKlass  @bci org/gradle/api/internal/artifacts/repositories/metadata/DefaultMavenImmutableAttributesFactory runtimeScope (Lorg/gradle/api/internal/attributes/ImmutableAttributes;)Lorg/gradle/api/internal/attributes/ImmutableAttributes; 14 <appendix> member <vmtarget> ; # org/gradle/api/internal/artifacts/repositories/metadata/DefaultMavenImmutableAttributesFactory$$Lambda+0x00000279c58c2c30
instanceKlass org/gradle/internal/component/external/model/DefaultConfigurationMetadata$1
instanceKlass org/gradle/internal/component/external/model/DefaultConfigurationMetadata$2
instanceKlass org/gradle/internal/component/external/model/DefaultConfigurationMetadata$Builder
instanceKlass  @bci org/gradle/api/internal/artifacts/repositories/metadata/DefaultMavenImmutableAttributesFactory compileScope (Lorg/gradle/api/internal/attributes/ImmutableAttributes;)Lorg/gradle/api/internal/attributes/ImmutableAttributes; 14 <appendix> member <vmtarget> ; # org/gradle/api/internal/artifacts/repositories/metadata/DefaultMavenImmutableAttributesFactory$$Lambda+0x00000279c58c2378
instanceKlass org/gradle/internal/component/external/model/ShadowedImmutableCapability
instanceKlass org/gradle/api/internal/capabilities/ShadowedCapability
instanceKlass org/gradle/internal/component/external/model/maven/DefaultMavenModuleResolveMetadata$1
instanceKlass org/gradle/internal/component/external/model/AbstractConfigurationMetadata
instanceKlass org/gradle/api/artifacts/ArtifactIdentifier
instanceKlass org/gradle/internal/component/external/model/DefaultModuleComponentArtifactMetadata
instanceKlass org/gradle/internal/component/model/DefaultIvyArtifactName
instanceKlass  @bci org/gradle/internal/component/model/DefaultComponentGraphResolveState <init> (JLorg/gradle/internal/component/model/ComponentGraphResolveMetadata;Lorg/gradle/internal/component/external/model/ExternalComponentResolveMetadata;Lorg/gradle/api/internal/attributes/AttributeDesugaring;Lorg/gradle/internal/component/model/ComponentIdGenerator;)V 27 <appendix> member <vmtarget> ; # org/gradle/internal/component/model/DefaultComponentGraphResolveState$$Lambda+0x00000279c58b9dd8
instanceKlass org/gradle/api/internal/artifacts/ivyservice/ivyresolve/RepositoryChainModuleSource
instanceKlass org/gradle/internal/component/external/model/AbstractModuleComponentResolveMetadata
instanceKlass org/gradle/api/internal/artifacts/repositories/metadata/DefaultMetadataFileSource
instanceKlass org/gradle/api/internal/artifacts/ivyservice/ivyresolve/ModuleDescriptorHashModuleSource
instanceKlass org/gradle/api/internal/artifacts/ivyservice/ivyresolve/parser/data/PomDependencyMgt
instanceKlass org/gradle/api/internal/artifacts/ivyservice/ivyresolve/parser/GradlePomModuleDescriptorBuilder
instanceKlass org/gradle/internal/component/model/MutableModuleSources
instanceKlass org/gradle/api/capabilities/MutableCapabilitiesMetadata
instanceKlass org/gradle/internal/component/external/model/VariantMetadataRules
instanceKlass org/gradle/internal/component/external/model/maven/MavenModuleResolveMetadata
instanceKlass org/gradle/internal/component/external/model/MutableComponentVariant
instanceKlass org/gradle/internal/component/external/model/AbstractMutableModuleComponentResolveMetadata
instanceKlass org/gradle/internal/component/external/model/ExternalDependencyDescriptor
instanceKlass org/gradle/api/internal/artifacts/ivyservice/modulecache/ModuleMetadataSerializer$Reader
instanceKlass org/gradle/api/internal/artifacts/ivyservice/modulecache/StringDeduplicatingDecoder
instanceKlass  @bci org/gradle/internal/resource/local/DefaultLocallyAvailableResource <init> (Ljava/io/File;Lorg/gradle/internal/hash/ChecksumService;)V 3 <appendix> member <vmtarget> ; # org/gradle/internal/resource/local/DefaultLocallyAvailableResource$$Lambda+0x00000279c58bc720
instanceKlass org/gradle/internal/resource/local/AbstractLocallyAvailableResource
instanceKlass org/gradle/util/internal/PathTraversalChecker
instanceKlass  @bci java/util/function/Predicate negate ()Ljava/util/function/Predicate; 1 <appendix> member <vmtarget> ; # java/util/function/Predicate$$Lambda+0x00000279c58716e0
instanceKlass  @cpi java/util/function/Predicate 75 form vmentry <vmtarget> ; # java/lang/invoke/LambdaForm$DMH+0x00000279c58b8000
instanceKlass  @bci org/gradle/internal/resource/local/DefaultPathKeyFileStore getFile ([Ljava/lang/String;)Ljava/io/File; 17 <appendix> argL0 ; # org/gradle/internal/resource/local/DefaultPathKeyFileStore$$Lambda+0x00000279c58add40
instanceKlass org/gradle/api/internal/artifacts/ivyservice/resolveengine/result/ComponentIdentifierSerializer$1
instanceKlass  @bci org/gradle/api/internal/artifacts/ivyservice/WritableArtifactCacheLockingAccessCoordinator$CacheLockingIndexedCache getIfPresent (Ljava/lang/Object;)Ljava/lang/Object; 9 <appendix> member <vmtarget> ; # org/gradle/api/internal/artifacts/ivyservice/WritableArtifactCacheLockingAccessCoordinator$CacheLockingIndexedCache$$Lambda+0x00000279c58b54c0
instanceKlass  @bci org/gradle/api/internal/artifacts/ivyservice/modulecache/PersistentModuleMetadataCache get (Lorg/gradle/api/internal/artifacts/ivyservice/modulecache/ModuleComponentAtRepositoryKey;)Lorg/gradle/api/internal/artifacts/ivyservice/modulecache/ModuleMetadataCache$CachedMetadata; 12 <appendix> member <vmtarget> ; # org/gradle/api/internal/artifacts/ivyservice/modulecache/PersistentModuleMetadataCache$$Lambda+0x00000279c58b52a0
instanceKlass org/gradle/api/internal/artifacts/ivyservice/modulecache/DefaultCachedMetadata
instanceKlass org/gradle/api/internal/artifacts/ivyservice/WritableArtifactCacheLockingAccessCoordinator$CacheLockingIndexedCache
instanceKlass org/gradle/cache/internal/CompositeCleanupAction$ScopedCleanupAction
instanceKlass org/gradle/api/internal/artifacts/ivyservice/modulecache/ModuleMetadataCacheEntry
instanceKlass org/gradle/api/internal/artifacts/ivyservice/modulecache/ModuleComponentAtRepositoryKey
instanceKlass org/gradle/api/internal/artifacts/ivyservice/resolveengine/graph/conflicts/PotentialConflictFactory$NoConflict
instanceKlass org/gradle/api/internal/artifacts/ivyservice/resolveengine/graph/conflicts/PotentialConflictFactory
instanceKlass  @bci org/gradle/api/internal/artifacts/ivyservice/resolveengine/graph/conflicts/DefaultConflictHandler hasKnownConflictFor (Lorg/gradle/api/artifacts/ModuleVersionIdentifier;)Z 5 <appendix> member <vmtarget> ; # org/gradle/api/internal/artifacts/ivyservice/resolveengine/graph/conflicts/DefaultConflictHandler$$Lambda+0x00000279c58b3c30
instanceKlass org/gradle/api/internal/artifacts/ivyservice/resolveengine/graph/selectors/SelectorStateResolverResults
instanceKlass org/gradle/internal/component/local/model/DefaultProjectComponentSelector
instanceKlass org/gradle/internal/resolve/result/DefaultResourceAwareResolveResult
instanceKlass org/gradle/api/artifacts/component/ProjectComponentSelector
instanceKlass org/gradle/api/internal/artifacts/ivyservice/ivyresolve/strategy/AbstractVersionSelector
instanceKlass org/gradle/api/internal/artifacts/dependencies/DefaultResolvedVersionConstraint
instanceKlass  @bci org/gradle/api/internal/artifacts/ivyservice/resolveengine/graph/builder/ResolveState resolveVersionConstraint (Lorg/gradle/api/artifacts/VersionConstraint;)Lorg/gradle/api/internal/artifacts/ResolvedVersionConstraint; 6 <appendix> member <vmtarget> ; # org/gradle/api/internal/artifacts/ivyservice/resolveengine/graph/builder/ResolveState$$Lambda+0x00000279c58b1ec0
instanceKlass org/gradle/internal/component/model/DefaultComponentOverrideMetadata
instanceKlass org/gradle/internal/component/model/ComponentOverrideMetadata
instanceKlass org/gradle/internal/resolve/result/BuildableComponentIdResolveResult
instanceKlass org/gradle/internal/resolve/result/ComponentIdResolveResult
instanceKlass  @bci org/gradle/api/internal/artifacts/ivyservice/resolveengine/graph/builder/ResolveState getSelector (Lorg/gradle/api/internal/artifacts/ivyservice/resolveengine/graph/builder/DependencyState;Z)Lorg/gradle/api/internal/artifacts/ivyservice/resolveengine/graph/builder/SelectorState; 29 <appendix> member <vmtarget> ; # org/gradle/api/internal/artifacts/ivyservice/resolveengine/graph/builder/ResolveState$$Lambda+0x00000279c58b1440
instanceKlass org/gradle/api/internal/artifacts/ivyservice/resolveengine/graph/builder/SelectorState
instanceKlass org/gradle/api/internal/artifacts/ivyservice/resolveengine/graph/builder/ResolveState$SelectorCacheKey
instanceKlass org/gradle/api/internal/artifacts/ivyservice/resolveengine/graph/builder/LenientPlatformDependencyMetadata
instanceKlass org/gradle/api/internal/artifacts/ivyservice/resolveengine/graph/DependencyGraphSelector
instanceKlass  @bci org/gradle/api/internal/artifacts/ivyservice/resolveengine/graph/builder/NodeState createAndLinkEdgeState (Lorg/gradle/api/internal/artifacts/ivyservice/resolveengine/graph/builder/DependencyState;Ljava/util/Collection;Lorg/gradle/api/internal/artifacts/ivyservice/resolveengine/excludes/specs/ExcludeSpec;Z)V 7 <appendix> member <vmtarget> ; # org/gradle/api/internal/artifacts/ivyservice/resolveengine/graph/builder/NodeState$$Lambda+0x00000279c58b06d0
instanceKlass  @bci org/gradle/api/internal/artifacts/ivyservice/resolveengine/graph/builder/NodeState cachedDependencyStateFor (Lorg/gradle/internal/component/model/DependencyMetadata;)Lorg/gradle/api/internal/artifacts/ivyservice/resolveengine/graph/builder/DependencyState; 6 <appendix> member <vmtarget> ; # org/gradle/api/internal/artifacts/ivyservice/resolveengine/graph/builder/NodeState$$Lambda+0x00000279c58b0250
instanceKlass org/gradle/api/internal/artifacts/ivyservice/resolveengine/graph/builder/DependencyState
instanceKlass org/gradle/process/internal/health/memory/JvmMemoryStatusSnapshot
instanceKlass  @bci java/util/Comparator comparingInt (Ljava/util/function/ToIntFunction;)Ljava/util/Comparator; 6 <appendix> member <vmtarget> ; # java/util/Comparator$$Lambda+0x00000279c5871448
instanceKlass org/gradle/api/internal/artifacts/ivyservice/resolveengine/strict/StrictVersionConstraints
instanceKlass org/gradle/api/internal/artifacts/ivyservice/resolveengine/graph/builder/DefaultPendingDependenciesVisitor
instanceKlass  @bci org/gradle/workers/internal/WorkerDaemonClientsManager selectIdleClientsToStop (Lorg/gradle/api/Transformer;)V 11 <appendix> argL0 ; # org/gradle/workers/internal/WorkerDaemonClientsManager$$Lambda+0x00000279c58ac800
instanceKlass org/gradle/api/internal/attributes/AttributeValue$1
instanceKlass org/gradle/workers/internal/WorkerDaemonClient
instanceKlass org/gradle/workers/internal/WorkerDaemonExpiration$SimpleMemoryExpirationSelector
instanceKlass org/gradle/internal/component/model/DelegatingDependencyMetadata
instanceKlass org/gradle/internal/component/local/model/DslOriginDependencyMetadata
instanceKlass  @bci org/gradle/api/internal/artifacts/ivyservice/moduleconverter/dependencies/AbstractDependencyMetadataConverter convertExcludeRules (Ljava/util/Set;)Ljava/util/List; 10 <appendix> member <vmtarget> ; # org/gradle/api/internal/artifacts/ivyservice/moduleconverter/dependencies/AbstractDependencyMetadataConverter$$Lambda+0x00000279c58ae988
instanceKlass org/gradle/internal/component/external/model/DefaultModuleComponentSelector
instanceKlass  @bci org/gradle/api/internal/artifacts/ivyservice/moduleconverter/dependencies/DefaultLocalConfigurationMetadataBuilder getDefinedState (Lorg/gradle/api/internal/artifacts/configurations/ConfigurationInternal;Lorg/gradle/api/artifacts/component/ComponentIdentifier;Lorg/gradle/api/internal/artifacts/ivyservice/moduleconverter/dependencies/LocalConfigurationMetadataBuilder$DependencyCache;)Lorg/gradle/api/internal/artifacts/ivyservice/moduleconverter/dependencies/LocalConfigurationMetadataBuilder$DependencyState; 4 <appendix> member <vmtarget> ; # org/gradle/api/internal/artifacts/ivyservice/moduleconverter/dependencies/DefaultLocalConfigurationMetadataBuilder$$Lambda+0x00000279c58ae208
instanceKlass org/gradle/api/internal/artifacts/ivyservice/moduleconverter/dependencies/LocalConfigurationMetadataBuilder$DependencyState
instanceKlass  @bci org/gradle/api/internal/artifacts/ivyservice/moduleconverter/dependencies/DefaultLocalConfigurationMetadataBuilder getState (Lorg/gradle/api/internal/artifacts/configurations/ConfigurationsProvider;Lcom/google/common/collect/ImmutableSet;Lorg/gradle/api/artifacts/component/ComponentIdentifier;Lorg/gradle/api/internal/artifacts/ivyservice/moduleconverter/dependencies/LocalConfigurationMetadataBuilder$DependencyCache;)Lorg/gradle/api/internal/artifacts/ivyservice/moduleconverter/dependencies/LocalConfigurationMetadataBuilder$DependencyState; 27 <appendix> member <vmtarget> ; # org/gradle/api/internal/artifacts/ivyservice/moduleconverter/dependencies/DefaultLocalConfigurationMetadataBuilder$$Lambda+0x00000279c58abda8
instanceKlass  @cpi org/gradle/api/internal/artifacts/ivyservice/moduleconverter/dependencies/DefaultLocalConfigurationMetadataBuilder 296 form vmentry <vmtarget> ; # java/lang/invoke/LambdaForm$DMH+0x00000279c58ac000
instanceKlass org/gradle/api/internal/artifacts/ivyservice/resolveengine/graph/builder/DependencyGraphBuilder$1
instanceKlass  @bci org/gradle/internal/component/local/model/DefaultLocalComponentGraphResolveState$DefaultLocalConfigurationGraphResolveState <init> (Lorg/gradle/internal/component/local/model/DefaultLocalComponentGraphResolveState;JLorg/gradle/internal/component/local/model/LocalComponentMetadata;Lorg/gradle/internal/component/local/model/LocalConfigurationMetadata;Lorg/gradle/internal/lazy/Lazy;)V 31 <appendix> member <vmtarget> ; # org/gradle/internal/component/local/model/DefaultLocalComponentGraphResolveState$DefaultLocalConfigurationGraphResolveState$$Lambda+0x00000279c58ab958
instanceKlass org/gradle/internal/component/local/model/DefaultLocalComponentGraphResolveState$DefaultLocalConfigurationArtifactResolveState
instanceKlass org/gradle/internal/component/model/VariantArtifactResolveState
instanceKlass  @bci org/gradle/internal/lazy/Lazy atomic ()Lorg/gradle/internal/lazy/Lazy$Factory; 0 <appendix> argL0 ; # org/gradle/internal/lazy/Lazy$$Lambda+0x00000279c588fdc8
instanceKlass org/gradle/internal/lazy/AtomicLazy
instanceKlass  @bci org/gradle/internal/component/model/AbstractComponentGraphResolveState$AbstractVariantGraphResolveState <init> (Lorg/gradle/internal/component/model/AbstractComponentGraphResolveState;)V 14 <appendix> member <vmtarget> ; # org/gradle/internal/component/model/AbstractComponentGraphResolveState$AbstractVariantGraphResolveState$$Lambda+0x00000279c58ab2e8
instanceKlass  @bci org/gradle/internal/component/local/model/DefaultLocalConfigurationMetadata getLazyArtifacts (Ljava/util/List;Ljava/lang/String;Ljava/lang/String;Ljava/util/Set;Lorg/gradle/internal/model/ModelContainer;Lorg/gradle/internal/model/CalculatedValueContainerFactory;Lorg/gradle/internal/component/local/model/LocalComponentMetadata;)Lorg/gradle/internal/model/CalculatedValue; 15 <appendix> member <vmtarget> ; # org/gradle/internal/component/local/model/DefaultLocalConfigurationMetadata$$Lambda+0x00000279c58ab070
instanceKlass org/gradle/internal/component/local/model/DefaultLocalConfigurationMetadata
instanceKlass  @bci org/gradle/api/internal/artifacts/ivyservice/moduleconverter/dependencies/DefaultLocalConfigurationMetadataBuilder create (Lorg/gradle/api/internal/artifacts/configurations/ConfigurationInternal;Lorg/gradle/api/internal/artifacts/configurations/ConfigurationsProvider;Lorg/gradle/internal/component/local/model/LocalComponentMetadata;Lorg/gradle/api/internal/artifacts/ivyservice/moduleconverter/dependencies/LocalConfigurationMetadataBuilder$DependencyCache;Lorg/gradle/internal/model/ModelContainer;Lorg/gradle/internal/model/CalculatedValueContainerFactory;)Lorg/gradle/internal/component/local/model/LocalConfigurationMetadata; 113 <appendix> member <vmtarget> ; # org/gradle/api/internal/artifacts/ivyservice/moduleconverter/dependencies/DefaultLocalConfigurationMetadataBuilder$$Lambda+0x00000279c58aa928
instanceKlass org/gradle/internal/component/local/model/DefaultLocalConfigurationMetadata$ConfigurationDependencyMetadata
instanceKlass org/gradle/api/internal/artifacts/configurations/Configurations
instanceKlass  @bci org/gradle/internal/component/local/model/LocalVariantMetadata <init> (Ljava/lang/String;Lorg/gradle/internal/component/model/VariantResolveMetadata$Identifier;Lorg/gradle/api/artifacts/component/ComponentIdentifier;Lorg/gradle/internal/DisplayName;Lorg/gradle/api/internal/attributes/ImmutableAttributes;Ljava/util/Collection;Lorg/gradle/internal/component/external/model/ImmutableCapabilities;Lorg/gradle/internal/model/ModelContainer;Lorg/gradle/internal/model/CalculatedValueContainerFactory;)V 23 <appendix> member <vmtarget> ; # org/gradle/internal/component/local/model/LocalVariantMetadata$$Lambda+0x00000279c58aa2a8
instanceKlass org/gradle/internal/component/external/model/ImmutableCapabilities
instanceKlass org/gradle/api/internal/capabilities/CapabilitiesMetadataInternal
instanceKlass org/gradle/internal/component/model/DefaultVariantMetadata
instanceKlass org/gradle/api/internal/artifacts/ivyservice/moduleconverter/dependencies/DefaultLocalConfigurationMetadataBuilder$1
instanceKlass org/gradle/internal/component/model/ComponentConfigurationIdentifier
instanceKlass  @bci org/gradle/internal/component/local/model/DefaultLocalComponentGraphResolveState getConfiguration (Ljava/lang/String;)Lorg/gradle/internal/component/model/ConfigurationGraphResolveState; 7 <appendix> member <vmtarget> ; # org/gradle/internal/component/local/model/DefaultLocalComponentGraphResolveState$$Lambda+0x00000279c58a9448
instanceKlass org/gradle/internal/component/model/AbstractComponentGraphResolveState$AbstractVariantGraphResolveState
instanceKlass org/gradle/internal/component/model/ConfigurationGraphResolveState
instanceKlass org/gradle/internal/component/model/VariantGraphResolveState
instanceKlass org/gradle/api/internal/artifacts/ResolvedConfigurationIdentifier
instanceKlass org/gradle/api/internal/artifacts/ivyservice/resolveengine/graph/selectors/SelectorStateResolver
instanceKlass org/gradle/internal/component/model/ComponentGraphSpecificResolveState$1
instanceKlass org/gradle/internal/resolve/result/BuildableComponentResolveResult
instanceKlass org/gradle/internal/resolve/result/ComponentResolveResult
instanceKlass org/gradle/api/internal/artifacts/ivyservice/resolveengine/graph/builder/ComponentState
instanceKlass org/gradle/api/internal/artifacts/ivyservice/resolveengine/graph/DependencyGraphComponent
instanceKlass org/gradle/api/internal/artifacts/ivyservice/resolveengine/graph/builder/ModuleSelectors$SelectorComparator
instanceKlass org/gradle/api/internal/artifacts/ivyservice/ivyresolve/strategy/VersionParser$DefaultVersion
instanceKlass  @bci org/gradle/api/internal/artifacts/ivyservice/ivyresolve/strategy/VersionParser transform (Ljava/lang/String;)Lorg/gradle/api/internal/artifacts/ivyservice/ivyresolve/strategy/Version; 6 <appendix> member <vmtarget> ; # org/gradle/api/internal/artifacts/ivyservice/ivyresolve/strategy/VersionParser$$Lambda+0x00000279c58a6958
instanceKlass org/gradle/api/internal/artifacts/ivyservice/resolveengine/graph/builder/ModuleSelectors
instanceKlass org/gradle/api/internal/artifacts/ivyservice/resolveengine/graph/builder/PendingDependencies
instanceKlass org/gradle/api/internal/artifacts/ivyservice/resolveengine/graph/selectors/ResolvableSelectorState
instanceKlass  @bci org/gradle/api/internal/artifacts/ivyservice/resolveengine/graph/builder/ResolveState getModule (Lorg/gradle/api/artifacts/ModuleIdentifier;Z)Lorg/gradle/api/internal/artifacts/ivyservice/resolveengine/graph/builder/ModuleResolveState; 8 <appendix> member <vmtarget> ; # org/gradle/api/internal/artifacts/ivyservice/resolveengine/graph/builder/ResolveState$$Lambda+0x00000279c58a6060
instanceKlass org/gradle/api/internal/artifacts/ivyservice/resolveengine/graph/builder/ModuleResolveState
instanceKlass org/gradle/api/internal/artifacts/ivyservice/resolveengine/graph/conflicts/CandidateModule
instanceKlass org/gradle/api/internal/artifacts/ivyservice/resolveengine/graph/builder/ReplaceSelectionWithConflictResultAction
instanceKlass org/gradle/api/internal/artifacts/ivyservice/resolveengine/graph/builder/ResolveOptimizations
instanceKlass org/gradle/api/internal/artifacts/ivyservice/resolveengine/graph/builder/DeselectVersionAction
instanceKlass org/gradle/api/internal/artifacts/ivyservice/resolveengine/graph/builder/PendingDependenciesVisitor
instanceKlass org/gradle/api/internal/artifacts/ResolvedVersionConstraint
instanceKlass org/gradle/api/internal/artifacts/ivyservice/resolveengine/ComponentResolutionState
instanceKlass org/gradle/api/internal/artifacts/ivyservice/ivyresolve/StringVersioned
instanceKlass org/gradle/api/internal/artifacts/ivyservice/resolveengine/graph/builder/ResolveState
instanceKlass org/gradle/api/internal/artifacts/ivyservice/resolveengine/graph/selectors/ComponentStateFactory
instanceKlass  @bci org/gradle/api/internal/artifacts/configurations/DefaultConfiguration generateSyntheticDependencies ()Ljava/util/List; 84 <appendix> member <vmtarget> ; # org/gradle/api/internal/artifacts/configurations/DefaultConfiguration$$Lambda+0x00000279c58a45a8
instanceKlass org/gradle/api/internal/WithEstimatedSize$Estimates
instanceKlass  @bci org/gradle/internal/component/local/model/DefaultLocalComponentGraphResolveState <init> (JLorg/gradle/internal/component/local/model/LocalComponentMetadata;Lorg/gradle/api/internal/attributes/AttributeDesugaring;Lorg/gradle/internal/component/model/ComponentIdGenerator;)V 71 <appendix> member <vmtarget> ; # org/gradle/internal/component/local/model/DefaultLocalComponentGraphResolveState$$Lambda+0x00000279c58a4388
instanceKlass  @bci org/gradle/internal/component/local/model/DefaultLocalComponentGraphResolveState <init> (JLorg/gradle/internal/component/local/model/LocalComponentMetadata;Lorg/gradle/api/internal/attributes/AttributeDesugaring;Lorg/gradle/internal/component/model/ComponentIdGenerator;)V 44 <appendix> member <vmtarget> ; # org/gradle/internal/component/local/model/DefaultLocalComponentGraphResolveState$$Lambda+0x00000279c58a4168
instanceKlass  @bci org/gradle/internal/component/local/model/DefaultLocalComponentGraphResolveState <init> (JLorg/gradle/internal/component/local/model/LocalComponentMetadata;Lorg/gradle/api/internal/attributes/AttributeDesugaring;Lorg/gradle/internal/component/model/ComponentIdGenerator;)V 26 <appendix> member <vmtarget> ; # org/gradle/internal/component/local/model/DefaultLocalComponentGraphResolveState$$Lambda+0x00000279c58a3f48
instanceKlass org/gradle/internal/component/model/ComponentArtifactResolveMetadata
instanceKlass org/gradle/internal/component/model/GraphSelectionCandidates
instanceKlass org/gradle/internal/component/model/AbstractComponentGraphResolveState
instanceKlass org/gradle/internal/component/model/ComponentArtifactResolveState
instanceKlass org/gradle/internal/component/model/ImmutableModuleSources
instanceKlass org/gradle/internal/component/local/model/DefaultLocalComponentMetadata
instanceKlass  @bci org/gradle/api/internal/artifacts/ivyservice/moduleconverter/DefaultRootComponentMetadataBuilder getRootComponentMetadata (Lorg/gradle/api/internal/artifacts/Module;Lorg/gradle/api/artifacts/component/ComponentIdentifier;Lorg/gradle/api/artifacts/ModuleVersionIdentifier;Lorg/gradle/api/internal/attributes/AttributesSchemaInternal;Lorg/gradle/internal/model/ModelContainer;)Lorg/gradle/internal/component/local/model/LocalComponentMetadata; 27 <appendix> argL0 ; # org/gradle/api/internal/artifacts/ivyservice/moduleconverter/DefaultRootComponentMetadataBuilder$$Lambda+0x00000279c58a2ae8
instanceKlass org/gradle/api/internal/artifacts/ivyservice/moduleconverter/dependencies/LocalConfigurationMetadataBuilder$DependencyCache
instanceKlass org/gradle/internal/component/local/model/DefaultLocalComponentMetadata$ConfigurationsProviderMetadataFactory
instanceKlass org/gradle/api/internal/artifacts/DefaultModule
instanceKlass org/gradle/api/internal/artifacts/ivyservice/resolveengine/artifact/ResolvedArtifactsGraphVisitor
instanceKlass org/gradle/api/internal/artifacts/ivyservice/resolveengine/graph/builder/ResolutionConflictTracker
instanceKlass  @bci org/gradle/api/internal/artifacts/ivyservice/resolveengine/graph/builder/DependencyGraphBuilder <clinit> ()V 16 <appendix> argL0 ; # org/gradle/api/internal/artifacts/ivyservice/resolveengine/graph/builder/DependencyGraphBuilder$$Lambda+0x00000279c58a1fe8
instanceKlass  @bci org/gradle/api/internal/artifacts/ivyservice/resolveengine/graph/builder/DependencyGraphBuilder <clinit> ()V 8 <appendix> argL0 ; # org/gradle/api/internal/artifacts/ivyservice/resolveengine/graph/builder/DependencyGraphBuilder$$Lambda+0x00000279c58a1dd0
instanceKlass org/gradle/api/internal/artifacts/ivyservice/resolveengine/graph/builder/EdgeState
instanceKlass org/gradle/api/internal/artifacts/ivyservice/resolveengine/graph/DependencyGraphEdge
instanceKlass org/gradle/api/internal/artifacts/ivyservice/resolveengine/graph/RootGraphNode
instanceKlass org/gradle/api/internal/artifacts/ivyservice/resolveengine/graph/builder/NodeState
instanceKlass org/gradle/api/internal/artifacts/ivyservice/resolveengine/graph/builder/DependencyGraphBuilder
instanceKlass  @bci org/gradle/api/internal/artifacts/ivyservice/dependencysubstitution/DependencySubstitutionApplicator <clinit> ()V 9 <appendix> argL0 ; # org/gradle/api/internal/artifacts/ivyservice/dependencysubstitution/DependencySubstitutionApplicator$$Lambda+0x00000279c58a04d0
instanceKlass org/gradle/api/internal/artifacts/ivyservice/dependencysubstitution/DependencySubstitutionApplicator$SubstitutionResult
instanceKlass org/gradle/api/internal/artifacts/ivyservice/dependencysubstitution/NoOpSubstitution
instanceKlass org/gradle/api/internal/artifacts/ivyservice/resolveengine/graph/conflicts/RejectRemainingCandidates
instanceKlass org/gradle/api/internal/artifacts/ivyservice/resolveengine/graph/conflicts/LastCandidateCapabilityResolver
instanceKlass org/gradle/api/internal/artifacts/ivyservice/resolveengine/graph/conflicts/UserConfiguredCapabilityResolver
instanceKlass org/gradle/api/internal/artifacts/ivyservice/resolveengine/graph/conflicts/PotentialConflict
instanceKlass org/gradle/api/internal/artifacts/ivyservice/resolveengine/graph/conflicts/CapabilitiesConflictHandler$Candidate
instanceKlass org/gradle/api/internal/artifacts/ivyservice/resolveengine/graph/conflicts/DefaultCapabilitiesConflictHandler
instanceKlass org/gradle/api/internal/artifacts/ivyservice/resolveengine/graph/conflicts/ConflictContainer
instanceKlass org/gradle/api/internal/artifacts/ivyservice/resolveengine/graph/conflicts/CompositeConflictResolver
instanceKlass org/gradle/api/internal/artifacts/ivyservice/resolveengine/ConflictResolverDetails
instanceKlass org/gradle/api/internal/artifacts/ivyservice/resolveengine/graph/conflicts/DefaultConflictHandler
instanceKlass org/gradle/api/internal/artifacts/ivyservice/resolveengine/LatestModuleConflictResolver
instanceKlass org/gradle/api/internal/artifacts/ivyservice/resolveengine/ModuleConflictResolver
instanceKlass org/gradle/api/internal/artifacts/ivyservice/resolveengine/ConflictResolverFactory
instanceKlass org/gradle/api/internal/artifacts/ivyservice/clientmodule/ClientModuleResolver
instanceKlass org/gradle/internal/component/model/ComponentArtifactResolveVariantState
instanceKlass org/gradle/internal/component/model/VariantResolveMetadata$Identifier
instanceKlass org/gradle/internal/resolve/resolver/DefaultArtifactSelector
instanceKlass org/gradle/api/internal/artifacts/ivyservice/resolveengine/ComponentResolversChain$ArtifactResolverChain
instanceKlass org/gradle/api/internal/artifacts/ivyservice/ivyresolve/ErrorHandlingArtifactResolver
instanceKlass org/gradle/api/internal/artifacts/ivyservice/resolveengine/ComponentResolversChain$ComponentMetaDataResolverChain
instanceKlass org/gradle/api/internal/artifacts/ivyservice/resolveengine/ComponentResolversChain$DependencyToComponentIdResolverChain
instanceKlass org/gradle/api/internal/artifacts/ivyservice/resolveengine/VirtualComponentMetadataResolver
instanceKlass org/gradle/internal/resolve/resolver/ArtifactSelector
instanceKlass org/gradle/api/internal/artifacts/ivyservice/resolveengine/ComponentResolversChain
instanceKlass org/gradle/api/internal/artifacts/ivyservice/ivyresolve/FilteredModuleComponentRepository
instanceKlass org/gradle/api/internal/artifacts/ivyservice/ivyresolve/ErrorHandlingModuleComponentRepository$ErrorHandlingModuleComponentRepositoryAccess
instanceKlass org/gradle/api/internal/artifacts/ivyservice/ivyresolve/ErrorHandlingModuleComponentRepository
instanceKlass org/gradle/api/internal/artifacts/ivyservice/ivyresolve/BaseModuleComponentRepository
instanceKlass org/gradle/api/internal/artifacts/ivyservice/ivyresolve/CachingModuleComponentRepository$ResolveAndCacheRepositoryAccess
instanceKlass org/gradle/internal/resolve/result/BuildableModuleComponentMetaDataResolveResult
instanceKlass org/gradle/api/internal/artifacts/ivyservice/ivyresolve/CachingModuleComponentRepository$LocateInCacheRepositoryAccess
instanceKlass org/gradle/api/internal/artifacts/ivyservice/ivyresolve/CachingModuleComponentRepository
instanceKlass  @bci org/gradle/api/internal/artifacts/dsl/DefaultComponentMetadataProcessor <clinit> ()V 8 <appendix> argL0 ; # org/gradle/api/internal/artifacts/dsl/DefaultComponentMetadataProcessor$$Lambda+0x00000279c589aca8
instanceKlass org/gradle/api/internal/artifacts/dsl/WrappingComponentMetadataContext
instanceKlass org/gradle/api/artifacts/ComponentMetadataContext
instanceKlass org/gradle/api/artifacts/ComponentMetadataDetails
instanceKlass org/gradle/api/internal/artifacts/dsl/DefaultComponentMetadataProcessor
instanceKlass org/gradle/api/internal/artifacts/ivyservice/ivyresolve/ResolveIvyFactory$DefaultMetadataResolutionContext
instanceKlass org/gradle/api/internal/artifacts/repositories/resolver/ExternalResourceResolver$AbstractRepositoryAccess
instanceKlass org/gradle/api/internal/artifacts/ivyservice/ivyresolve/ModuleComponentRepositoryAccess
instanceKlass org/gradle/api/internal/artifacts/repositories/resolver/VersionLister
instanceKlass org/gradle/api/internal/artifacts/repositories/AbstractArtifactRepository$1
instanceKlass org/gradle/api/internal/artifacts/repositories/metadata/DefaultImmutableMetadataSources
instanceKlass org/gradle/api/internal/artifacts/repositories/metadata/RedirectingGradleMetadataModuleMetadataSource
instanceKlass org/gradle/api/internal/artifacts/repositories/metadata/MavenMetadataArtifactProvider
instanceKlass org/gradle/internal/component/model/ModuleDescriptorArtifactMetadata
instanceKlass org/gradle/api/internal/artifacts/ivyservice/ivyresolve/parser/DescriptorParseContext
instanceKlass org/gradle/api/internal/artifacts/repositories/metadata/GradleModuleMetadataCompatibilityConverter
instanceKlass org/gradle/api/internal/artifacts/repositories/metadata/DefaultGradleModuleMetadataSource
instanceKlass org/gradle/api/internal/artifacts/repositories/DefaultMavenArtifactRepository$MavenSnapshotDecoratingSource
instanceKlass  @bci org/gradle/api/internal/artifacts/repositories/DefaultUrlArtifactRepository createRedirectVerifier ()Lorg/gradle/internal/verifier/HttpRedirectVerifier; 18 <appendix> member <vmtarget> ; # org/gradle/api/internal/artifacts/repositories/DefaultUrlArtifactRepository$$Lambda+0x00000279c5897c30
instanceKlass  @bci org/gradle/api/internal/artifacts/repositories/DefaultUrlArtifactRepository createRedirectVerifier ()Lorg/gradle/internal/verifier/HttpRedirectVerifier; 11 <appendix> member <vmtarget> ; # org/gradle/api/internal/artifacts/repositories/DefaultUrlArtifactRepository$$Lambda+0x00000279c5897a10
instanceKlass org/gradle/api/internal/artifacts/ivyservice/ivyresolve/ResolveIvyFactory$ParentModuleLookupResolver
instanceKlass org/gradle/internal/resolve/result/BuildableArtifactFileResolveResult
instanceKlass org/gradle/internal/resolve/result/BuildableTypedResolveResult
instanceKlass org/gradle/internal/resolve/result/ErroringResolveResult
instanceKlass org/gradle/internal/resolve/result/ResolveResult
instanceKlass org/gradle/api/internal/artifacts/ivyservice/ivyresolve/RepositoryChainArtifactResolver
instanceKlass org/gradle/internal/resolve/result/ResourceAwareResolveResult
instanceKlass org/gradle/api/internal/artifacts/ivyservice/ivyresolve/RepositoryChainComponentMetaDataResolver
instanceKlass org/gradle/internal/component/model/ComponentGraphSpecificResolveState
instanceKlass org/gradle/api/internal/artifacts/ivyservice/ivyresolve/DynamicVersionResolver
instanceKlass org/gradle/api/internal/artifacts/ivyservice/ivyresolve/RepositoryChainDependencyToComponentIdResolver
instanceKlass  @bci org/gradle/api/internal/artifacts/ivyservice/ivyresolve/ComponentSelectionRulesProcessor <init> ()V 5 <appendix> argL0 ; # org/gradle/api/internal/artifacts/ivyservice/ivyresolve/ComponentSelectionRulesProcessor$$Lambda+0x00000279c5896060
instanceKlass org/gradle/api/internal/artifacts/ivyservice/ivyresolve/ComponentSelectionRulesProcessor
instanceKlass org/gradle/api/internal/artifacts/ivyservice/ivyresolve/Versioned
instanceKlass org/gradle/api/internal/artifacts/ivyservice/ivyresolve/MetadataProvider
instanceKlass org/gradle/api/internal/artifacts/ComponentSelectionInternal
instanceKlass org/gradle/api/artifacts/ComponentSelection
instanceKlass org/gradle/api/internal/artifacts/ivyservice/ivyresolve/DefaultVersionedComponentChooser
instanceKlass org/gradle/api/internal/artifacts/ivyservice/ivyresolve/VersionedComponentChooser
instanceKlass org/gradle/api/internal/artifacts/ivyservice/ivyresolve/UserResolverChain
instanceKlass org/gradle/api/internal/artifacts/ivyservice/resolveengine/graph/CompositeDependencyArtifactsVisitor
instanceKlass org/gradle/api/internal/artifacts/ivyservice/resolveengine/artifact/ValidatingArtifactsVisitor
instanceKlass org/gradle/api/internal/artifacts/ivyservice/resolveengine/graph/CompositeDependencyGraphVisitor
instanceKlass org/gradle/api/internal/artifacts/ivyservice/resolveengine/oldresult/ResolutionFailureCollector
instanceKlass org/gradle/api/internal/artifacts/ivyservice/resolveengine/artifact/VisitedFileDependencyResults
instanceKlass org/gradle/api/internal/artifacts/ivyservice/resolveengine/result/FileDependencyCollectingGraphVisitor
instanceKlass org/gradle/api/internal/artifacts/ivyservice/resolveengine/artifact/ArtifactSet
instanceKlass org/gradle/api/internal/artifacts/ivyservice/resolveengine/artifact/VisitedArtifactsResults
instanceKlass org/gradle/api/internal/artifacts/ivyservice/resolveengine/artifact/DefaultResolvedArtifactsBuilder
instanceKlass org/gradle/api/internal/artifacts/ivyservice/resolveengine/result/ComponentSelectorSerializer$OptimizingAttributeContainerSerializer
instanceKlass org/gradle/api/internal/artifacts/ivyservice/resolveengine/result/ComponentResultSerializer
instanceKlass org/gradle/api/internal/artifacts/ivyservice/resolveengine/graph/ResolvedGraphDependency
instanceKlass org/gradle/api/internal/artifacts/ivyservice/resolveengine/result/DependencyResultSerializer
instanceKlass org/gradle/api/internal/artifacts/ivyservice/resolveengine/graph/ResolvedGraphComponent
instanceKlass org/gradle/api/internal/artifacts/ivyservice/resolveengine/result/StreamingResolutionResultBuilder
instanceKlass org/gradle/api/internal/artifacts/ivyservice/resolveengine/graph/DependencyGraphNode
instanceKlass org/gradle/api/internal/artifacts/ivyservice/resolveengine/graph/ResolvedGraphVariant
instanceKlass org/gradle/api/internal/artifacts/ivyservice/resolveengine/oldresult/ResolvedConfigurationDependencyGraphVisitor
instanceKlass org/gradle/api/internal/artifacts/ivyservice/resolveengine/oldresult/ResolvedGraphResults
instanceKlass org/gradle/api/internal/artifacts/ivyservice/resolveengine/oldresult/DefaultResolvedConfigurationBuilder
instanceKlass org/gradle/api/internal/artifacts/ResolvedConfigurationIdentifierSerializer
instanceKlass org/gradle/api/artifacts/ResolvedDependency
instanceKlass org/gradle/api/internal/artifacts/ivyservice/resolveengine/oldresult/TransientConfigurationResults
instanceKlass org/gradle/api/internal/artifacts/ivyservice/resolveengine/oldresult/TransientConfigurationResultsBuilder
instanceKlass org/gradle/api/internal/artifacts/ivyservice/resolveengine/store/CachedStoreFactory$SimpleStore
instanceKlass org/gradle/api/internal/artifacts/ivyservice/resolveengine/store/CachedStoreFactory$Stats
instanceKlass org/gradle/cache/internal/Store
instanceKlass org/gradle/api/internal/artifacts/ivyservice/resolveengine/store/CachedStoreFactory
instanceKlass org/gradle/cache/internal/BinaryStore$BinaryData
instanceKlass org/gradle/api/internal/artifacts/ivyservice/resolveengine/store/DefaultBinaryStore
instanceKlass java/io/DeleteOnExitHook$1
instanceKlass java/io/DeleteOnExitHook
instanceKlass org/gradle/cache/internal/BinaryStore
instanceKlass org/gradle/api/internal/artifacts/ivyservice/resolveengine/store/ResolutionResultsStoreFactory$1
instanceKlass org/gradle/api/internal/artifacts/ivyservice/ResolvedArtifactCollectingVisitor
instanceKlass  @bci org/gradle/internal/model/CalculatedValueContainer$CalculationState attachValue (Lorg/gradle/internal/model/CalculatedValueContainer;Lorg/gradle/api/internal/tasks/NodeExecutionContext;)V 23 <appendix> member <vmtarget> ; # org/gradle/internal/model/CalculatedValueContainer$CalculationState$$Lambda+0x00000279c588e2b0
instanceKlass org/gradle/internal/model/CalculatedValueContainer$CalculationState
instanceKlass org/gradle/internal/model/CalculatedValueContainerFactory$SupplierBackedCalculator
instanceKlass org/gradle/internal/model/CalculatedValueContainer
instanceKlass org/gradle/api/internal/tasks/WorkNodeAction
instanceKlass  @bci org/gradle/api/internal/artifacts/configurations/DefaultArtifactCollection <init> (Lorg/gradle/api/internal/artifacts/configurations/ResolutionBackedFileCollection;ZLorg/gradle/api/internal/artifacts/configurations/ResolutionHost;Lorg/gradle/internal/model/CalculatedValueContainerFactory;)V 28 <appendix> member <vmtarget> ; # org/gradle/api/internal/artifacts/configurations/DefaultArtifactCollection$$Lambda+0x00000279c5890b00
instanceKlass org/gradle/api/internal/artifacts/configurations/DefaultArtifactCollection$ArtifactSetResult
instanceKlass  @bci org/gradle/plugin/use/resolve/internal/ArtifactRepositoriesPluginResolver exists (Lorg/gradle/api/artifacts/ModuleDependency;)Z 39 <appendix> argL0 ; # org/gradle/plugin/use/resolve/internal/ArtifactRepositoriesPluginResolver$$Lambda+0x00000279c58906e0
instanceKlass org/gradle/api/internal/initialization/RootScriptDomainObjectContext$CalculatedModelValueImpl
instanceKlass org/gradle/api/internal/artifacts/configurations/DetachedConfigurationsProvider
instanceKlass org/gradle/internal/locking/NoOpDependencyLockingProvider
instanceKlass  @bci org/gradle/internal/composite/DefaultBuildIncluder getIncludedBuildsForPluginResolution ()Ljava/util/Collection; 25 <appendix> member <vmtarget> ; # org/gradle/internal/composite/DefaultBuildIncluder$$Lambda+0x00000279c588d4a0
instanceKlass com/google/common/collect/LinkedHashMultimap$1
instanceKlass org/gradle/composite/internal/plugins/LocalPluginResolution
instanceKlass  @bci org/gradle/composite/internal/plugins/CompositeBuildPluginResolverContributor$CompositeBuildPluginResolver resolveFromIncludedPluginBuilds (Lorg/gradle/plugin/use/PluginId;)Lorg/gradle/plugin/use/resolve/internal/PluginResolution; 46 <appendix> member <vmtarget> ; # org/gradle/composite/internal/plugins/CompositeBuildPluginResolverContributor$CompositeBuildPluginResolver$$Lambda+0x00000279c584b898
instanceKlass  @bci org/jetbrains/kotlin/com/intellij/openapi/diagnostic/Logger <clinit> ()V 11 <appendix> argL0 ; # org/jetbrains/kotlin/com/intellij/openapi/diagnostic/Logger$$Lambda+0x00000279c588ca38
instanceKlass org/jetbrains/kotlin/com/intellij/openapi/diagnostic/Attachment
instanceKlass org/jetbrains/kotlin/com/intellij/openapi/diagnostic/Logger$DefaultFactory
instanceKlass org/jetbrains/kotlin/com/intellij/openapi/diagnostic/Logger$Factory
instanceKlass org/jetbrains/kotlin/com/intellij/openapi/diagnostic/Logger
instanceKlass org/jetbrains/kotlin/cli/jvm/compiler/KotlinCoreEnvironment$Companion
instanceKlass org/jetbrains/kotlin/cli/jvm/compiler/KotlinCoreEnvironment
instanceKlass org/jetbrains/kotlin/config/LanguageFeature$Companion
instanceKlass org/jetbrains/kotlin/config/JvmDefaultMode$Companion
instanceKlass org/jetbrains/kotlin/config/JvmAnalysisFlags$Delegates$JvmDefaultModeDisabledByDefault
instanceKlass org/jetbrains/kotlin/utils/WrappedValues$1
instanceKlass org/jetbrains/kotlin/utils/WrappedValues
instanceKlass org/jetbrains/kotlin/name/FqNamesUtilKt
instanceKlass org/jetbrains/kotlin/load/java/NullabilityAnnotationStates$Companion
instanceKlass org/jetbrains/kotlin/load/java/Jsr305Settings
instanceKlass org/jetbrains/kotlin/storage/LockBasedStorageManager$MapBasedMemoizedFunction
instanceKlass org/jetbrains/kotlin/storage/DefaultSimpleLock
instanceKlass org/jetbrains/kotlin/storage/SimpleLock$Companion
instanceKlass org/jetbrains/kotlin/storage/EmptySimpleLock
instanceKlass org/jetbrains/kotlin/storage/LockBasedStorageManager$ExceptionHandlingStrategy$1
instanceKlass org/jetbrains/kotlin/storage/LockBasedStorageManager$ExceptionHandlingStrategy
instanceKlass org/jetbrains/kotlin/storage/CacheWithNullableValues
instanceKlass org/jetbrains/kotlin/storage/CacheWithNotNullValues
instanceKlass org/jetbrains/kotlin/storage/MemoizedFunctionToNotNull
instanceKlass org/jetbrains/kotlin/storage/NotNullLazyValue
instanceKlass org/jetbrains/kotlin/storage/NullableLazyValue
instanceKlass org/jetbrains/kotlin/storage/MemoizedFunctionToNullable
instanceKlass org/jetbrains/kotlin/storage/SimpleLock
instanceKlass org/jetbrains/kotlin/storage/LockBasedStorageManager
instanceKlass org/jetbrains/kotlin/storage/StorageManager
instanceKlass org/jetbrains/kotlin/load/java/ReportLevel$Companion
instanceKlass org/jetbrains/kotlin/load/java/JavaNullabilityAnnotationsStatus$Companion
instanceKlass org/jetbrains/kotlin/load/java/JavaNullabilityAnnotationsStatus
instanceKlass org/jetbrains/kotlin/load/java/NullabilityAnnotationStatesImpl
instanceKlass org/jetbrains/kotlin/load/java/NullabilityAnnotationStates
instanceKlass org/jetbrains/kotlin/name/FqNameUnsafe$1
instanceKlass org/jetbrains/kotlin/name/Name
instanceKlass org/jetbrains/kotlin/name/FqNameUnsafe
instanceKlass org/jetbrains/kotlin/name/FqName
instanceKlass org/jetbrains/kotlin/load/java/JavaNullabilityAnnotationSettingsKt
instanceKlass org/jetbrains/kotlin/load/java/JavaTypeEnhancementState$Companion
instanceKlass org/jetbrains/kotlin/load/java/JavaTypeEnhancementState
instanceKlass org/jetbrains/kotlin/config/JvmAnalysisFlags$Delegates$JavaTypeEnhancementStateWarnByDefault
instanceKlass org/jetbrains/kotlin/config/JvmAnalysisFlags
instanceKlass org/jetbrains/kotlin/config/ExplicitApiMode$Companion
instanceKlass org/jetbrains/kotlin/config/AnalysisFlag$Delegates$ApiModeDisabledByDefault
instanceKlass org/jetbrains/kotlin/config/AnalysisFlag$Delegates$ListOfStrings
instanceKlass org/jetbrains/kotlin/config/AnalysisFlag
instanceKlass org/jetbrains/kotlin/config/AnalysisFlag$Delegate
instanceKlass org/jetbrains/kotlin/config/AnalysisFlag$Delegates$Boolean
instanceKlass org/jetbrains/kotlin/config/AnalysisFlags
instanceKlass org/jetbrains/kotlin/config/MavenComparableVersion$IntegerItem
instanceKlass org/jetbrains/kotlin/config/MavenComparableVersion$Item
instanceKlass org/jetbrains/kotlin/config/MavenComparableVersion
instanceKlass org/jetbrains/kotlin/config/ApiVersion$Companion
instanceKlass org/jetbrains/kotlin/config/ApiVersion
instanceKlass org/jetbrains/kotlin/config/LanguageVersion$Companion
instanceKlass org/jetbrains/kotlin/config/LanguageOrApiVersion
instanceKlass org/jetbrains/kotlin/utils/DescriptionAware
instanceKlass org/jetbrains/kotlin/config/LanguageVersionSettingsImpl$Companion
instanceKlass org/jetbrains/kotlin/config/LanguageVersionSettings$Companion
instanceKlass org/jetbrains/kotlin/config/LanguageVersionSettingsImpl
instanceKlass org/jetbrains/kotlin/config/LanguageVersionSettings
instanceKlass org/jetbrains/kotlin/com/intellij/openapi/diagnostic/ExceptionWithAttachments
instanceKlass org/gradle/kotlin/dsl/support/KotlinCompilerKt
instanceKlass org/gradle/initialization/ProjectsEvaluatedNotifier$NotifyProjectsEvaluatedListeners$1
instanceKlass org/gradle/initialization/NotifyProjectsEvaluatedBuildOperationType$Details
instanceKlass java/time/Ser
instanceKlass org/gradle/initialization/ProjectsEvaluatedNotifier$NotifyProjectsEvaluatedListeners
instanceKlass org/gradle/initialization/ProjectsEvaluatedNotifier$1
instanceKlass org/gradle/initialization/NotifyProjectsEvaluatedBuildOperationType$Result
instanceKlass org/gradle/initialization/ProjectsEvaluatedNotifier
instanceKlass org/gradle/internal/build/event/types/DefaultPluginApplicationResult
instanceKlass  @bci java/util/stream/SortedOps$RefSortingSink end ()V 48 <appendix> member <vmtarget> ; # java/util/stream/SortedOps$RefSortingSink$$Lambda+0x00000279c58702b8
instanceKlass  @bci java/util/stream/Collectors toCollection (Ljava/util/function/Supplier;)Ljava/util/stream/Collector; 10 <appendix> argL0 ; # java/util/stream/Collectors$$Lambda+0x00000279c575fa00
instanceKlass  @bci java/util/stream/Collectors toCollection (Ljava/util/function/Supplier;)Ljava/util/stream/Collector; 5 <appendix> argL0 ; # java/util/stream/Collectors$$Lambda+0x00000279c575f7d8
instanceKlass  @bci org/gradle/tooling/internal/provider/runner/ProjectConfigurationTracker$ProjectConfigurationResult toInternalPluginApplicationResults ()Ljava/util/List; 37 <appendix> argL0 ; # org/gradle/tooling/internal/provider/runner/ProjectConfigurationTracker$ProjectConfigurationResult$$Lambda+0x00000279c584b680
instanceKlass  @bci org/gradle/tooling/internal/provider/runner/ProjectConfigurationTracker$ProjectConfigurationResult toInternalPluginApplicationResults ()Ljava/util/List; 27 <appendix> argL0 ; # org/gradle/tooling/internal/provider/runner/ProjectConfigurationTracker$ProjectConfigurationResult$$Lambda+0x00000279c584b448
instanceKlass java/util/stream/SortedOps
instanceKlass  @bci org/gradle/tooling/internal/provider/runner/ProjectConfigurationTracker$ProjectConfigurationResult toInternalPluginApplicationResults ()Ljava/util/List; 14 <appendix> argL0 ; # org/gradle/tooling/internal/provider/runner/ProjectConfigurationTracker$ProjectConfigurationResult$$Lambda+0x00000279c584b210
instanceKlass  @cpi org/gradle/tooling/internal/provider/runner/ProjectConfigurationTracker$ProjectConfigurationResult 83 form vmentry <vmtarget> ; # java/lang/invoke/LambdaForm$DMH+0x00000279c5861c00
instanceKlass org/gradle/configuration/project/ConfigureProjectBuildOperationType$1
instanceKlass org/gradle/configuration/project/ConfigureProjectBuildOperationType$Result
instanceKlass org/gradle/configuration/project/ConfigureProjectBuildOperationType
instanceKlass org/gradle/configuration/project/NotifyProjectAfterEvaluatedBuildOperationType$1
instanceKlass org/gradle/configuration/project/NotifyProjectAfterEvaluatedBuildOperationType$Result
instanceKlass org/gradle/configuration/project/NotifyProjectAfterEvaluatedBuildOperationType
instanceKlass  @bci org/gradle/plugin/devel/plugins/JavaGradlePluginPlugin$TestKitAndPluginClasspathDependenciesAction execute (Lorg/gradle/api/Project;)V 47 <appendix> member <vmtarget> ; # org/gradle/plugin/devel/plugins/JavaGradlePluginPlugin$TestKitAndPluginClasspathDependenciesAction$$Lambda+0x00000279c584ad98
instanceKlass  @bci org/gradle/normalization/internal/DefaultInputNormalizationHandler_Decorated $gradleInit ()V 1 <appendix> member <vmtarget> ; # org/gradle/normalization/internal/DefaultInputNormalizationHandler_Decorated$$Lambda+0x00000279c58668f0
instanceKlass org/gradle/normalization/internal/InputNormalizationHandlerInternal$CachedState
instanceKlass org/gradle/normalization/internal/DefaultInputNormalizationHandler
instanceKlass  @bci org/gradle/normalization/internal/DefaultRuntimeClasspathNormalization_Decorated $gradleInit ()V 1 <appendix> member <vmtarget> ; # org/gradle/normalization/internal/DefaultRuntimeClasspathNormalization_Decorated$$Lambda+0x00000279c5865e40
instanceKlass  @bci org/gradle/normalization/internal/DefaultRuntimeClasspathNormalization$DefaultPropertiesFileFilter <init> ()V 21 <appendix> argL0 ; # org/gradle/normalization/internal/DefaultRuntimeClasspathNormalization$DefaultPropertiesFileFilter$$Lambda+0x00000279c5865c08
instanceKlass  @bci org/gradle/normalization/internal/DefaultRuntimeClasspathNormalization <init> ()V 32 <appendix> argL0 ; # org/gradle/normalization/internal/DefaultRuntimeClasspathNormalization$$Lambda+0x00000279c58659d0
instanceKlass org/gradle/api/internal/changedetection/state/IgnoringResourceEntryFilter
instanceKlass  @bci org/gradle/normalization/internal/DefaultRuntimeClasspathNormalization$EvaluatableFilter <init> (Ljava/util/function/Function;Ljava/lang/Object;)V 15 <appendix> member <vmtarget> ; # org/gradle/normalization/internal/DefaultRuntimeClasspathNormalization$EvaluatableFilter$$Lambda+0x00000279c5865568
instanceKlass  @bci org/gradle/normalization/internal/DefaultRuntimeClasspathNormalization <init> ()V 17 <appendix> argL0 ; # org/gradle/normalization/internal/DefaultRuntimeClasspathNormalization$$Lambda+0x00000279c5865330
instanceKlass org/gradle/api/internal/changedetection/state/IgnoringResourceFilter
instanceKlass org/gradle/normalization/internal/DefaultRuntimeClasspathNormalization$RuntimeMetaInfNormalization
instanceKlass org/gradle/normalization/PropertiesFileNormalization
instanceKlass org/gradle/normalization/internal/DefaultRuntimeClasspathNormalization$EvaluatableFilter
instanceKlass org/gradle/normalization/internal/DefaultRuntimeClasspathNormalization$DefaultPropertiesFileFilter
instanceKlass org/gradle/normalization/internal/RuntimeClasspathNormalizationInternal$CachedState
instanceKlass org/gradle/normalization/MetaInfNormalization
instanceKlass org/gradle/normalization/internal/DefaultRuntimeClasspathNormalization
instanceKlass org/codehaus/groovy/reflection/CachedClass$CachedMethodComparatorByName
instanceKlass groovy/transform/Generated
instanceKlass GradleAnnotationProcessorPatchPlugin$AnnotationProcessorModelBuilder
instanceKlass GradleAnnotationProcessorPatchPlugin
instanceKlass  @bci org/gradle/configuration/internal/DefaultListenerBuildOperationDecorator$BuildOperationEmittingClosure$1 run (Lorg/gradle/internal/operations/BuildOperationContext;)V 13 <appendix> member <vmtarget> ; # org/gradle/configuration/internal/DefaultListenerBuildOperationDecorator$BuildOperationEmittingClosure$1$$Lambda+0x00000279c585f2c0
instanceKlass java/util/AbstractList$SubList$1
# instanceKlass java/lang/invoke/LambdaForm$DMH+0x00000279c5861800
instanceKlass org/gradle/configuration/project/LifecycleProjectEvaluator$NotifyAfterEvaluate$1
instanceKlass org/gradle/configuration/project/LifecycleProjectEvaluator$NotifyProjectAfterEvaluatedDetails
instanceKlass org/gradle/configuration/project/NotifyProjectAfterEvaluatedBuildOperationType$Details
instanceKlass org/gradle/configuration/project/LifecycleProjectEvaluator$NotifyAfterEvaluate
instanceKlass org/gradle/configuration/project/DefaultProjectConfigurationActionContainer
instanceKlass org/gradle/api/internal/artifacts/dsl/dependencies/ModuleFactoryHelper
instanceKlass  @bci org/gradle/api/internal/artifacts/dependencies/DefaultExternalModuleDependency_Decorated $gradleInit ()V 1 <appendix> member <vmtarget> ; # org/gradle/api/internal/artifacts/dependencies/DefaultExternalModuleDependency_Decorated$$Lambda+0x00000279c584a978
instanceKlass org/gradle/api/internal/artifacts/DefaultExcludeRuleContainer
instanceKlass org/gradle/api/artifacts/ExcludeRuleContainer
instanceKlass org/gradle/api/internal/artifacts/dependencies/DefaultDependencyArtifact
instanceKlass org/gradle/api/internal/artifacts/dependencies/ModuleDependencyCapabilitiesInternal
instanceKlass org/gradle/kotlin/dsl/CompileOnlyConfigurationAccessorsKt
instanceKlass org/gradle/kotlin/dsl/DependencyHandlerScope$Companion
instanceKlass org/gradle/kotlin/dsl/support/delegates/DependencyHandlerDelegate
instanceKlass org/gradle/kotlin/dsl/ProjectExtensionsKt
instanceKlass Build_gradle$1$1$2
instanceKlass org/gradle/api/internal/artifacts/ivyservice/projectmodule/DefaultProjectPublicationRegistry$ReferenceImpl
instanceKlass org/gradle/api/internal/artifacts/ivyservice/projectmodule/ProjectPublicationRegistry$Reference
instanceKlass  @bci org/gradle/plugin/devel/PluginDeclaration$Inject $gradleInit ()V 1 <appendix> member <vmtarget> ; # org/gradle/plugin/devel/PluginDeclaration$Inject$$Lambda+0x00000279c58499c8
instanceKlass Build_gradle$1$1$1
instanceKlass Build_gradle$1$1
instanceKlass org/gradle/kotlin/dsl/Accessorse8w47d3slt021lb0cbtcdsmobKt
instanceKlass Build_gradle$1
instanceKlass org/gradle/kotlin/dsl/support/ProjectScriptHost
instanceKlass org/gradle/kotlin/dsl/support/DefaultKotlinScriptKt
instanceKlass java/lang/foreign/MemorySegment
instanceKlass org/gradle/internal/execution/history/impl/SerializableFileCollectionFingerprint
instanceKlass org/gradle/internal/execution/history/impl/FingerprintMapSerializer$1
instanceKlass org/gradle/kotlin/dsl/accessors/GenerateProjectAccessors$identify$1
instanceKlass org/gradle/kotlin/dsl/accessors/GenerateProjectAccessors$visitIdentityInputs$2
instanceKlass org/gradle/internal/execution/UnitOfWork$InputFileValueSupplier
instanceKlass org/gradle/kotlin/dsl/accessors/GenerateProjectAccessors$visitIdentityInputs$1
instanceKlass org/gradle/kotlin/dsl/accessors/GenerateProjectAccessors$Companion
instanceKlass org/gradle/kotlin/dsl/accessors/GenerateProjectAccessors
instanceKlass org/gradle/model/internal/type/GenericArrayTypeWrapper
instanceKlass org/gradle/kotlin/dsl/accessors/KotlinTypeStringsKt
instanceKlass org/gradle/kotlin/dsl/accessors/SchemaType$Companion
instanceKlass org/gradle/kotlin/dsl/accessors/SchemaType
instanceKlass org/gradle/kotlin/dsl/accessors/ConfigurationEntry
instanceKlass org/gradle/kotlin/dsl/accessors/ProjectSchema
instanceKlass org/gradle/kotlin/dsl/provider/plugins/TargetTypedSchema
instanceKlass  @bci org/gradle/api/internal/tasks/DefaultGroovySourceDirectorySet_Decorated getConventionWhileDisabledDeprecationLogger ()Lorg/gradle/api/plugins/Convention; 1 <appendix> member <vmtarget> ; # org/gradle/api/internal/tasks/DefaultGroovySourceDirectorySet_Decorated$$Lambda+0x00000279c5848ee0
instanceKlass  @bci org/gradle/api/internal/artifacts/dsl/DefaultRepositoryHandler_Decorated getConventionWhileDisabledDeprecationLogger ()Lorg/gradle/api/plugins/Convention; 1 <appendix> member <vmtarget> ; # org/gradle/api/internal/artifacts/dsl/DefaultRepositoryHandler_Decorated$$Lambda+0x00000279c5848cc0
instanceKlass  @bci org/gradle/api/internal/artifacts/dsl/dependencies/DefaultDependencyHandler_Decorated getConventionWhileDisabledDeprecationLogger ()Lorg/gradle/api/plugins/Convention; 1 <appendix> member <vmtarget> ; # org/gradle/api/internal/artifacts/dsl/dependencies/DefaultDependencyHandler_Decorated$$Lambda+0x00000279c5848aa0
instanceKlass kotlin/reflect/jvm/internal/impl/serialization/deserialization/descriptors/DeserializedAnnotations
instanceKlass kotlin/reflect/jvm/internal/impl/serialization/deserialization/ProtoContainer
instanceKlass kotlin/reflect/jvm/internal/impl/metadata/deserialization/VersionSpecificBehaviorKt
instanceKlass kotlin/reflect/jvm/internal/impl/serialization/deserialization/ProtoEnumFlagsUtilsKt$WhenMappings
instanceKlass kotlin/reflect/jvm/internal/impl/serialization/deserialization/ProtoEnumFlagsUtilsKt
instanceKlass kotlin/reflect/jvm/internal/impl/serialization/deserialization/ProtoEnumFlags$WhenMappings
instanceKlass kotlin/reflect/jvm/internal/impl/metadata/ProtoBuf$MemberKind$1
instanceKlass kotlin/reflect/jvm/internal/impl/metadata/ProtoBuf$Class$Kind$1
instanceKlass kotlin/reflect/jvm/internal/impl/metadata/ProtoBuf$Modality$1
instanceKlass kotlin/reflect/jvm/internal/impl/metadata/ProtoBuf$Visibility$1
instanceKlass kotlin/reflect/jvm/internal/impl/metadata/deserialization/Flags$FlagField
instanceKlass kotlin/reflect/jvm/internal/impl/metadata/deserialization/Flags
instanceKlass kotlin/reflect/jvm/internal/impl/serialization/deserialization/ProtoEnumFlags
instanceKlass kotlin/reflect/jvm/internal/impl/metadata/jvm/deserialization/JvmNameResolverBase$WhenMappings
instanceKlass kotlin/reflect/jvm/internal/impl/serialization/deserialization/NameResolverUtilKt
instanceKlass kotlin/reflect/jvm/internal/impl/descriptors/DeserializedDescriptor
instanceKlass kotlin/reflect/jvm/internal/impl/serialization/deserialization/MemberDeserializer
instanceKlass kotlin/reflect/jvm/internal/impl/serialization/deserialization/TypeDeserializer
instanceKlass kotlin/reflect/jvm/internal/impl/serialization/deserialization/DeserializationContext
instanceKlass kotlin/reflect/jvm/internal/impl/metadata/deserialization/VersionRequirementTable$Companion
instanceKlass kotlin/reflect/jvm/internal/impl/metadata/deserialization/VersionRequirementTable
instanceKlass kotlin/reflect/jvm/internal/impl/metadata/deserialization/TypeTable
instanceKlass kotlin/reflect/jvm/internal/impl/serialization/deserialization/ClassDeserializer$ClassKey
instanceKlass kotlin/reflect/jvm/internal/impl/serialization/deserialization/ClassData
instanceKlass kotlin/reflect/jvm/internal/impl/load/kotlin/KotlinJvmBinarySourceElement
instanceKlass kotlin/reflect/jvm/internal/impl/serialization/deserialization/descriptors/DeserializedContainerSource
instanceKlass kotlin/reflect/jvm/internal/impl/metadata/ProtoBuf$Type$Argument$Projection$1
instanceKlass kotlin/reflect/jvm/internal/impl/metadata/ProtoBuf$Type$ArgumentOrBuilder
instanceKlass kotlin/reflect/jvm/internal/impl/protobuf/SmallSortedMap$Entry
instanceKlass kotlin/reflect/jvm/internal/impl/protobuf/FieldSet$1
instanceKlass kotlin/reflect/jvm/internal/impl/protobuf/AbstractMessageLite$Builder
instanceKlass kotlin/reflect/jvm/internal/impl/protobuf/GeneratedMessageLite$1
instanceKlass kotlin/reflect/jvm/internal/impl/metadata/jvm/deserialization/JvmNameResolverKt
instanceKlass kotlin/reflect/jvm/internal/impl/metadata/jvm/JvmProtoBuf$StringTableTypes$Record$Operation$1
instanceKlass kotlin/reflect/jvm/internal/impl/metadata/jvm/JvmProtoBuf$StringTableTypes$RecordOrBuilder
instanceKlass kotlin/reflect/jvm/internal/impl/protobuf/WireFormat
instanceKlass kotlin/reflect/jvm/internal/impl/protobuf/CodedOutputStream
instanceKlass kotlin/reflect/jvm/internal/impl/protobuf/CodedInputStream
instanceKlass kotlin/reflect/jvm/internal/impl/metadata/jvm/JvmProtoBuf$StringTableTypesOrBuilder
instanceKlass kotlin/collections/IndexedValue
instanceKlass kotlin/collections/IndexingIterator
instanceKlass kotlin/collections/IndexingIterable
instanceKlass kotlin/reflect/jvm/internal/impl/metadata/jvm/deserialization/JvmNameResolverBase$Companion
instanceKlass kotlin/reflect/jvm/internal/impl/metadata/jvm/deserialization/JvmNameResolverBase
instanceKlass kotlin/reflect/jvm/internal/impl/metadata/deserialization/NameResolver
instanceKlass kotlin/reflect/jvm/internal/impl/metadata/jvm/deserialization/UtfEncodingKt
instanceKlass kotlin/reflect/jvm/internal/impl/metadata/jvm/deserialization/BitEncoding
instanceKlass kotlin/reflect/jvm/internal/impl/load/kotlin/KotlinClassFinder$Result
instanceKlass kotlin/reflect/jvm/internal/impl/load/kotlin/header/KotlinClassHeader
instanceKlass kotlin/reflect/jvm/internal/impl/load/kotlin/header/ReadKotlinClassHeaderAnnotationVisitor$CollectStringArrayAnnotationVisitor
instanceKlass kotlin/reflect/jvm/internal/impl/descriptors/runtime/components/ReflectKotlinClassKt
instanceKlass kotlin/reflect/jvm/internal/impl/load/kotlin/KotlinJvmBinaryClass$AnnotationArrayArgumentVisitor
instanceKlass kotlin/reflect/jvm/internal/impl/load/kotlin/header/ReadKotlinClassHeaderAnnotationVisitor$KotlinMetadataArgumentVisitor
instanceKlass org/gradle/api/internal/tasks/DefaultTaskCollection$1$2$1
instanceKlass com/google/common/collect/Iterators$ConcatenatedIterator
instanceKlass org/gradle/api/internal/tasks/DefaultTaskCollection$1$2
instanceKlass org/gradle/api/internal/tasks/DefaultTaskCollection$1$1
instanceKlass org/gradle/api/internal/tasks/DefaultTaskCollection$1
instanceKlass org/gradle/kotlin/dsl/provider/plugins/DefaultProjectSchemaProviderKt$targetSchemaFor$collectSchemaOf$2$plugin$1
instanceKlass org/gradle/kotlin/dsl/provider/plugins/DefaultProjectSchemaProviderKt$accessibleConventionsSchema$1
instanceKlass org/gradle/kotlin/dsl/provider/plugins/DefaultProjectSchemaProviderKt$targetSchemaFor$collectSchemaOf$plugins$1
instanceKlass  @bci org/gradle/api/tasks/GroovyRuntime_Decorated getConventionWhileDisabledDeprecationLogger ()Lorg/gradle/api/plugins/Convention; 1 <appendix> member <vmtarget> ; # org/gradle/api/tasks/GroovyRuntime_Decorated$$Lambda+0x00000279c5848220
instanceKlass  @bci org/gradle/plugin/devel/GradlePluginDevelopmentExtension_Decorated getConventionWhileDisabledDeprecationLogger ()Lorg/gradle/api/plugins/Convention; 1 <appendix> member <vmtarget> ; # org/gradle/plugin/devel/GradlePluginDevelopmentExtension_Decorated$$Lambda+0x00000279c5848000
instanceKlass  @bci org/gradle/testing/base/internal/DefaultTestingExtension_Decorated getConventionWhileDisabledDeprecationLogger ()Lorg/gradle/api/plugins/Convention; 1 <appendix> member <vmtarget> ; # org/gradle/testing/base/internal/DefaultTestingExtension_Decorated$$Lambda+0x00000279c57d7c78
instanceKlass  @bci org/gradle/api/plugins/internal/DefaultJavaPluginExtension_Decorated getConventionWhileDisabledDeprecationLogger ()Lorg/gradle/api/plugins/Convention; 1 <appendix> member <vmtarget> ; # org/gradle/api/plugins/internal/DefaultJavaPluginExtension_Decorated$$Lambda+0x00000279c57d7a58
instanceKlass  @bci org/gradle/jvm/toolchain/internal/DefaultJavaToolchainService_Decorated getConventionWhileDisabledDeprecationLogger ()Lorg/gradle/api/plugins/Convention; 1 <appendix> member <vmtarget> ; # org/gradle/jvm/toolchain/internal/DefaultJavaToolchainService_Decorated$$Lambda+0x00000279c57d7838
instanceKlass  @bci org/gradle/api/reporting/ReportingExtension_Decorated getConventionWhileDisabledDeprecationLogger ()Lorg/gradle/api/plugins/Convention; 1 <appendix> member <vmtarget> ; # org/gradle/api/reporting/ReportingExtension_Decorated$$Lambda+0x00000279c57d7618
instanceKlass org/gradle/api/internal/DefaultNamedDomainObjectCollection$1$1$1
instanceKlass org/gradle/api/internal/DefaultNamedDomainObjectCollection$1$1
instanceKlass org/gradle/api/internal/DefaultNamedDomainObjectCollection$1
instanceKlass  @bci org/gradle/api/internal/tasks/DefaultSourceSetContainer_Decorated getConventionWhileDisabledDeprecationLogger ()Lorg/gradle/api/plugins/Convention; 1 <appendix> member <vmtarget> ; # org/gradle/api/internal/tasks/DefaultSourceSetContainer_Decorated$$Lambda+0x00000279c57d73f8
instanceKlass  @bci org/gradle/api/internal/plugins/DefaultArtifactPublicationSet_Decorated getConventionWhileDisabledDeprecationLogger ()Lorg/gradle/api/plugins/Convention; 1 <appendix> member <vmtarget> ; # org/gradle/api/internal/plugins/DefaultArtifactPublicationSet_Decorated$$Lambda+0x00000279c57d71d8
instanceKlass  @bci org/gradle/api/plugins/internal/DefaultBasePluginExtension_Decorated getConventionWhileDisabledDeprecationLogger ()Lorg/gradle/api/plugins/Convention; 1 <appendix> member <vmtarget> ; # org/gradle/api/plugins/internal/DefaultBasePluginExtension_Decorated$$Lambda+0x00000279c57d3d90
instanceKlass org/gradle/kotlin/dsl/accessors/ProjectSchemaEntry
instanceKlass java/lang/Override
instanceKlass kotlin/reflect/jvm/internal/impl/resolve/jvm/JvmClassName
instanceKlass kotlin/reflect/jvm/internal/impl/load/java/JvmAnnotationNames
instanceKlass kotlin/reflect/jvm/internal/impl/descriptors/runtime/components/ReflectAnnotationSource
instanceKlass kotlin/reflect/jvm/internal/UtilKt
instanceKlass kotlin/reflect/jvm/internal/impl/load/java/JavaDescriptorVisibilities
instanceKlass kotlin/reflect/jvm/internal/impl/load/java/UtilsKt
instanceKlass java/util/ArrayList$SubList$1
instanceKlass kotlin/reflect/jvm/internal/impl/descriptors/ScopesHolderForClass$Companion
instanceKlass kotlin/reflect/jvm/internal/impl/descriptors/ScopesHolderForClass
instanceKlass kotlin/reflect/jvm/internal/impl/descriptors/runtime/structure/Java16SealedRecordLoader$Cache
instanceKlass kotlin/reflect/jvm/internal/impl/descriptors/runtime/structure/Java16SealedRecordLoader
instanceKlass kotlin/reflect/jvm/internal/impl/load/java/lazy/LazyJavaTypeParameterResolver
instanceKlass kotlin/reflect/jvm/internal/impl/descriptors/runtime/components/RuntimeSourceElementFactory$RuntimeSourceElement
instanceKlass kotlin/reflect/jvm/internal/impl/load/java/sources/JavaSourceElement
instanceKlass kotlin/reflect/jvm/internal/impl/load/java/lazy/descriptors/LazyJavaClassDescriptor$Companion
instanceKlass kotlin/reflect/jvm/internal/impl/load/java/descriptors/JavaClassDescriptor
instanceKlass kotlin/reflect/jvm/internal/impl/load/java/structure/JavaClass
instanceKlass kotlin/reflect/jvm/internal/impl/load/java/structure/JavaTypeParameterListOwner
instanceKlass kotlin/reflect/jvm/internal/impl/load/java/structure/JavaClassifier
instanceKlass kotlin/reflect/jvm/internal/impl/load/java/structure/JavaNamedElement
instanceKlass kotlin/reflect/jvm/internal/impl/descriptors/runtime/structure/ReflectJavaModifierListOwner
instanceKlass kotlin/reflect/jvm/internal/impl/load/java/structure/JavaModifierListOwner
instanceKlass kotlin/reflect/jvm/internal/impl/descriptors/runtime/structure/ReflectJavaAnnotationOwner
instanceKlass kotlin/reflect/jvm/internal/impl/load/java/JavaClassFinder$Request
instanceKlass kotlin/reflect/jvm/internal/impl/load/java/lazy/descriptors/LazyJavaPackageScope$KotlinClassLookupResult
instanceKlass kotlin/reflect/jvm/internal/impl/descriptors/runtime/components/ReflectClassStructure
instanceKlass kotlin/reflect/jvm/internal/impl/load/kotlin/KotlinJvmBinaryClass$AnnotationArgumentVisitor
instanceKlass kotlin/reflect/jvm/internal/impl/load/kotlin/header/ReadKotlinClassHeaderAnnotationVisitor
instanceKlass kotlin/reflect/jvm/internal/impl/load/kotlin/KotlinJvmBinaryClass$AnnotationVisitor
instanceKlass kotlin/reflect/jvm/internal/impl/descriptors/runtime/components/ReflectKotlinClass$Factory
instanceKlass kotlin/reflect/jvm/internal/impl/descriptors/runtime/components/ReflectKotlinClass
instanceKlass kotlin/reflect/jvm/internal/impl/load/kotlin/KotlinJvmBinaryClass
instanceKlass kotlin/reflect/jvm/internal/impl/descriptors/runtime/components/ReflectJavaClassFinderKt
instanceKlass kotlin/reflect/jvm/internal/impl/descriptors/runtime/components/ReflectKotlinClassFinderKt
instanceKlass kotlin/reflect/jvm/internal/impl/load/java/lazy/descriptors/LazyJavaPackageScope$FindClassRequest
instanceKlass kotlin/reflect/jvm/internal/impl/incremental/UtilsKt
instanceKlass kotlin/reflect/jvm/internal/impl/resolve/scopes/ChainedMemberScope$Companion
instanceKlass kotlin/reflect/jvm/internal/impl/resolve/scopes/ChainedMemberScope
instanceKlass kotlin/reflect/jvm/internal/impl/load/java/lazy/LazyJavaAnnotations
instanceKlass kotlin/reflect/jvm/internal/impl/load/java/lazy/LazyJavaAnnotationsKt
instanceKlass kotlin/reflect/jvm/internal/impl/load/java/lazy/descriptors/JvmPackageScope
instanceKlass kotlin/reflect/jvm/internal/impl/utils/DeserializationHelpersKt
instanceKlass kotlin/reflect/jvm/internal/impl/load/java/lazy/ContextKt
instanceKlass kotlin/reflect/jvm/internal/impl/storage/LockBasedStorageManager$KeyWithComputation
instanceKlass kotlin/reflect/jvm/internal/impl/descriptors/runtime/structure/ReflectJavaElement
instanceKlass kotlin/reflect/jvm/internal/impl/load/java/structure/JavaPackage
instanceKlass kotlin/reflect/jvm/internal/impl/load/java/structure/JavaAnnotationOwner
instanceKlass kotlin/reflect/jvm/internal/impl/load/java/structure/JavaElement
instanceKlass kotlin/reflect/jvm/internal/impl/load/java/JavaClassFinder$$Util
instanceKlass kotlin/reflect/jvm/internal/impl/descriptors/PackageFragmentProviderKt
instanceKlass kotlin/reflect/jvm/internal/impl/resolve/scopes/AbstractScopeAdapter
instanceKlass kotlin/reflect/jvm/internal/impl/resolve/ResolutionAnchorProviderKt
instanceKlass kotlin/reflect/jvm/internal/impl/descriptors/FindClassInModuleKt
instanceKlass kotlin/reflect/jvm/internal/impl/descriptors/runtime/components/PackagePartScopeCache
instanceKlass kotlin/reflect/jvm/internal/impl/load/kotlin/DeserializationComponentsForJava$Companion$ModuleData
instanceKlass kotlin/reflect/jvm/internal/impl/descriptors/impl/CompositePackageFragmentProvider
instanceKlass kotlin/reflect/jvm/internal/impl/descriptors/impl/ModuleDependenciesImpl
instanceKlass kotlin/reflect/jvm/internal/impl/descriptors/impl/ModuleDependencies
instanceKlass kotlin/reflect/jvm/internal/impl/builtins/jvm/JvmBuiltInClassDescriptorFactory$Companion
instanceKlass kotlin/reflect/jvm/internal/impl/builtins/jvm/JvmBuiltInClassDescriptorFactory
instanceKlass kotlin/reflect/jvm/internal/impl/builtins/functions/BuiltInFictitiousFunctionClassFactory
instanceKlass kotlin/reflect/jvm/internal/impl/descriptors/deserialization/ClassDescriptorFactory
instanceKlass kotlin/reflect/jvm/internal/impl/serialization/deserialization/FlexibleTypeDeserializer$ThrowException
instanceKlass kotlin/reflect/jvm/internal/impl/serialization/deserialization/ErrorReporter$1
instanceKlass kotlin/reflect/jvm/internal/impl/metadata/ProtoBuf$EnumEntryOrBuilder
instanceKlass kotlin/reflect/jvm/internal/impl/metadata/ProtoBuf$Annotation$Argument$Value$Type$1
instanceKlass kotlin/reflect/jvm/internal/impl/metadata/ProtoBuf$Annotation$Argument$ValueOrBuilder
instanceKlass kotlin/reflect/jvm/internal/impl/metadata/builtins/BuiltInsProtoBuf
instanceKlass kotlin/reflect/jvm/internal/impl/serialization/SerializerExtensionProtocol
instanceKlass kotlin/reflect/jvm/internal/impl/serialization/deserialization/AnnotationAndConstantLoaderImpl
instanceKlass kotlin/reflect/jvm/internal/impl/serialization/deserialization/DeserializedClassDataFinder
instanceKlass kotlin/reflect/jvm/internal/impl/builtins/jvm/JvmBuiltInsPackageFragmentProvider$Companion
instanceKlass kotlin/reflect/jvm/internal/impl/serialization/deserialization/AbstractDeserializedPackageFragmentProvider
instanceKlass kotlin/reflect/jvm/internal/impl/resolve/jvm/JavaDescriptorResolver
instanceKlass kotlin/reflect/jvm/internal/impl/serialization/deserialization/ClassDeserializer$Companion
instanceKlass kotlin/reflect/jvm/internal/impl/serialization/deserialization/ClassDeserializer
instanceKlass kotlin/reflect/jvm/internal/impl/descriptors/deserialization/PlatformDependentTypeTransformer$None
instanceKlass kotlin/reflect/jvm/internal/impl/descriptors/deserialization/PlatformDependentTypeTransformer
instanceKlass kotlin/reflect/jvm/internal/impl/serialization/deserialization/JvmEnumEntriesDeserializationSupport
instanceKlass kotlin/reflect/jvm/internal/impl/serialization/deserialization/EnumEntriesDeserializationSupport
instanceKlass kotlin/reflect/jvm/internal/impl/protobuf/ExtensionRegistryLite$ObjectIntPair
instanceKlass kotlin/reflect/jvm/internal/impl/metadata/ProtoBuf$PackageOrBuilder
instanceKlass kotlin/reflect/jvm/internal/impl/metadata/ProtoBuf$VersionRequirementTableOrBuilder
instanceKlass kotlin/reflect/jvm/internal/impl/metadata/ProtoBuf$ClassOrBuilder
instanceKlass kotlin/reflect/jvm/internal/impl/metadata/ProtoBuf$TypeParameter$Variance$1
instanceKlass kotlin/reflect/jvm/internal/impl/protobuf/Internal$EnumLiteMap
instanceKlass kotlin/reflect/jvm/internal/impl/metadata/ProtoBuf$TypeParameterOrBuilder
instanceKlass kotlin/reflect/jvm/internal/impl/metadata/ProtoBuf$AnnotationOrBuilder
instanceKlass kotlin/reflect/jvm/internal/impl/metadata/jvm/JvmProtoBuf$JvmFieldSignatureOrBuilder
instanceKlass kotlin/reflect/jvm/internal/impl/metadata/jvm/JvmProtoBuf$JvmPropertySignatureOrBuilder
instanceKlass kotlin/reflect/jvm/internal/impl/metadata/ProtoBuf$ValueParameterOrBuilder
instanceKlass kotlin/reflect/jvm/internal/impl/metadata/ProtoBuf$PropertyOrBuilder
instanceKlass kotlin/reflect/jvm/internal/impl/metadata/ProtoBuf$ContractOrBuilder
instanceKlass kotlin/reflect/jvm/internal/impl/metadata/ProtoBuf$TypeTableOrBuilder
instanceKlass kotlin/reflect/jvm/internal/impl/metadata/ProtoBuf$TypeOrBuilder
instanceKlass kotlin/reflect/jvm/internal/impl/metadata/ProtoBuf$FunctionOrBuilder
instanceKlass kotlin/reflect/jvm/internal/impl/protobuf/Internal$EnumLite
instanceKlass kotlin/reflect/jvm/internal/impl/protobuf/GeneratedMessageLite$ExtensionDescriptor
instanceKlass kotlin/reflect/jvm/internal/impl/protobuf/GeneratedMessageLite$GeneratedExtension
instanceKlass kotlin/reflect/jvm/internal/impl/metadata/jvm/JvmProtoBuf$JvmMethodSignatureOrBuilder
instanceKlass kotlin/reflect/jvm/internal/impl/protobuf/ByteString$ByteIterator
instanceKlass kotlin/reflect/jvm/internal/impl/protobuf/ByteString
instanceKlass kotlin/reflect/jvm/internal/impl/protobuf/SmallSortedMap$EmptySet$2
instanceKlass kotlin/reflect/jvm/internal/impl/protobuf/SmallSortedMap$EmptySet$1
instanceKlass kotlin/reflect/jvm/internal/impl/protobuf/SmallSortedMap$EmptySet
instanceKlass kotlin/reflect/jvm/internal/impl/protobuf/LazyFieldLite
instanceKlass kotlin/reflect/jvm/internal/impl/protobuf/FieldSet
instanceKlass kotlin/reflect/jvm/internal/impl/protobuf/AbstractParser
instanceKlass kotlin/reflect/jvm/internal/impl/protobuf/MessageLite$Builder
instanceKlass kotlin/reflect/jvm/internal/impl/protobuf/Parser
instanceKlass kotlin/reflect/jvm/internal/impl/protobuf/FieldSet$FieldDescriptorLite
instanceKlass kotlin/reflect/jvm/internal/impl/protobuf/AbstractMessageLite
instanceKlass kotlin/reflect/jvm/internal/impl/metadata/ProtoBuf$ConstructorOrBuilder
instanceKlass kotlin/reflect/jvm/internal/impl/protobuf/GeneratedMessageLite$ExtendableMessageOrBuilder
instanceKlass kotlin/reflect/jvm/internal/impl/protobuf/MessageLite
instanceKlass kotlin/reflect/jvm/internal/impl/protobuf/MessageLiteOrBuilder
instanceKlass kotlin/reflect/jvm/internal/impl/metadata/jvm/JvmProtoBuf
instanceKlass kotlin/reflect/jvm/internal/impl/protobuf/ExtensionRegistryLite
instanceKlass kotlin/reflect/jvm/internal/impl/metadata/jvm/deserialization/JvmProtoBufUtil
instanceKlass kotlin/reflect/jvm/internal/impl/utils/WrappedValues$ThrowableWrapper
instanceKlass kotlin/reflect/jvm/internal/impl/types/KotlinTypeFactory
instanceKlass kotlin/reflect/jvm/internal/impl/util/ArrayMap
instanceKlass kotlin/reflect/jvm/internal/impl/util/TypeRegistry
instanceKlass kotlin/reflect/jvm/internal/impl/util/AbstractArrayMapOwner
instanceKlass kotlin/jvm/internal/CollectionToArray
instanceKlass kotlin/reflect/jvm/internal/impl/descriptors/PropertyGetterDescriptor
instanceKlass kotlin/reflect/jvm/internal/impl/descriptors/FieldDescriptor
instanceKlass kotlin/reflect/jvm/internal/impl/descriptors/PropertySetterDescriptor
instanceKlass kotlin/reflect/jvm/internal/impl/types/error/ErrorPropertyDescriptor
instanceKlass kotlin/reflect/jvm/internal/impl/descriptors/PropertyDescriptor
instanceKlass kotlin/reflect/jvm/internal/impl/descriptors/VariableDescriptorWithAccessors
instanceKlass kotlin/reflect/jvm/internal/impl/descriptors/VariableDescriptor
instanceKlass kotlin/jvm/internal/StringCompanionObject
instanceKlass kotlin/reflect/jvm/internal/impl/types/error/ErrorTypeConstructor
instanceKlass kotlin/reflect/jvm/internal/impl/types/error/ErrorScope
instanceKlass kotlin/reflect/jvm/internal/impl/util/ModuleVisibilityHelper$EMPTY
instanceKlass kotlin/reflect/jvm/internal/impl/descriptors/DescriptorVisibilities$12
instanceKlass kotlin/reflect/jvm/internal/impl/descriptors/DescriptorVisibilities$11
instanceKlass kotlin/reflect/jvm/internal/impl/descriptors/DescriptorVisibilities$10
instanceKlass kotlin/reflect/jvm/internal/impl/util/ModuleVisibilityHelper
instanceKlass kotlin/reflect/jvm/internal/impl/descriptors/DescriptorVisibility
instanceKlass kotlin/reflect/jvm/internal/impl/descriptors/Visibility
instanceKlass kotlin/reflect/jvm/internal/impl/descriptors/DescriptorVisibilities
instanceKlass kotlin/reflect/jvm/internal/impl/resolve/scopes/receivers/ReceiverValue
instanceKlass kotlin/reflect/jvm/internal/impl/descriptors/FunctionDescriptor$CopyBuilder
instanceKlass kotlin/reflect/jvm/internal/impl/descriptors/ClassConstructorDescriptor
instanceKlass kotlin/reflect/jvm/internal/impl/descriptors/ConstructorDescriptor
instanceKlass kotlin/reflect/jvm/internal/impl/types/error/ErrorModuleDescriptor
instanceKlass kotlin/reflect/jvm/internal/impl/types/error/ErrorUtils
instanceKlass kotlin/reflect/jvm/internal/impl/types/TypeProjection
instanceKlass kotlin/reflect/jvm/internal/impl/types/model/TypeArgumentMarker
instanceKlass kotlin/reflect/jvm/internal/impl/types/TypeUtils
instanceKlass kotlin/reflect/jvm/internal/impl/descriptors/impl/AbstractClassDescriptor$1$1
instanceKlass kotlin/reflect/jvm/internal/impl/types/checker/KotlinTypeRefinerKt
instanceKlass kotlin/reflect/jvm/internal/impl/resolve/descriptorUtil/DescriptorUtilsKt
instanceKlass kotlin/reflect/jvm/internal/impl/resolve/DescriptorUtils
instanceKlass kotlin/reflect/jvm/internal/impl/resolve/scopes/MemberScopeImpl
instanceKlass kotlin/reflect/jvm/internal/impl/types/ClassifierBasedTypeConstructor
instanceKlass kotlin/reflect/jvm/internal/impl/descriptors/ReceiverParameterDescriptor
instanceKlass kotlin/reflect/jvm/internal/impl/descriptors/ParameterDescriptor
instanceKlass kotlin/reflect/jvm/internal/impl/descriptors/ValueDescriptor
instanceKlass kotlin/reflect/jvm/internal/impl/descriptors/impl/AbstractClassDescriptor$3
instanceKlass kotlin/reflect/jvm/internal/impl/descriptors/impl/AbstractClassDescriptor$2
instanceKlass kotlin/reflect/jvm/internal/impl/descriptors/impl/AbstractClassDescriptor$1
instanceKlass kotlin/reflect/jvm/internal/impl/descriptors/Modality$Companion
instanceKlass kotlin/reflect/jvm/internal/impl/descriptors/impl/ModuleAwareClassDescriptor$Companion
instanceKlass kotlin/reflect/jvm/internal/impl/types/TypeConstructor
instanceKlass kotlin/reflect/jvm/internal/impl/types/model/TypeConstructorMarker
instanceKlass kotlin/reflect/jvm/internal/impl/resolve/scopes/MemberScope
instanceKlass kotlin/reflect/jvm/internal/impl/resolve/scopes/ResolutionScope
instanceKlass kotlin/reflect/jvm/internal/impl/descriptors/impl/ModuleAwareClassDescriptor
instanceKlass kotlin/reflect/jvm/internal/impl/descriptors/ClassDescriptor
instanceKlass kotlin/reflect/jvm/internal/impl/descriptors/ClassifierDescriptorWithTypeParameters
instanceKlass kotlin/reflect/jvm/internal/impl/descriptors/PackageViewDescriptor
instanceKlass kotlin/reflect/jvm/internal/impl/renderer/KeywordStringsGenerated
instanceKlass kotlin/reflect/jvm/internal/impl/renderer/RenderingUtilsKt
instanceKlass kotlin/reflect/jvm/internal/impl/descriptors/ModuleDescriptor$DefaultImpls
instanceKlass kotlin/reflect/jvm/internal/impl/renderer/DescriptorRendererImpl$RenderDeclarationDescriptorVisitor
instanceKlass kotlin/reflect/jvm/internal/impl/descriptors/DeclarationDescriptorVisitor
instanceKlass kotlin/reflect/jvm/internal/impl/renderer/ClassifierNamePolicy$FULLY_QUALIFIED
instanceKlass kotlin/reflect/jvm/internal/impl/renderer/ClassifierNamePolicy$SHORT
instanceKlass kotlin/reflect/jvm/internal/impl/renderer/ExcludedTypeAnnotations
instanceKlass kotlin/reflect/jvm/internal/impl/renderer/DescriptorRenderer$ValueParametersHandler$DEFAULT
instanceKlass kotlin/reflect/jvm/internal/impl/renderer/DescriptorRenderer$ValueParametersHandler
instanceKlass kotlin/reflect/jvm/internal/impl/renderer/DescriptorRendererModifier$Companion
instanceKlass kotlin/properties/ObservableProperty
instanceKlass kotlin/properties/ReadWriteProperty
instanceKlass kotlin/properties/ReadOnlyProperty
instanceKlass kotlin/properties/Delegates
instanceKlass kotlin/reflect/jvm/internal/impl/renderer/ClassifierNamePolicy$SOURCE_CODE_QUALIFIED
instanceKlass kotlin/reflect/jvm/internal/impl/renderer/ClassifierNamePolicy
instanceKlass kotlin/reflect/KMutableProperty$Setter
instanceKlass kotlin/reflect/jvm/internal/impl/renderer/DescriptorRendererOptionsImpl
instanceKlass kotlin/reflect/jvm/internal/impl/renderer/DescriptorRendererOptions
instanceKlass kotlin/reflect/jvm/internal/impl/renderer/DescriptorRenderer$Companion
instanceKlass kotlin/reflect/jvm/internal/impl/renderer/DescriptorRenderer
instanceKlass kotlin/reflect/jvm/internal/impl/descriptors/SourceElement$1
instanceKlass kotlin/reflect/jvm/internal/impl/descriptors/SourceElement
instanceKlass kotlin/reflect/jvm/internal/impl/descriptors/PackageFragmentDescriptor
instanceKlass kotlin/reflect/jvm/internal/impl/descriptors/ClassOrPackageFragmentDescriptor
instanceKlass kotlin/reflect/jvm/internal/impl/builtins/jvm/JavaToKotlinClassMapper
instanceKlass kotlin/reflect/jvm/internal/impl/utils/DFS$Neighbors
instanceKlass kotlin/reflect/jvm/internal/impl/builtins/jvm/JvmBuiltInsCustomizer
instanceKlass kotlin/reflect/jvm/internal/impl/storage/StorageKt
instanceKlass kotlin/reflect/jvm/internal/impl/load/kotlin/JavaFlexibleTypeDeserializer
instanceKlass kotlin/reflect/jvm/internal/impl/serialization/deserialization/FlexibleTypeDeserializer
instanceKlass kotlin/reflect/jvm/internal/impl/serialization/deserialization/LocalClassifierTypeSettings$Default
instanceKlass kotlin/reflect/jvm/internal/impl/serialization/deserialization/LocalClassifierTypeSettings
instanceKlass kotlin/reflect/jvm/internal/impl/serialization/deserialization/DeserializationComponents
instanceKlass kotlin/reflect/jvm/internal/impl/types/DefaultTypeAttributeTranslator
instanceKlass kotlin/reflect/jvm/internal/impl/types/TypeAttributeTranslator
instanceKlass kotlin/reflect/jvm/internal/impl/types/extensions/TypeAttributeTranslators
instanceKlass kotlin/reflect/jvm/internal/impl/serialization/deserialization/ContractDeserializer$Companion$DEFAULT$1
instanceKlass kotlin/reflect/jvm/internal/impl/serialization/deserialization/ContractDeserializer$Companion
instanceKlass kotlin/reflect/jvm/internal/impl/serialization/deserialization/ContractDeserializer
instanceKlass kotlin/reflect/jvm/internal/impl/serialization/deserialization/DeserializationConfiguration$Default
instanceKlass kotlin/reflect/jvm/internal/impl/serialization/deserialization/DeserializationConfiguration
instanceKlass kotlin/reflect/jvm/internal/impl/resolve/constants/ConstantValue
instanceKlass kotlin/reflect/jvm/internal/impl/serialization/deserialization/AnnotationDeserializer
instanceKlass kotlin/reflect/jvm/internal/impl/load/kotlin/AbstractBinaryClassAnnotationLoader
instanceKlass kotlin/reflect/jvm/internal/impl/serialization/deserialization/AnnotationAndConstantLoader
instanceKlass kotlin/reflect/jvm/internal/impl/serialization/deserialization/AnnotationLoader
instanceKlass kotlin/reflect/jvm/internal/impl/load/kotlin/BinaryClassAnnotationAndConstantLoaderImplKt
instanceKlass kotlin/reflect/jvm/internal/impl/load/kotlin/JavaClassDataFinder
instanceKlass kotlin/reflect/jvm/internal/impl/serialization/deserialization/ClassDataFinder
instanceKlass kotlin/reflect/jvm/internal/impl/types/TypeParameterErasureOptions
instanceKlass kotlin/reflect/jvm/internal/impl/types/TypeParameterUpperBoundEraser$Companion
instanceKlass kotlin/reflect/jvm/internal/impl/types/TypeParameterUpperBoundEraser
instanceKlass kotlin/reflect/jvm/internal/impl/types/ErasureProjectionComputer
instanceKlass kotlin/reflect/jvm/internal/impl/load/java/lazy/types/JavaTypeResolver
instanceKlass kotlin/InitializedLazyImpl
instanceKlass kotlin/reflect/jvm/internal/impl/load/java/lazy/TypeParameterResolver$EMPTY
instanceKlass kotlin/reflect/jvm/internal/impl/load/java/lazy/TypeParameterResolver
instanceKlass kotlin/reflect/jvm/internal/impl/load/java/lazy/LazyJavaResolverContext
instanceKlass kotlin/reflect/jvm/internal/impl/load/java/lazy/LazyJavaPackageFragmentProvider
instanceKlass kotlin/reflect/jvm/internal/impl/descriptors/PackageFragmentProviderOptimized
instanceKlass kotlin/reflect/jvm/internal/impl/descriptors/PackageFragmentProvider
instanceKlass kotlin/reflect/jvm/internal/impl/resolve/jvm/CompositeSyntheticJavaPartsProvider
instanceKlass kotlin/reflect/jvm/internal/impl/resolve/jvm/SyntheticJavaPartsProvider$Companion
instanceKlass kotlin/reflect/jvm/internal/impl/resolve/jvm/SyntheticJavaPartsProvider
instanceKlass kotlin/reflect/jvm/internal/impl/load/kotlin/DeserializationComponentsForJavaKt$makeLazyJavaPackageFragmentProvider$javaResolverComponents$1
instanceKlass kotlin/reflect/jvm/internal/impl/load/java/JavaModuleAnnotationsProvider
instanceKlass kotlin/reflect/jvm/internal/impl/resolve/OverridingUtil$1
instanceKlass kotlin/reflect/jvm/internal/impl/load/java/JavaIncompatibilityRulesOverridabilityCondition$Companion
instanceKlass kotlin/reflect/jvm/internal/impl/load/java/JavaIncompatibilityRulesOverridabilityCondition
instanceKlass kotlin/reflect/jvm/internal/impl/load/java/ErasedOverridabilityCondition
instanceKlass kotlin/reflect/jvm/internal/impl/load/java/FieldOverridabilityCondition
instanceKlass kotlin/reflect/jvm/internal/impl/resolve/ExternalOverridabilityCondition
instanceKlass kotlin/reflect/jvm/internal/impl/descriptors/PropertyAccessorDescriptor
instanceKlass kotlin/reflect/jvm/internal/impl/descriptors/VariableAccessorDescriptor
instanceKlass kotlin/reflect/jvm/internal/impl/descriptors/FunctionDescriptor
instanceKlass kotlin/reflect/jvm/internal/impl/descriptors/CallableMemberDescriptor
instanceKlass kotlin/reflect/jvm/internal/impl/descriptors/MemberDescriptor
instanceKlass kotlin/reflect/jvm/internal/impl/descriptors/CallableDescriptor
instanceKlass kotlin/reflect/jvm/internal/impl/descriptors/Substitutable
instanceKlass kotlin/reflect/jvm/internal/impl/descriptors/DeclarationDescriptorWithVisibility
instanceKlass kotlin/reflect/jvm/internal/impl/types/checker/KotlinTypeChecker$TypeConstructorEquality
instanceKlass kotlin/reflect/jvm/internal/impl/resolve/OverridingUtil
instanceKlass kotlin/reflect/jvm/internal/impl/types/AbstractTypePreparator
instanceKlass kotlin/reflect/jvm/internal/impl/types/AbstractTypeRefiner
instanceKlass kotlin/reflect/jvm/internal/impl/types/checker/NewKotlinTypeCheckerImpl
instanceKlass kotlin/reflect/jvm/internal/impl/types/checker/NewKotlinTypeChecker$Companion
instanceKlass kotlin/reflect/jvm/internal/impl/types/checker/NewKotlinTypeChecker
instanceKlass kotlin/reflect/jvm/internal/impl/types/checker/KotlinTypeChecker
instanceKlass kotlin/reflect/jvm/internal/impl/load/java/JavaClassesTracker$Default
instanceKlass kotlin/reflect/jvm/internal/impl/load/java/JavaClassesTracker
instanceKlass kotlin/reflect/jvm/internal/impl/load/java/lazy/JavaResolverSettings$Default
instanceKlass kotlin/reflect/jvm/internal/impl/load/java/lazy/JavaResolverSettings
instanceKlass kotlin/reflect/jvm/internal/impl/load/java/typeEnhancement/JavaTypeEnhancement
instanceKlass kotlin/reflect/jvm/internal/impl/load/java/typeEnhancement/SignatureEnhancement
instanceKlass kotlin/reflect/jvm/internal/impl/utils/WrappedValues$1
instanceKlass kotlin/reflect/jvm/internal/impl/utils/WrappedValues
instanceKlass kotlin/collections/EmptyIterator
instanceKlass kotlin/reflect/jvm/internal/impl/load/java/NullabilityAnnotationStates$Companion
instanceKlass kotlin/reflect/jvm/internal/impl/load/java/Jsr305Settings
instanceKlass kotlin/internal/ProgressionUtilKt
instanceKlass kotlin/ranges/IntRange$Companion
instanceKlass kotlin/ranges/IntProgression$Companion
instanceKlass kotlin/ranges/IntProgression
instanceKlass kotlin/ranges/OpenEndRange
instanceKlass kotlin/ranges/ClosedRange
instanceKlass kotlin/KotlinVersionCurrentValue
instanceKlass kotlin/KotlinVersion$Companion
instanceKlass kotlin/KotlinVersion
instanceKlass kotlin/reflect/jvm/internal/impl/load/java/ReportLevel$Companion
instanceKlass kotlin/reflect/jvm/internal/impl/load/java/JavaNullabilityAnnotationsStatus$Companion
instanceKlass kotlin/reflect/jvm/internal/impl/load/java/JavaNullabilityAnnotationsStatus
instanceKlass kotlin/reflect/jvm/internal/impl/load/java/NullabilityAnnotationStatesImpl
instanceKlass kotlin/reflect/jvm/internal/impl/load/java/NullabilityAnnotationStates
instanceKlass kotlin/reflect/jvm/internal/impl/load/java/JavaNullabilityAnnotationSettingsKt
instanceKlass kotlin/reflect/jvm/internal/impl/load/java/JavaTypeEnhancementState$Companion
instanceKlass kotlin/reflect/jvm/internal/impl/load/java/JavaTypeEnhancementState
instanceKlass kotlin/reflect/jvm/internal/impl/load/java/AbstractAnnotationTypeQualifierResolver$Companion
instanceKlass kotlin/reflect/jvm/internal/impl/load/java/AbstractAnnotationTypeQualifierResolver
instanceKlass kotlin/reflect/jvm/internal/impl/builtins/ReflectionTypes$ClassLookup
instanceKlass kotlin/reflect/jvm/internal/impl/builtins/ReflectionTypes$Companion
instanceKlass kotlin/reflect/jvm/internal/impl/builtins/ReflectionTypes
instanceKlass kotlin/reflect/jvm/internal/impl/incremental/components/LookupTracker$DO_NOTHING
instanceKlass kotlin/reflect/jvm/internal/impl/incremental/components/LookupTracker
instanceKlass kotlin/reflect/jvm/internal/impl/descriptors/SupertypeLoopChecker$EMPTY
instanceKlass kotlin/reflect/jvm/internal/impl/descriptors/SupertypeLoopChecker
instanceKlass kotlin/reflect/jvm/internal/impl/storage/LockBasedStorageManager$CacheWithNullableValuesBasedOnMemoizedFunction$1
instanceKlass kotlin/reflect/jvm/internal/impl/resolve/sam/SamConversionResolverImpl
instanceKlass kotlin/reflect/jvm/internal/impl/resolve/sam/SamConversionResolver
instanceKlass kotlin/reflect/jvm/internal/impl/load/java/components/JavaPropertyInitializerEvaluator$DoNothing
instanceKlass kotlin/reflect/jvm/internal/impl/load/java/components/JavaPropertyInitializerEvaluator
instanceKlass kotlin/reflect/jvm/internal/impl/load/java/components/JavaResolverCache$1
instanceKlass kotlin/reflect/jvm/internal/impl/load/java/components/JavaResolverCache
instanceKlass kotlin/reflect/jvm/internal/impl/load/java/components/SignaturePropagator$1
instanceKlass kotlin/reflect/jvm/internal/impl/load/java/components/SignaturePropagator
instanceKlass kotlin/reflect/jvm/internal/impl/load/java/lazy/JavaResolverComponents
instanceKlass kotlin/reflect/jvm/internal/impl/load/kotlin/PackagePartProvider$Empty
instanceKlass kotlin/reflect/jvm/internal/impl/load/kotlin/PackagePartProvider
instanceKlass kotlin/reflect/jvm/internal/impl/load/kotlin/DeserializationComponentsForJavaKt
instanceKlass kotlin/reflect/jvm/internal/impl/descriptors/NotFoundClasses
instanceKlass kotlin/reflect/jvm/internal/impl/load/java/lazy/SingleModuleClassResolver
instanceKlass kotlin/reflect/jvm/internal/impl/load/java/lazy/ModuleClassResolver
instanceKlass kotlin/collections/EmptyList
instanceKlass kotlin/reflect/jvm/internal/impl/metadata/jvm/deserialization/JvmMetadataVersion$Companion
instanceKlass kotlin/reflect/jvm/internal/impl/metadata/deserialization/BinaryVersion$Companion
instanceKlass kotlin/reflect/jvm/internal/impl/metadata/deserialization/BinaryVersion
instanceKlass kotlin/reflect/jvm/internal/impl/load/kotlin/header/KotlinClassHeader$Kind$Companion
instanceKlass kotlin/reflect/jvm/internal/impl/load/kotlin/DeserializedDescriptorResolver$Companion
instanceKlass kotlin/reflect/jvm/internal/impl/load/kotlin/DeserializedDescriptorResolver
instanceKlass kotlin/reflect/jvm/internal/impl/builtins/KotlinBuiltIns$4
instanceKlass kotlin/reflect/jvm/internal/impl/descriptors/impl/PackageViewDescriptorFactory$Default
instanceKlass kotlin/reflect/jvm/internal/impl/descriptors/ModuleCapability
instanceKlass kotlin/reflect/jvm/internal/impl/descriptors/impl/PackageViewDescriptorFactory$Companion
instanceKlass kotlin/reflect/jvm/internal/impl/descriptors/impl/PackageViewDescriptorFactory
instanceKlass kotlin/reflect/jvm/internal/impl/descriptors/annotations/Annotations$Companion$EMPTY$1
instanceKlass kotlin/reflect/jvm/internal/impl/descriptors/annotations/Annotations$Companion
instanceKlass kotlin/reflect/jvm/internal/impl/descriptors/annotations/Annotations
instanceKlass kotlin/collections/EmptyMap
instanceKlass kotlin/reflect/jvm/internal/impl/descriptors/annotations/AnnotatedImpl
instanceKlass kotlin/reflect/jvm/internal/impl/builtins/jvm/JvmBuiltIns$WhenMappings
instanceKlass kotlin/reflect/jvm/internal/impl/storage/LockBasedStorageManager$MapBasedMemoizedFunction
instanceKlass kotlin/reflect/jvm/internal/impl/builtins/KotlinBuiltIns$3
instanceKlass kotlin/reflect/jvm/internal/impl/builtins/KotlinBuiltIns$2
instanceKlass kotlin/reflect/jvm/internal/impl/storage/LockBasedStorageManager$LockBasedLazyValue
instanceKlass kotlin/reflect/jvm/internal/impl/builtins/KotlinBuiltIns$1
instanceKlass kotlin/reflect/jvm/internal/impl/types/model/TypeArgumentListMarker
instanceKlass kotlin/reflect/jvm/internal/impl/types/model/SimpleTypeMarker
instanceKlass kotlin/reflect/jvm/internal/impl/types/KotlinType
instanceKlass kotlin/reflect/jvm/internal/impl/types/model/KotlinTypeMarker
instanceKlass kotlin/reflect/jvm/internal/impl/descriptors/deserialization/AdditionalClassPartsProvider
instanceKlass kotlin/reflect/jvm/internal/impl/incremental/components/LookupLocation
instanceKlass kotlin/reflect/jvm/internal/impl/descriptors/ModuleDescriptor
instanceKlass kotlin/reflect/jvm/internal/impl/descriptors/ClassifierDescriptor
instanceKlass kotlin/reflect/jvm/internal/impl/descriptors/DeclarationDescriptorNonRoot
instanceKlass kotlin/reflect/jvm/internal/impl/descriptors/DeclarationDescriptorWithSource
instanceKlass kotlin/reflect/jvm/internal/impl/descriptors/DeclarationDescriptor
instanceKlass kotlin/reflect/jvm/internal/impl/descriptors/annotations/Annotated
instanceKlass kotlin/reflect/jvm/internal/impl/descriptors/Named
instanceKlass kotlin/reflect/jvm/internal/impl/descriptors/deserialization/PlatformDependentDeclarationFilter
instanceKlass kotlin/reflect/jvm/internal/impl/builtins/KotlinBuiltIns
instanceKlass kotlin/reflect/jvm/internal/impl/storage/DefaultSimpleLock
instanceKlass kotlin/reflect/jvm/internal/impl/storage/SimpleLock$Companion
instanceKlass kotlin/reflect/jvm/internal/impl/storage/EmptySimpleLock
instanceKlass kotlin/reflect/jvm/internal/impl/storage/LockBasedStorageManager$ExceptionHandlingStrategy$1
instanceKlass kotlin/reflect/jvm/internal/impl/storage/LockBasedStorageManager$ExceptionHandlingStrategy
instanceKlass kotlin/reflect/jvm/internal/impl/storage/CacheWithNullableValues
instanceKlass kotlin/reflect/jvm/internal/impl/storage/CacheWithNotNullValues
instanceKlass kotlin/reflect/jvm/internal/impl/storage/NullableLazyValue
instanceKlass kotlin/reflect/jvm/internal/impl/storage/MemoizedFunctionToNotNull
instanceKlass kotlin/reflect/jvm/internal/impl/storage/NotNullLazyValue
instanceKlass kotlin/reflect/jvm/internal/impl/storage/MemoizedFunctionToNullable
instanceKlass kotlin/reflect/jvm/internal/impl/storage/SimpleLock
instanceKlass kotlin/reflect/jvm/internal/impl/storage/LockBasedStorageManager
instanceKlass kotlin/reflect/jvm/internal/impl/storage/StorageManager
instanceKlass kotlin/reflect/jvm/internal/impl/descriptors/runtime/components/RuntimeSourceElementFactory
instanceKlass kotlin/reflect/jvm/internal/impl/load/java/sources/JavaSourceElementFactory
instanceKlass kotlin/reflect/jvm/internal/impl/descriptors/runtime/components/RuntimeErrorReporter
instanceKlass kotlin/reflect/jvm/internal/impl/serialization/deserialization/ErrorReporter
instanceKlass kotlin/reflect/jvm/internal/impl/descriptors/runtime/components/ReflectJavaClassFinder
instanceKlass kotlin/reflect/jvm/internal/impl/load/java/JavaClassFinder
instanceKlass kotlin/reflect/jvm/internal/impl/load/kotlin/DeserializationComponentsForJava$Companion
instanceKlass kotlin/reflect/jvm/internal/impl/load/kotlin/DeserializationComponentsForJava
instanceKlass kotlin/reflect/jvm/internal/impl/serialization/deserialization/builtins/BuiltInsResourceLoader
instanceKlass kotlin/reflect/jvm/internal/impl/descriptors/runtime/components/ReflectKotlinClassFinder
instanceKlass kotlin/reflect/jvm/internal/impl/load/kotlin/KotlinClassFinder
instanceKlass kotlin/reflect/jvm/internal/impl/serialization/deserialization/KotlinMetadataFinder
instanceKlass kotlin/reflect/jvm/internal/impl/descriptors/runtime/components/RuntimeModuleData$Companion
instanceKlass kotlin/reflect/jvm/internal/impl/descriptors/runtime/components/RuntimeModuleData
instanceKlass kotlin/reflect/jvm/internal/WeakClassLoaderBox
instanceKlass kotlin/reflect/jvm/internal/ModuleByClassLoaderKt
instanceKlass kotlin/reflect/jvm/internal/impl/name/SpecialNames
instanceKlass kotlin/reflect/jvm/internal/impl/builtins/CompanionObjectMapping
instanceKlass kotlin/reflect/jvm/internal/impl/name/FqNamesUtilKt
instanceKlass kotlin/reflect/jvm/internal/impl/utils/CollectionsKt
instanceKlass kotlin/reflect/jvm/internal/impl/builtins/PrimitiveType$Companion
instanceKlass kotlin/reflect/jvm/internal/impl/builtins/StandardNames$FqNames
instanceKlass kotlin/reflect/jvm/internal/impl/builtins/jvm/JavaToKotlinClassMap$PlatformMutabilityMapping
instanceKlass kotlin/_Assertions
instanceKlass kotlin/ranges/RangesKt__RangesKt
instanceKlass kotlin/reflect/jvm/internal/impl/name/StandardClassIdsKt
instanceKlass kotlin/reflect/jvm/internal/impl/name/StandardClassIds
instanceKlass kotlin/reflect/jvm/internal/impl/builtins/StandardNames
instanceKlass kotlin/reflect/jvm/internal/impl/builtins/functions/FunctionTypeKind
instanceKlass kotlin/reflect/jvm/internal/impl/builtins/jvm/JavaToKotlinClassMap
instanceKlass kotlin/jvm/functions/Function22
instanceKlass kotlin/jvm/functions/Function21
instanceKlass kotlin/jvm/functions/Function20
instanceKlass kotlin/jvm/functions/Function19
instanceKlass kotlin/jvm/functions/Function18
instanceKlass kotlin/jvm/functions/Function17
instanceKlass kotlin/jvm/functions/Function16
instanceKlass kotlin/jvm/functions/Function15
instanceKlass kotlin/jvm/functions/Function14
instanceKlass kotlin/jvm/functions/Function13
instanceKlass kotlin/jvm/functions/Function12
instanceKlass kotlin/jvm/functions/Function11
instanceKlass kotlin/jvm/functions/Function10
instanceKlass kotlin/jvm/functions/Function9
instanceKlass kotlin/jvm/functions/Function8
instanceKlass kotlin/jvm/functions/Function7
instanceKlass kotlin/jvm/functions/Function6
instanceKlass kotlin/jvm/functions/Function5
instanceKlass kotlin/jvm/functions/Function4
instanceKlass kotlin/jvm/functions/Function3
instanceKlass kotlin/collections/MapsKt__MapWithDefaultKt
instanceKlass kotlin/Pair
instanceKlass kotlin/TuplesKt
instanceKlass kotlin/reflect/jvm/internal/impl/descriptors/runtime/structure/ReflectClassUtilKt
instanceKlass kotlin/reflect/jvm/internal/impl/name/ClassId
instanceKlass kotlin/reflect/jvm/internal/impl/name/FqNameUnsafe$1
instanceKlass kotlin/reflect/jvm/internal/impl/name/Name
instanceKlass kotlin/reflect/jvm/internal/impl/name/FqNameUnsafe
instanceKlass kotlin/reflect/jvm/internal/impl/name/FqName
instanceKlass kotlin/reflect/jvm/internal/RuntimeTypeMapper
instanceKlass kotlin/reflect/jvm/internal/KDeclarationContainerImpl$Data
instanceKlass kotlin/jvm/JvmClassMappingKt
instanceKlass kotlin/ResultKt
instanceKlass kotlin/coroutines/EmptyCoroutineContext
instanceKlass kotlin/coroutines/CoroutineContext
instanceKlass kotlin/coroutines/jvm/internal/DebugProbesKt
instanceKlass kotlin/coroutines/intrinsics/IntrinsicsKt__IntrinsicsJvmKt
instanceKlass kotlin/sequences/SequenceScope
instanceKlass kotlin/sequences/SequencesKt__SequenceBuilderKt$sequence$$inlined$Sequence$1
instanceKlass kotlin/sequences/Sequence
instanceKlass kotlin/sequences/SequencesKt__SequenceBuilderKt
instanceKlass kotlin/coroutines/jvm/internal/BaseContinuationImpl
instanceKlass kotlin/coroutines/jvm/internal/CoroutineStackFrame
instanceKlass kotlin/coroutines/Continuation
instanceKlass kotlin/coroutines/jvm/internal/SuspendFunction
instanceKlass org/gradle/kotlin/dsl/provider/plugins/DefaultProjectSchemaProviderKt
# instanceKlass java/lang/invoke/LambdaForm$MH+0x00000279c57d4800
# instanceKlass java/lang/invoke/LambdaForm$MH+0x00000279c57d4400
# instanceKlass java/lang/invoke/LambdaForm$MH+0x00000279c57d4000
# instanceKlass java/lang/invoke/LambdaForm$MH+0x00000279c57c8c00
# instanceKlass java/lang/invoke/LambdaForm$MH+0x00000279c57c8800
instanceKlass org/gradle/kotlin/dsl/accessors/AccessorsClassPathKt
instanceKlass  @bci org/gradle/kotlin/dsl/provider/plugins/KotlinScriptRootPlugin$Inject $gradleInit ()V 1 <appendix> member <vmtarget> ; # org/gradle/kotlin/dsl/provider/plugins/KotlinScriptRootPlugin$Inject$$Lambda+0x00000279c57d3970
instanceKlass org/gradle/kotlin/dsl/provider/plugins/KotlinScriptRootPlugin
instanceKlass  @bci org/gradle/kotlin/dsl/provider/plugins/KotlinScriptBasePlugin$Inject $gradleInit ()V 1 <appendix> member <vmtarget> ; # org/gradle/kotlin/dsl/provider/plugins/KotlinScriptBasePlugin$Inject$$Lambda+0x00000279c57d3208
instanceKlass org/gradle/kotlin/dsl/provider/plugins/KotlinScriptBasePlugin
instanceKlass  @bci org/gradle/api/plugins/GroovyPlugin configureGroovydoc (Lorg/gradle/api/Project;)V 11 <appendix> member <vmtarget> ; # org/gradle/api/plugins/GroovyPlugin$$Lambda+0x00000279c57d2aa0
instanceKlass  @bci org/gradle/api/plugins/GroovyBasePlugin configureGroovydoc (Lorg/gradle/api/Project;Lorg/gradle/api/tasks/GroovyRuntime;)V 16 <appendix> member <vmtarget> ; # org/gradle/api/plugins/GroovyBasePlugin$$Lambda+0x00000279c57d2880
instanceKlass  @bci org/gradle/api/plugins/GroovyBasePlugin configureLibraryElements (Lorg/gradle/api/tasks/SourceSet;Lorg/gradle/api/artifacts/ConfigurationContainer;Lorg/gradle/api/model/ObjectFactory;)V 13 <appendix> member <vmtarget> ; # org/gradle/api/plugins/GroovyBasePlugin$$Lambda+0x00000279c57d2660
instanceKlass  @bci org/gradle/api/plugins/GroovyBasePlugin createGroovyCompileTask (Lorg/gradle/api/Project;Lorg/gradle/api/tasks/SourceSet;Lorg/gradle/api/tasks/GroovySourceDirectorySet;)Lorg/gradle/api/tasks/TaskProvider; 66 <appendix> member <vmtarget> ; # org/gradle/api/plugins/GroovyBasePlugin$$Lambda+0x00000279c57d2440
instanceKlass  @bci org/gradle/api/plugins/GroovyBasePlugin createGroovyCompileTask (Lorg/gradle/api/Project;Lorg/gradle/api/tasks/SourceSet;Lorg/gradle/api/tasks/GroovySourceDirectorySet;)Lorg/gradle/api/tasks/TaskProvider; 39 <appendix> argL0 ; # org/gradle/api/plugins/GroovyBasePlugin$$Lambda+0x00000279c57d2228
instanceKlass org/gradle/api/internal/tasks/compile/GroovyJavaJointCompileSpec
instanceKlass org/gradle/api/internal/tasks/compile/GroovyCompileSpec
instanceKlass  @bci org/gradle/api/plugins/GroovyBasePlugin createGroovyCompileTask (Lorg/gradle/api/Project;Lorg/gradle/api/tasks/SourceSet;Lorg/gradle/api/tasks/GroovySourceDirectorySet;)Lorg/gradle/api/tasks/TaskProvider; 20 <appendix> member <vmtarget> ; # org/gradle/api/plugins/GroovyBasePlugin$$Lambda+0x00000279c57d1c18
instanceKlass  @bci org/gradle/api/plugins/GroovyBasePlugin lambda$configureSourceSetDefaults$2 (Lorg/gradle/api/Project;Lorg/gradle/api/tasks/SourceSet;)V 74 <appendix> member <vmtarget> ; # org/gradle/api/plugins/GroovyBasePlugin$$Lambda+0x00000279c57d19e8
instanceKlass  @bci org/gradle/api/internal/tasks/DefaultSourceSet_Decorated getConventionWhileDisabledDeprecationLogger ()Lorg/gradle/api/plugins/Convention; 1 <appendix> member <vmtarget> ; # org/gradle/api/internal/tasks/DefaultSourceSet_Decorated$$Lambda+0x00000279c57d17c8
instanceKlass  @bci org/gradle/api/internal/plugins/DslObject getConvention ()Lorg/gradle/api/plugins/Convention; 9 <appendix> member <vmtarget> ; # org/gradle/api/internal/plugins/DslObject$$Lambda+0x00000279c57c6958
instanceKlass  @bci org/gradle/api/plugins/GroovyBasePlugin getGroovySourceDirectorySet (Lorg/gradle/api/tasks/SourceSet;)Lorg/gradle/api/tasks/GroovySourceDirectorySet; 43 <appendix> member <vmtarget> ; # org/gradle/api/plugins/GroovyBasePlugin$$Lambda+0x00000279c57c9c80
instanceKlass  @bci org/gradle/api/internal/tasks/DefaultGroovySourceSet_Decorated $gradleInit ()V 1 <appendix> member <vmtarget> ; # org/gradle/api/internal/tasks/DefaultGroovySourceSet_Decorated$$Lambda+0x00000279c57c9a60
instanceKlass  @bci org/gradle/api/internal/tasks/DefaultGroovySourceDirectorySet_Decorated $gradleInit ()V 1 <appendix> member <vmtarget> ; # org/gradle/api/internal/tasks/DefaultGroovySourceDirectorySet_Decorated$$Lambda+0x00000279c57c9840
instanceKlass  @bci org/gradle/api/plugins/GroovyBasePlugin configureSourceSetDefaults (Lorg/gradle/api/Project;)V 11 <appendix> member <vmtarget> ; # org/gradle/api/plugins/GroovyBasePlugin$$Lambda+0x00000279c57c9220
instanceKlass  @bci org/gradle/api/plugins/GroovyBasePlugin configureCompileDefaults (Lorg/gradle/api/Project;Lorg/gradle/api/tasks/GroovyRuntime;)V 14 <appendix> member <vmtarget> ; # org/gradle/api/plugins/GroovyBasePlugin$$Lambda+0x00000279c57c9000
instanceKlass  @bci org/gradle/api/tasks/GroovyRuntime_Decorated $gradleInit ()V 1 <appendix> member <vmtarget> ; # org/gradle/api/tasks/GroovyRuntime_Decorated$$Lambda+0x00000279c57cbd18
instanceKlass org/gradle/util/internal/VersionNumber$AbstractScheme$Scanner
instanceKlass org/gradle/util/internal/VersionNumber$AbstractScheme
instanceKlass org/gradle/util/internal/VersionNumber$Scheme
instanceKlass org/gradle/util/internal/VersionNumber
instanceKlass org/gradle/api/internal/plugins/GroovyJarFile
instanceKlass  @bci org/gradle/api/plugins/GroovyBasePlugin$Inject $gradleInit ()V 1 <appendix> member <vmtarget> ; # org/gradle/api/plugins/GroovyBasePlugin$Inject$$Lambda+0x00000279c57cb538
instanceKlass org/gradle/api/tasks/GroovySourceDirectorySet
instanceKlass org/gradle/api/internal/tasks/DefaultGroovySourceSet
instanceKlass org/gradle/api/tasks/GroovySourceSet
instanceKlass org/gradle/api/tasks/GroovyRuntime
instanceKlass org/gradle/api/plugins/GroovyBasePlugin
instanceKlass  @bci org/gradle/api/plugins/GroovyPlugin$Inject $gradleInit ()V 1 <appendix> member <vmtarget> ; # org/gradle/api/plugins/GroovyPlugin$Inject$$Lambda+0x00000279c57cf7e8
instanceKlass  @bci org/gradle/initialization/buildsrc/GradlePluginApiVersionAttributeConfigurationAction setAttributeForConfiguration (Lorg/gradle/api/NamedDomainObjectProvider;Lorg/gradle/api/internal/model/NamedObjectInstantiator;)V 2 <appendix> member <vmtarget> ; # org/gradle/initialization/buildsrc/GradlePluginApiVersionAttributeConfigurationAction$$Lambda+0x00000279c57ce690
instanceKlass  @bci org/gradle/api/internal/DefaultNamedDomainObjectCollection$ExistingNamedDomainObjectProvider_Decorated $gradleInit ()V 1 <appendix> member <vmtarget> ; # org/gradle/api/internal/DefaultNamedDomainObjectCollection$ExistingNamedDomainObjectProvider_Decorated$$Lambda+0x00000279c57c5a10
instanceKlass  @bci org/gradle/initialization/buildsrc/GradlePluginApiVersionAttributeConfigurationAction addGradlePluginApiVersionAttributeToClasspath (Lorg/gradle/api/internal/project/ProjectInternal;)V 48 <appendix> member <vmtarget> ; # org/gradle/initialization/buildsrc/GradlePluginApiVersionAttributeConfigurationAction$$Lambda+0x00000279c57ce470
instanceKlass  @bci org/gradle/initialization/buildsrc/GradlePluginApiVersionAttributeConfigurationAction execute (Lorg/gradle/api/internal/project/ProjectInternal;)V 10 <appendix> member <vmtarget> ; # org/gradle/initialization/buildsrc/GradlePluginApiVersionAttributeConfigurationAction$$Lambda+0x00000279c57ce250
instanceKlass  @bci org/gradle/plugin/devel/plugins/JavaGradlePluginPlugin configurePluginValidations (Lorg/gradle/api/Project;Lorg/gradle/plugin/devel/GradlePluginDevelopmentExtension;)V 33 <appendix> member <vmtarget> ; # org/gradle/plugin/devel/plugins/JavaGradlePluginPlugin$$Lambda+0x00000279c57ce030
instanceKlass  @bci org/gradle/plugin/devel/plugins/JavaGradlePluginPlugin configurePluginValidations (Lorg/gradle/api/Project;Lorg/gradle/plugin/devel/GradlePluginDevelopmentExtension;)V 13 <appendix> member <vmtarget> ; # org/gradle/plugin/devel/plugins/JavaGradlePluginPlugin$$Lambda+0x00000279c57cde10
instanceKlass  @bci org/gradle/plugin/devel/plugins/JavaGradlePluginPlugin validatePluginDeclarations (Lorg/gradle/api/Project;Lorg/gradle/plugin/devel/GradlePluginDevelopmentExtension;)V 2 <appendix> member <vmtarget> ; # org/gradle/plugin/devel/plugins/JavaGradlePluginPlugin$$Lambda+0x00000279c57cdbf0
instanceKlass  @bci org/gradle/plugin/devel/plugins/JavaGradlePluginPlugin configureDescriptorGeneration (Lorg/gradle/api/Project;Lorg/gradle/plugin/devel/GradlePluginDevelopmentExtension;)V 34 <appendix> member <vmtarget> ; # org/gradle/plugin/devel/plugins/JavaGradlePluginPlugin$$Lambda+0x00000279c57cd9d0
instanceKlass  @bci org/gradle/plugin/devel/plugins/JavaGradlePluginPlugin configureDescriptorGeneration (Lorg/gradle/api/Project;Lorg/gradle/plugin/devel/GradlePluginDevelopmentExtension;)V 12 <appendix> member <vmtarget> ; # org/gradle/plugin/devel/plugins/JavaGradlePluginPlugin$$Lambda+0x00000279c57cd7b0
instanceKlass  @bci org/gradle/plugin/devel/plugins/JavaGradlePluginPlugin registerPlugins (Lorg/gradle/api/Project;Lorg/gradle/plugin/devel/GradlePluginDevelopmentExtension;)V 30 <appendix> member <vmtarget> ; # org/gradle/plugin/devel/plugins/JavaGradlePluginPlugin$$Lambda+0x00000279c57cd590
instanceKlass org/gradle/api/publish/ivy/plugins/IvyPublishPlugin$CheckStandardLayoutSpec
instanceKlass org/gradle/api/publish/ivy/plugins/IvyPublishPlugin$IvyPublicationFactory
instanceKlass org/gradle/api/publish/ivy/plugins/IvyPublishPlugin
instanceKlass  @bci org/gradle/plugin/devel/plugins/JavaGradlePluginPlugin configurePublishing (Lorg/gradle/api/Project;)V 28 <appendix> member <vmtarget> ; # org/gradle/plugin/devel/plugins/JavaGradlePluginPlugin$$Lambda+0x00000279c57ccce0
instanceKlass org/gradle/api/publish/maven/plugins/MavenPublishPlugin$MavenPublicationFactory
instanceKlass org/gradle/api/publish/maven/plugins/MavenPublishPlugin
instanceKlass org/gradle/api/internal/plugins/DefaultPluginManager$2
instanceKlass  @bci org/gradle/plugin/devel/plugins/JavaGradlePluginPlugin configurePublishing (Lorg/gradle/api/Project;)V 9 <appendix> member <vmtarget> ; # org/gradle/plugin/devel/plugins/JavaGradlePluginPlugin$$Lambda+0x00000279c57cc660
instanceKlass  @bci org/gradle/plugin/devel/plugins/JavaGradlePluginPlugin createAndConfigurePluginUnderTestMetadataTask (Lorg/gradle/api/Project;Lorg/gradle/plugin/devel/GradlePluginDevelopmentExtension;)Lorg/gradle/api/tasks/TaskProvider; 12 <appendix> member <vmtarget> ; # org/gradle/plugin/devel/plugins/JavaGradlePluginPlugin$$Lambda+0x00000279c57cc440
instanceKlass  @bci org/gradle/plugin/devel/plugins/JavaGradlePluginPlugin configureJarTask (Lorg/gradle/api/Project;Lorg/gradle/plugin/devel/GradlePluginDevelopmentExtension;)V 12 <appendix> member <vmtarget> ; # org/gradle/plugin/devel/plugins/JavaGradlePluginPlugin$$Lambda+0x00000279c57cc220
instanceKlass  @bci org/gradle/plugin/devel/GradlePluginDevelopmentExtension_Decorated $gradleInit ()V 1 <appendix> member <vmtarget> ; # org/gradle/plugin/devel/GradlePluginDevelopmentExtension_Decorated$$Lambda+0x00000279c57cc000
instanceKlass org/gradle/api/internal/ReflectiveNamedDomainObjectFactory
# instanceKlass java/lang/invoke/LambdaForm$MH+0x00000279c57c8400
# instanceKlass java/lang/invoke/LambdaForm$MH+0x00000279c57c8000
instanceKlass org/gradle/api/plugins/internal/JavaPluginHelper
instanceKlass  @bci org/gradle/api/plugins/JavaPlugin configureBuild (Lorg/gradle/api/Project;)V 27 <appendix> argL0 ; # org/gradle/api/plugins/JavaPlugin$$Lambda+0x00000279c57c3c78
instanceKlass  @bci org/gradle/api/plugins/JavaPlugin configureBuild (Lorg/gradle/api/Project;)V 8 <appendix> argL0 ; # org/gradle/api/plugins/JavaPlugin$$Lambda+0x00000279c57c3a60
instanceKlass  @bci org/gradle/api/plugins/JavaPlugin configureDiagnostics (Lorg/gradle/api/Project;Lorg/gradle/jvm/component/internal/JvmSoftwareComponentInternal;)V 14 <appendix> member <vmtarget> ; # org/gradle/api/plugins/JavaPlugin$$Lambda+0x00000279c57c3840
instanceKlass  @bci org/gradle/api/plugins/JavaPlugin configureBuiltInTest (Lorg/gradle/api/Project;Lorg/gradle/jvm/component/internal/JvmSoftwareComponentInternal;)V 56 <appendix> member <vmtarget> ; # org/gradle/api/plugins/JavaPlugin$$Lambda+0x00000279c57c3620
instanceKlass  @bci org/gradle/api/internal/artifacts/dsl/LazyPublishArtifact getBuildDependencies ()Lorg/gradle/api/tasks/TaskDependency; 5 <appendix> member <vmtarget> ; # org/gradle/api/internal/artifacts/dsl/LazyPublishArtifact$$Lambda+0x00000279c57c33f0
instanceKlass  @bci org/gradle/api/plugins/JvmTestSuitePlugin addTestResultsVariant (Lorg/gradle/api/internal/project/ProjectInternal;Lorg/gradle/api/plugins/jvm/JvmTestSuite;Lorg/gradle/api/plugins/jvm/JvmTestSuiteTarget;)V 150 <appendix> argL0 ; # org/gradle/api/plugins/JvmTestSuitePlugin$$Lambda+0x00000279c57c31d8
instanceKlass  @bci org/gradle/api/plugins/JvmTestSuitePlugin addTestResultsVariant (Lorg/gradle/api/internal/project/ProjectInternal;Lorg/gradle/api/plugins/jvm/JvmTestSuite;Lorg/gradle/api/plugins/jvm/JvmTestSuiteTarget;)V 140 <appendix> argL0 ; # org/gradle/api/plugins/JvmTestSuitePlugin$$Lambda+0x00000279c57c2fc0
instanceKlass org/gradle/internal/exceptions/NonGradleCause
instanceKlass org/gradle/api/reporting/DirectoryReport
instanceKlass org/gradle/api/reporting/ConfigurableReport
instanceKlass org/gradle/api/reporting/Report
instanceKlass org/gradle/api/internal/tasks/testing/TestResultProcessor
instanceKlass org/gradle/api/tasks/testing/TestOutputListener
instanceKlass org/gradle/api/tasks/testing/TestListener
instanceKlass org/gradle/api/internal/tasks/testing/report/TestReporter
instanceKlass org/gradle/api/internal/tasks/testing/junit/result/TestResultsProvider
instanceKlass org/gradle/api/internal/tasks/testing/logging/TestExceptionFormatter
instanceKlass org/gradle/api/reporting/ReportContainer
instanceKlass org/gradle/api/tasks/testing/TestFilter
instanceKlass  @bci org/gradle/api/plugins/JvmTestSuitePlugin lambda$addTestResultsVariant$11 (Lorg/gradle/api/model/ObjectFactory;Lorg/gradle/api/plugins/jvm/JvmTestSuite;Lorg/gradle/api/plugins/jvm/JvmTestSuiteTarget;Lorg/gradle/api/internal/project/ProjectInternal;Lorg/gradle/api/attributes/AttributeContainer;)V 95 <appendix> member <vmtarget> ; # org/gradle/api/plugins/JvmTestSuitePlugin$$Lambda+0x00000279c57bf580
instanceKlass org/gradle/api/attributes/TestSuiteTargetName$Impl
instanceKlass org/gradle/api/attributes/TestSuiteTargetName
instanceKlass org/gradle/api/attributes/TestSuiteName$Impl
instanceKlass org/gradle/api/attributes/TestSuiteName
instanceKlass  @bci org/gradle/api/plugins/JvmTestSuitePlugin addTestResultsVariant (Lorg/gradle/api/internal/project/ProjectInternal;Lorg/gradle/api/plugins/jvm/JvmTestSuite;Lorg/gradle/api/plugins/jvm/JvmTestSuiteTarget;)V 116 <appendix> member <vmtarget> ; # org/gradle/api/plugins/JvmTestSuitePlugin$$Lambda+0x00000279c57bf360
instanceKlass  @bci org/gradle/api/plugins/JvmTestSuitePlugin lambda$configureTestDataElementsVariants$9 (Lorg/gradle/api/internal/project/ProjectInternal;Lorg/gradle/api/plugins/jvm/JvmTestSuite;)V 9 <appendix> member <vmtarget> ; # org/gradle/api/plugins/JvmTestSuitePlugin$$Lambda+0x00000279c57bf140
instanceKlass  @bci org/gradle/api/plugins/JvmTestSuitePlugin lambda$apply$6 (Lorg/gradle/api/plugins/jvm/JvmTestSuite;Lorg/gradle/api/plugins/jvm/JvmTestSuiteTarget;)V 7 <appendix> member <vmtarget> ; # org/gradle/api/plugins/JvmTestSuitePlugin$$Lambda+0x00000279c57bef20
instanceKlass org/gradle/api/internal/provider/ValueSupplier$FixedSideEffect
instanceKlass  @bci org/gradle/api/plugins/jvm/internal/DefaultJvmTestSuite lambda$new$1 (Ljava/lang/String;Lorg/gradle/api/plugins/jvm/JvmTestSuiteTarget;)V 8 <appendix> member <vmtarget> ; # org/gradle/api/plugins/jvm/internal/DefaultJvmTestSuite$$Lambda+0x00000279c57bed00
instanceKlass  @bci org/gradle/api/plugins/jvm/internal/DefaultJvmTestSuiteTarget_Decorated $gradleInit ()V 1 <appendix> member <vmtarget> ; # org/gradle/api/plugins/jvm/internal/DefaultJvmTestSuiteTarget_Decorated$$Lambda+0x00000279c57beae0
instanceKlass  @bci org/gradle/api/plugins/jvm/internal/DefaultJvmTestSuiteTarget <init> (Ljava/lang/String;Lorg/gradle/api/tasks/TaskContainer;Lorg/gradle/api/internal/tasks/TaskDependencyFactory;)V 15 <appendix> member <vmtarget> ; # org/gradle/api/plugins/jvm/internal/DefaultJvmTestSuiteTarget$$Lambda+0x00000279c57be8c0
instanceKlass  @bci org/gradle/api/plugins/JvmTestSuitePlugin lambda$apply$7 (Lorg/gradle/api/plugins/jvm/JvmTestSuite;)V 24 <appendix> member <vmtarget> ; # org/gradle/api/plugins/JvmTestSuitePlugin$$Lambda+0x00000279c57be2a8
instanceKlass  @bci org/gradle/api/plugins/jvm/internal/DefaultJvmTestSuite_Decorated $gradleInit ()V 1 <appendix> member <vmtarget> ; # org/gradle/api/plugins/jvm/internal/DefaultJvmTestSuite_Decorated$$Lambda+0x00000279c57be088
instanceKlass  @bci org/gradle/api/plugins/jvm/internal/DefaultJvmTestSuite <init> (Ljava/lang/String;Lorg/gradle/api/tasks/SourceSetContainer;Lorg/gradle/api/artifacts/ConfigurationContainer;Lorg/gradle/api/internal/tasks/TaskDependencyFactory;)V 322 <appendix> member <vmtarget> ; # org/gradle/api/plugins/jvm/internal/DefaultJvmTestSuite$$Lambda+0x00000279c57bde68
instanceKlass  @bci org/gradle/api/plugins/jvm/internal/DefaultJvmTestSuite <init> (Ljava/lang/String;Lorg/gradle/api/tasks/SourceSetContainer;Lorg/gradle/api/artifacts/ConfigurationContainer;Lorg/gradle/api/internal/tasks/TaskDependencyFactory;)V 308 <appendix> member <vmtarget> ; # org/gradle/api/plugins/jvm/internal/DefaultJvmTestSuite$$Lambda+0x00000279c57bdc48
instanceKlass  @bci org/gradle/api/plugins/jvm/internal/DefaultJvmTestSuite <init> (Ljava/lang/String;Lorg/gradle/api/tasks/SourceSetContainer;Lorg/gradle/api/artifacts/ConfigurationContainer;Lorg/gradle/api/internal/tasks/TaskDependencyFactory;)V 295 <appendix> member <vmtarget> ; # org/gradle/api/plugins/jvm/internal/DefaultJvmTestSuite$$Lambda+0x00000279c57bda28
instanceKlass  @bci org/gradle/api/internal/AbstractNamedDomainObjectContainer$NamedDomainObjectCreatingProvider_Decorated $gradleInit ()V 1 <appendix> member <vmtarget> ; # org/gradle/api/internal/AbstractNamedDomainObjectContainer$NamedDomainObjectCreatingProvider_Decorated$$Lambda+0x00000279c57bb118
# instanceKlass java/lang/invoke/LambdaForm$MH+0x00000279c57c1400
# instanceKlass java/lang/invoke/LambdaForm$MH+0x00000279c57c1000
# instanceKlass java/lang/invoke/LambdaForm$MH+0x00000279c57c0c00
instanceKlass  @bci org/gradle/api/plugins/jvm/internal/DefaultJvmComponentDependencies_Decorated $gradleInit ()V 1 <appendix> member <vmtarget> ; # org/gradle/api/plugins/jvm/internal/DefaultJvmComponentDependencies_Decorated$$Lambda+0x00000279c57bd808
# instanceKlass java/lang/invoke/LambdaForm$MH+0x00000279c57c0800
# instanceKlass java/lang/invoke/LambdaForm$MH+0x00000279c57c0400
instanceKlass  @bci org/gradle/internal/instantiation/generator/AsmBackedClassGenerator$ClassBuilderImpl getInjectedServiceGetterEpilogue (Lorg/objectweb/asm/Type;Ljava/lang/String;)Lorg/gradle/model/internal/asm/BytecodeFragment; 15 <appendix> member <vmtarget> ; # org/gradle/internal/instantiation/generator/AsmBackedClassGenerator$ClassBuilderImpl$$Lambda+0x00000279c57b9f50
instanceKlass org/gradle/api/plugins/jvm/TestFixturesDependencyModifiers$TestFixturesDependencyModifier
instanceKlass org/gradle/api/plugins/jvm/PlatformDependencyModifiers$EnforcedPlatformDependencyModifier
instanceKlass org/gradle/api/plugins/jvm/PlatformDependencyModifiers$PlatformDependencyModifier
instanceKlass  @bci org/gradle/api/internal/artifacts/dsl/dependencies/DefaultDependencyAdder_Decorated $gradleInit ()V 1 <appendix> member <vmtarget> ; # org/gradle/api/internal/artifacts/dsl/dependencies/DefaultDependencyAdder_Decorated$$Lambda+0x00000279c57b9ae8
instanceKlass org/gradle/api/internal/artifacts/dsl/dependencies/DefaultDependencyAdder
instanceKlass org/gradle/api/plugins/jvm/internal/DefaultJvmComponentDependencies
instanceKlass org/gradle/api/plugins/jvm/internal/DefaultJvmTestSuiteTarget
# instanceKlass java/lang/invoke/LambdaForm$MH+0x00000279c57c0000
instanceKlass org/gradle/api/plugins/jvm/internal/DefaultJvmTestSuite$VersionedTestingFramework
instanceKlass org/gradle/api/plugins/jvm/JvmComponentDependencies
instanceKlass org/gradle/api/artifacts/dsl/GradleDependencies
instanceKlass org/gradle/api/plugins/jvm/TestFixturesDependencyModifiers
instanceKlass org/gradle/api/plugins/jvm/PlatformDependencyModifiers
instanceKlass org/gradle/api/internal/tasks/testing/TestFramework
instanceKlass  @bci org/gradle/api/internal/AbstractPolymorphicDomainObjectContainer$NamedDomainObjectCreatingProvider_Decorated $gradleInit ()V 1 <appendix> member <vmtarget> ; # org/gradle/api/internal/AbstractPolymorphicDomainObjectContainer$NamedDomainObjectCreatingProvider_Decorated$$Lambda+0x00000279c57b72e0
# instanceKlass java/lang/invoke/LambdaForm$MH+0x00000279c57b3c00
instanceKlass  @bci org/gradle/api/plugins/JavaPlugin configureBuiltInTest (Lorg/gradle/api/Project;Lorg/gradle/jvm/component/internal/JvmSoftwareComponentInternal;)V 29 <appendix> member <vmtarget> ; # org/gradle/api/plugins/JavaPlugin$$Lambda+0x00000279c57ab098
instanceKlass  @bci org/gradle/api/plugins/JavaPlugin configureTestTaskOrdering (Lorg/gradle/api/tasks/TaskContainer;)V 18 <appendix> member <vmtarget> ; # org/gradle/api/plugins/JavaPlugin$$Lambda+0x00000279c57aae78
instanceKlass  @bci org/gradle/api/plugins/JavaPlugin configureSourceSets (Lorg/gradle/api/plugins/JavaPluginExtension;Lorg/gradle/internal/execution/BuildOutputCleanupRegistry;)V 7 <appendix> member <vmtarget> ; # org/gradle/api/plugins/JavaPlugin$$Lambda+0x00000279c57aac58
instanceKlass  @bci org/gradle/api/internal/component/DefaultSoftwareComponentContainer_Decorated $gradleInit ()V 1 <appendix> member <vmtarget> ; # org/gradle/api/internal/component/DefaultSoftwareComponentContainer_Decorated$$Lambda+0x00000279c57b65f8
# instanceKlass java/lang/invoke/LambdaForm$MH+0x00000279c57b3800
instanceKlass org/gradle/api/internal/component/SoftwareComponentContainerInternal
instanceKlass  @bci org/gradle/jvm/component/internal/DefaultJvmSoftwareComponent_Decorated $gradleInit ()V 1 <appendix> member <vmtarget> ; # org/gradle/jvm/component/internal/DefaultJvmSoftwareComponent_Decorated$$Lambda+0x00000279c57aaa38
instanceKlass org/gradle/api/internal/java/usagecontext/ConfigurationVariantDetailsInternal
instanceKlass org/gradle/api/component/ConfigurationVariantDetails
instanceKlass org/gradle/api/internal/java/usagecontext/ConfigurationVariantMapping
instanceKlass  @bci org/gradle/jvm/component/internal/DefaultJvmSoftwareComponent configurePublishing (Lorg/gradle/api/plugins/PluginContainer;Lorg/gradle/api/plugins/ExtensionContainer;Lorg/gradle/api/tasks/SourceSet;)V 5 <appendix> member <vmtarget> ; # org/gradle/jvm/component/internal/DefaultJvmSoftwareComponent$$Lambda+0x00000279c57aa408
instanceKlass  @bci org/gradle/api/internal/collections/AbstractIterationOrderRetainingElementSource cachingElement (Lorg/gradle/api/internal/provider/CollectionProviderInternal;)Lorg/gradle/api/internal/collections/AbstractIterationOrderRetainingElementSource$Element; 44 <appendix> member <vmtarget> ; # org/gradle/api/internal/collections/AbstractIterationOrderRetainingElementSource$$Lambda+0x00000279c57b46e8
instanceKlass org/gradle/api/internal/provider/ChangingValueHandler
instanceKlass  @bci org/gradle/api/internal/collections/AbstractIterationOrderRetainingElementSource cachingElement (Lorg/gradle/api/internal/provider/CollectionProviderInternal;)Lorg/gradle/api/internal/collections/AbstractIterationOrderRetainingElementSource$Element; 19 <appendix> member <vmtarget> ; # org/gradle/api/internal/collections/AbstractIterationOrderRetainingElementSource$$Lambda+0x00000279c57b4298
instanceKlass org/gradle/api/internal/provider/Collectors$ElementsFromCollectionProvider
instanceKlass org/gradle/api/internal/provider/AbstractCollectionProperty$CollectingSupplier
instanceKlass  @bci org/gradle/api/internal/artifacts/configurations/DefaultConfigurationPublications artifacts (Lorg/gradle/api/provider/Provider;Lorg/gradle/api/Action;)V 7 <appendix> member <vmtarget> ; # org/gradle/api/internal/artifacts/configurations/DefaultConfigurationPublications$$Lambda+0x00000279c57aa1e8
instanceKlass  @bci org/gradle/jvm/component/internal/DefaultJvmSoftwareComponent createSourceElements (Lorg/gradle/api/internal/artifacts/configurations/RoleBasedConfigurationContainerInternal;Lorg/gradle/api/provider/ProviderFactory;Lorg/gradle/api/model/ObjectFactory;Lorg/gradle/api/plugins/jvm/internal/JvmFeatureInternal;Lorg/gradle/api/plugins/jvm/internal/JvmPluginServices;)Lorg/gradle/api/artifacts/Configuration; 137 <appendix> argL0 ; # org/gradle/jvm/component/internal/DefaultJvmSoftwareComponent$$Lambda+0x00000279c57a9fd0
instanceKlass  @bci org/gradle/jvm/component/internal/DefaultJvmSoftwareComponent createSourceElements (Lorg/gradle/api/internal/artifacts/configurations/RoleBasedConfigurationContainerInternal;Lorg/gradle/api/provider/ProviderFactory;Lorg/gradle/api/model/ObjectFactory;Lorg/gradle/api/plugins/jvm/internal/JvmFeatureInternal;Lorg/gradle/api/plugins/jvm/internal/JvmPluginServices;)Lorg/gradle/api/artifacts/Configuration; 127 <appendix> member <vmtarget> ; # org/gradle/jvm/component/internal/DefaultJvmSoftwareComponent$$Lambda+0x00000279c57a9db0
instanceKlass org/gradle/api/internal/file/AbstractFileCollection$FileCollectionElementsFactory
instanceKlass org/gradle/api/attributes/VerificationType$Impl
instanceKlass org/gradle/api/attributes/VerificationType
instanceKlass  @bci org/gradle/api/plugins/jvm/internal/DefaultJvmPluginServices configureAsSources (Lorg/gradle/api/attributes/HasConfigurableAttributes;)V 2 <appendix> argL0 ; # org/gradle/api/plugins/jvm/internal/DefaultJvmPluginServices$$Lambda+0x00000279c57a9b98
instanceKlass  @bci org/gradle/api/plugins/internal/JvmPluginsHelper configureJavaDocTask (Ljava/lang/String;Lorg/gradle/api/tasks/SourceSet;Lorg/gradle/api/tasks/TaskContainer;Lorg/gradle/api/plugins/JavaPluginExtension;)V 34 <appendix> member <vmtarget> ; # org/gradle/api/plugins/internal/JvmPluginsHelper$$Lambda+0x00000279c57a9978
instanceKlass  @bci org/gradle/api/internal/artifacts/publish/DecoratingPublishArtifact_Decorated $gradleInit ()V 1 <appendix> member <vmtarget> ; # org/gradle/api/internal/artifacts/publish/DecoratingPublishArtifact_Decorated$$Lambda+0x00000279c57ae980
instanceKlass  @bci org/gradle/api/plugins/jvm/internal/DefaultJvmPluginServices configureClassesDirectoryVariant (Lorg/gradle/api/artifacts/Configuration;Lorg/gradle/api/tasks/SourceSet;)Lorg/gradle/api/artifacts/ConfigurationVariant; 97 <appendix> member <vmtarget> ; # org/gradle/api/plugins/jvm/internal/DefaultJvmPluginServices$$Lambda+0x00000279c57a9758
instanceKlass  @bci org/gradle/api/internal/artifacts/configurations/DefaultVariant_Decorated $gradleInit ()V 1 <appendix> member <vmtarget> ; # org/gradle/api/internal/artifacts/configurations/DefaultVariant_Decorated$$Lambda+0x00000279c57a9538
# instanceKlass java/lang/invoke/LambdaForm$MH+0x00000279c57b3400
# instanceKlass java/lang/invoke/LambdaForm$MH+0x00000279c57b3000
# instanceKlass java/lang/invoke/LambdaForm$MH+0x00000279c57b2c00
# instanceKlass java/lang/invoke/LambdaForm$MH+0x00000279c57b2800
# instanceKlass java/lang/invoke/LambdaForm$MH+0x00000279c57b2400
# instanceKlass java/lang/invoke/LambdaForm$MH+0x00000279c57b2000
# instanceKlass java/lang/invoke/LambdaForm$MH+0x00000279c57b1c00
# instanceKlass java/lang/invoke/LambdaForm$MH+0x00000279c57b1800
instanceKlass org/gradle/api/internal/artifacts/configurations/DefaultVariant
instanceKlass org/gradle/api/internal/artifacts/ConfigurationVariantInternal
instanceKlass  @bci org/gradle/api/internal/FactoryNamedDomainObjectContainer_Decorated $gradleInit ()V 1 <appendix> member <vmtarget> ; # org/gradle/api/internal/FactoryNamedDomainObjectContainer_Decorated$$Lambda+0x00000279c57a7a48
# instanceKlass java/lang/invoke/LambdaForm$MH+0x00000279c57b1400
# instanceKlass java/lang/invoke/LambdaForm$MH+0x00000279c57b1000
# instanceKlass java/lang/invoke/LambdaForm$MH+0x00000279c57b0c00
# instanceKlass java/lang/invoke/LambdaForm$MH+0x00000279c57b0800
# instanceKlass java/lang/invoke/LambdaForm$MH+0x00000279c57b0400
# instanceKlass java/lang/invoke/LambdaForm$MH+0x00000279c57b0000
instanceKlass  @bci org/gradle/api/plugins/jvm/internal/DefaultJvmFeature createRuntimeElements (Lorg/gradle/api/internal/artifacts/configurations/RoleBasedConfigurationContainerInternal;Lorg/gradle/api/artifacts/PublishArtifact;Lorg/gradle/api/tasks/TaskProvider;Lorg/gradle/api/internal/artifacts/configurations/ConfigurationRole;)Lorg/gradle/api/artifacts/Configuration; 70 <appendix> member <vmtarget> ; # org/gradle/api/plugins/jvm/internal/DefaultJvmFeature$$Lambda+0x00000279c57a8b38
instanceKlass  @bci org/gradle/api/plugins/jvm/internal/DefaultJvmPluginServices configureAsRuntimeElements (Lorg/gradle/api/attributes/HasConfigurableAttributes;)V 2 <appendix> argL0 ; # org/gradle/api/plugins/jvm/internal/DefaultJvmPluginServices$$Lambda+0x00000279c57a8920
instanceKlass  @bci org/gradle/api/plugins/jvm/internal/DefaultJvmFeature createApiElements (Lorg/gradle/api/internal/artifacts/configurations/RoleBasedConfigurationContainerInternal;Lorg/gradle/api/artifacts/PublishArtifact;Lorg/gradle/api/tasks/TaskProvider;Lorg/gradle/api/internal/artifacts/configurations/ConfigurationRole;)Lorg/gradle/api/artifacts/Configuration; 70 <appendix> member <vmtarget> ; # org/gradle/api/plugins/jvm/internal/DefaultJvmFeature$$Lambda+0x00000279c57a86f0
instanceKlass  @bci org/gradle/api/plugins/jvm/internal/DefaultJvmPluginServices configureAsApiElements (Lorg/gradle/api/attributes/HasConfigurableAttributes;)V 2 <appendix> argL0 ; # org/gradle/api/plugins/jvm/internal/DefaultJvmPluginServices$$Lambda+0x00000279c57a84d8
instanceKlass org/gradle/api/internal/artifacts/dsl/LazyPublishArtifact
instanceKlass  @bci org/gradle/api/plugins/jvm/internal/DefaultJvmFeature registerOrGetJarTask (Lorg/gradle/api/tasks/SourceSet;Lorg/gradle/api/tasks/TaskContainer;)Lorg/gradle/api/tasks/TaskProvider; 28 <appendix> member <vmtarget> ; # org/gradle/api/plugins/jvm/internal/DefaultJvmFeature$$Lambda+0x00000279c57a8000
instanceKlass org/gradle/api/plugins/jvm/internal/DefaultJvmFeature
instanceKlass  @bci org/gradle/api/plugins/jvm/internal/DefaultJvmPluginServices useDefaultTargetPlatformInference (Lorg/gradle/api/artifacts/Configuration;Lorg/gradle/api/tasks/TaskProvider;)V 76 <appendix> member <vmtarget> ; # org/gradle/api/plugins/jvm/internal/DefaultJvmPluginServices$$Lambda+0x00000279c57a3a90
instanceKlass  @bci org/gradle/api/plugins/jvm/internal/DefaultJvmPluginServices useDefaultTargetPlatformInference (Lorg/gradle/api/artifacts/Configuration;Lorg/gradle/api/tasks/TaskProvider;)V 10 <appendix> argL0 ; # org/gradle/api/plugins/jvm/internal/DefaultJvmPluginServices$$Lambda+0x00000279c57a3858
instanceKlass  @bci org/gradle/api/plugins/JavaBasePlugin configureLibraryElements (Lorg/gradle/api/tasks/TaskProvider;Lorg/gradle/api/tasks/SourceSet;Lorg/gradle/api/artifacts/ConfigurationContainer;Lorg/gradle/api/model/ObjectFactory;)V 25 <appendix> member <vmtarget> ; # org/gradle/api/plugins/JavaBasePlugin$$Lambda+0x00000279c57a3638
instanceKlass  @bci org/gradle/api/plugins/JavaBasePlugin configureLibraryElements (Lorg/gradle/api/tasks/TaskProvider;Lorg/gradle/api/tasks/SourceSet;Lorg/gradle/api/artifacts/ConfigurationContainer;Lorg/gradle/api/model/ObjectFactory;)V 13 <appendix> member <vmtarget> ; # org/gradle/api/plugins/JavaBasePlugin$$Lambda+0x00000279c57a3418
instanceKlass  @bci org/gradle/api/plugins/JavaBasePlugin configureLibraryElements (Lorg/gradle/api/tasks/TaskProvider;Lorg/gradle/api/tasks/SourceSet;Lorg/gradle/api/artifacts/ConfigurationContainer;Lorg/gradle/api/model/ObjectFactory;)V 1 <appendix> argL0 ; # org/gradle/api/plugins/JavaBasePlugin$$Lambda+0x00000279c57a3200
instanceKlass  @bci org/gradle/api/plugins/JavaBasePlugin createClassesTask (Lorg/gradle/api/tasks/SourceSet;Lorg/gradle/api/Project;)V 20 <appendix> member <vmtarget> ; # org/gradle/api/plugins/JavaBasePlugin$$Lambda+0x00000279c57a2fe0
instanceKlass  @bci org/gradle/api/internal/file/DefaultSourceDirectorySet compiledBy (Lorg/gradle/api/tasks/TaskProvider;Ljava/util/function/Function;)V 30 <appendix> member <vmtarget> ; # org/gradle/api/internal/file/DefaultSourceDirectorySet$$Lambda+0x00000279c57a7828
instanceKlass  @bci org/gradle/api/internal/file/DefaultSourceDirectorySet compiledBy (Lorg/gradle/api/tasks/TaskProvider;Ljava/util/function/Function;)V 9 <appendix> member <vmtarget> ; # org/gradle/api/internal/file/DefaultSourceDirectorySet$$Lambda+0x00000279c57a7608
instanceKlass  @bci org/gradle/api/plugins/internal/JvmPluginsHelper configureOutputDirectoryForSourceSet (Lorg/gradle/api/tasks/SourceSet;Lorg/gradle/api/file/SourceDirectorySet;Lorg/gradle/api/Project;Lorg/gradle/api/tasks/TaskProvider;Lorg/gradle/api/provider/Provider;)V 155 <appendix> argL0 ; # org/gradle/api/plugins/internal/JvmPluginsHelper$$Lambda+0x00000279c57a2da8
instanceKlass  @bci org/gradle/api/plugins/internal/JvmPluginsHelper configureOutputDirectoryForSourceSet (Lorg/gradle/api/tasks/SourceSet;Lorg/gradle/api/file/SourceDirectorySet;Lorg/gradle/api/Project;Lorg/gradle/api/tasks/TaskProvider;Lorg/gradle/api/provider/Provider;)V 136 <appendix> argL0 ; # org/gradle/api/plugins/internal/JvmPluginsHelper$$Lambda+0x00000279c57a2b90
instanceKlass org/gradle/api/plugins/internal/JvmPluginsHelper
instanceKlass  @bci org/gradle/api/plugins/JavaBasePlugin createCompileJavaTask (Lorg/gradle/api/tasks/SourceSet;Lorg/gradle/api/file/SourceDirectorySet;Lorg/gradle/api/Project;)Lorg/gradle/api/tasks/TaskProvider; 37 <appendix> argL0 ; # org/gradle/api/plugins/JavaBasePlugin$$Lambda+0x00000279c57a2778
instanceKlass org/gradle/api/tasks/compile/AbstractOptions
instanceKlass org/gradle/api/internal/tasks/compile/JavaCompileSpec
instanceKlass org/gradle/api/internal/tasks/compile/JvmLanguageCompileSpec
instanceKlass org/gradle/language/base/internal/compile/CompileSpec
instanceKlass org/gradle/api/internal/tasks/compile/incremental/recomp/RecompilationSpecProvider
instanceKlass  @bci org/gradle/api/plugins/JavaBasePlugin createCompileJavaTask (Lorg/gradle/api/tasks/SourceSet;Lorg/gradle/api/file/SourceDirectorySet;Lorg/gradle/api/Project;)Lorg/gradle/api/tasks/TaskProvider; 18 <appendix> member <vmtarget> ; # org/gradle/api/plugins/JavaBasePlugin$$Lambda+0x00000279c579b650
instanceKlass  @bci org/gradle/api/plugins/JavaBasePlugin createProcessResourcesTask (Lorg/gradle/api/tasks/SourceSet;Lorg/gradle/api/file/SourceDirectorySet;Lorg/gradle/api/Project;)V 46 <appendix> argL0 ; # org/gradle/api/plugins/JavaBasePlugin$$Lambda+0x00000279c579b438
instanceKlass groovy/util/ObservableList
instanceKlass org/gradle/api/internal/tasks/InputChangesAwareTaskAction
instanceKlass org/gradle/api/internal/tasks/ImplementationAwareTaskAction
instanceKlass org/gradle/api/internal/tasks/TaskRequiredServices
instanceKlass org/gradle/api/internal/tasks/TaskLocalStateInternal
instanceKlass org/gradle/api/tasks/TaskLocalState
instanceKlass org/gradle/api/tasks/TaskDestroyables
instanceKlass org/gradle/api/internal/TaskOutputsInternal
instanceKlass org/gradle/api/internal/TaskInputsInternal
instanceKlass org/gradle/internal/logging/slf4j/ContextAwareTaskLogger
instanceKlass org/gradle/api/tasks/TaskOutputs
instanceKlass org/gradle/api/tasks/TaskState
instanceKlass org/gradle/api/tasks/TaskInputs
instanceKlass  @bci org/gradle/api/plugins/JavaBasePlugin createProcessResourcesTask (Lorg/gradle/api/tasks/SourceSet;Lorg/gradle/api/file/SourceDirectorySet;Lorg/gradle/api/Project;)V 16 <appendix> member <vmtarget> ; # org/gradle/api/plugins/JavaBasePlugin$$Lambda+0x00000279c579b218
instanceKlass  @bci org/gradle/api/plugins/JavaBasePlugin definePathsForSourceSet (Lorg/gradle/api/tasks/SourceSet;Lorg/gradle/api/Project;)V 20 <appendix> member <vmtarget> ; # org/gradle/api/plugins/JavaBasePlugin$$Lambda+0x00000279c579aff8
instanceKlass  @bci org/gradle/api/internal/tasks/DefaultSourceSetOutput_Decorated getConventionWhileDisabledDeprecationLogger ()Lorg/gradle/api/plugins/Convention; 1 <appendix> member <vmtarget> ; # org/gradle/api/internal/tasks/DefaultSourceSetOutput_Decorated$$Lambda+0x00000279c579add8
instanceKlass org/gradle/internal/extensibility/ConventionAwareHelper$MappedPropertyImpl
instanceKlass org/gradle/api/internal/ConventionMapping$MappedProperty
instanceKlass  @bci org/gradle/api/plugins/jvm/internal/DefaultJvmPluginServices configureAsRuntimeClasspath (Lorg/gradle/api/attributes/HasConfigurableAttributes;)V 2 <appendix> argL0 ; # org/gradle/api/plugins/jvm/internal/DefaultJvmPluginServices$$Lambda+0x00000279c579abc0
instanceKlass org/gradle/api/attributes/java/TargetJvmEnvironment$Impl
instanceKlass  @bci org/gradle/api/plugins/jvm/internal/DefaultJvmEcosystemAttributesDetails_Decorated $gradleInit ()V 1 <appendix> member <vmtarget> ; # org/gradle/api/plugins/jvm/internal/DefaultJvmEcosystemAttributesDetails_Decorated$$Lambda+0x00000279c579a9a0
instanceKlass org/gradle/api/plugins/jvm/internal/DefaultJvmEcosystemAttributesDetails
instanceKlass  @bci org/gradle/api/plugins/jvm/internal/DefaultJvmPluginServices configureAsCompileClasspath (Lorg/gradle/api/attributes/HasConfigurableAttributes;)V 2 <appendix> argL0 ; # org/gradle/api/plugins/jvm/internal/DefaultJvmPluginServices$$Lambda+0x00000279c579a040
instanceKlass  @bci org/gradle/api/internal/tasks/DefaultSourceSetOutput_Decorated $gradleInit ()V 1 <appendix> member <vmtarget> ; # org/gradle/api/internal/tasks/DefaultSourceSetOutput_Decorated$$Lambda+0x00000279c5799e20
instanceKlass org/gradle/api/internal/file/collections/DefaultConfigurableFileCollection$UnresolvedItemsCollector
instanceKlass  @bci org/gradle/api/internal/tasks/DefaultSourceSetOutput <init> (Ljava/lang/String;Lorg/gradle/api/internal/tasks/TaskDependencyFactory;Lorg/gradle/api/internal/file/FileResolver;Lorg/gradle/api/internal/file/FileCollectionFactory;)V 88 <appendix> member <vmtarget> ; # org/gradle/api/internal/tasks/DefaultSourceSetOutput$$Lambda+0x00000279c5799c00
instanceKlass org/gradle/api/internal/file/collections/DefaultConfigurableFileCollection$EmptyCollector
instanceKlass org/gradle/api/internal/file/collections/DefaultConfigurableFileCollection$ValueCollector
# instanceKlass java/lang/invoke/LambdaForm$MH+0x00000279c57a1c00
# instanceKlass java/lang/invoke/LambdaForm$MH+0x00000279c57a1800
# instanceKlass java/lang/invoke/LambdaForm$MH+0x00000279c57a1400
instanceKlass org/gradle/api/internal/tasks/DefaultSourceSetOutput$DirectoryContribution
instanceKlass  @bci org/gradle/api/internal/tasks/DefaultSourceSet_Decorated $gradleInit ()V 1 <appendix> member <vmtarget> ; # org/gradle/api/internal/tasks/DefaultSourceSet_Decorated$$Lambda+0x00000279c5799050
instanceKlass  @bci org/gradle/api/internal/tasks/DefaultSourceSet <init> (Ljava/lang/String;Lorg/gradle/api/model/ObjectFactory;)V 220 <appendix> member <vmtarget> ; # org/gradle/api/internal/tasks/DefaultSourceSet$$Lambda+0x00000279c5798e20
instanceKlass org/gradle/api/internal/lambdas/SerializableLambdas$SerializableSpec
instanceKlass  @bci org/gradle/api/internal/file/DefaultSourceDirectorySet_Decorated $gradleInit ()V 1 <appendix> member <vmtarget> ; # org/gradle/api/internal/file/DefaultSourceDirectorySet_Decorated$$Lambda+0x00000279c579dab0
instanceKlass org/gradle/api/internal/file/DefaultSourceDirectorySet$SourceDirectories
instanceKlass org/gradle/internal/typeconversion/CharSequenceNotationParser
# instanceKlass java/lang/invoke/LambdaForm$MH+0x00000279c57a1000
# instanceKlass java/lang/invoke/LambdaForm$MH+0x00000279c57a0c00
# instanceKlass java/lang/invoke/LambdaForm$MH+0x00000279c57a0800
# instanceKlass java/lang/invoke/LambdaForm$MH+0x00000279c57a0400
# instanceKlass java/lang/invoke/LambdaForm$MH+0x00000279c57a0000
instanceKlass org/gradle/model/internal/core/UnmanagedStruct
instanceKlass org/gradle/api/internal/file/collections/DirectoryFileTree
instanceKlass org/gradle/api/internal/file/collections/LocalFileTree
instanceKlass org/gradle/api/internal/file/collections/RandomAccessFileCollection
instanceKlass org/gradle/api/internal/file/collections/PatternFilterableFileTree
instanceKlass org/gradle/api/internal/jvm/ClassDirectoryBinaryNamingScheme
instanceKlass org/gradle/api/file/FileTreeElement
instanceKlass org/gradle/api/tasks/SourceSetOutput
instanceKlass org/gradle/api/internal/tasks/DefaultSourceSet
# instanceKlass java/lang/invoke/LambdaForm$MH+0x00000279c5795400
# instanceKlass java/lang/invoke/LambdaForm$MH+0x00000279c5795000
# instanceKlass java/lang/invoke/LambdaForm$MH+0x00000279c5794c00
# instanceKlass java/lang/invoke/LambdaForm$MH+0x00000279c5794800
# instanceKlass java/lang/invoke/LambdaForm$MH+0x00000279c5794400
instanceKlass org/gradle/api/internal/component/UsageContext
instanceKlass org/gradle/api/component/SoftwareComponentVariant
instanceKlass org/gradle/api/publish/maven/MavenPublication
instanceKlass org/gradle/api/publish/plugins/PublishingPlugin
instanceKlass org/gradle/api/publish/ivy/IvyPublication
instanceKlass org/gradle/api/publish/Publication
instanceKlass org/gradle/api/plugins/jvm/internal/JvmFeatureInternal
instanceKlass org/gradle/api/plugins/internal/DefaultAdhocSoftwareComponent
instanceKlass org/gradle/api/internal/component/SoftwareComponentInternal
instanceKlass org/gradle/api/component/AdhocComponentWithVariants
instanceKlass  @bci org/gradle/api/plugins/JvmTestSuitePlugin configureTestDataElementsVariants (Lorg/gradle/api/internal/project/ProjectInternal;)V 34 <appendix> member <vmtarget> ; # org/gradle/api/plugins/JvmTestSuitePlugin$$Lambda+0x00000279c57928e8
instanceKlass  @bci org/gradle/api/plugins/JvmTestSuitePlugin apply (Lorg/gradle/api/Project;)V 114 <appendix> member <vmtarget> ; # org/gradle/api/plugins/JvmTestSuitePlugin$$Lambda+0x00000279c57926c8
# instanceKlass java/lang/invoke/LambdaForm$MH+0x00000279c5794000
instanceKlass  @bci org/gradle/api/plugins/JvmTestSuitePlugin apply (Lorg/gradle/api/Project;)V 94 <appendix> member <vmtarget> ; # org/gradle/api/plugins/JvmTestSuitePlugin$$Lambda+0x00000279c57924a8
instanceKlass org/gradle/api/plugins/jvm/internal/DefaultJvmTestSuite
instanceKlass  @bci org/gradle/testing/base/internal/DefaultTestingExtension_Decorated $gradleInit ()V 1 <appendix> member <vmtarget> ; # org/gradle/testing/base/internal/DefaultTestingExtension_Decorated$$Lambda+0x00000279c5791ea8
instanceKlass org/gradle/testing/base/internal/DefaultTestingExtension
instanceKlass org/gradle/testing/base/TestingExtension
instanceKlass  @bci org/gradle/testing/base/plugins/TestSuiteBasePlugin$Inject $gradleInit ()V 1 <appendix> member <vmtarget> ; # org/gradle/testing/base/plugins/TestSuiteBasePlugin$Inject$$Lambda+0x00000279c57914b0
instanceKlass org/gradle/testing/base/plugins/TestSuiteBasePlugin
instanceKlass  @bci org/gradle/api/plugins/JvmTestSuitePlugin$Inject $gradleInit ()V 1 <appendix> member <vmtarget> ; # org/gradle/api/plugins/JvmTestSuitePlugin$Inject$$Lambda+0x00000279c5790d48
instanceKlass org/gradle/api/plugins/jvm/JvmTestSuiteTarget
instanceKlass org/gradle/testing/base/TestSuiteTarget
instanceKlass org/gradle/api/attributes/TestSuiteType
instanceKlass org/gradle/api/plugins/JvmTestSuitePlugin
instanceKlass  @bci org/gradle/api/plugins/JavaBasePlugin configureArchiveDefaults (Lorg/gradle/api/Project;)V 31 <appendix> member <vmtarget> ; # org/gradle/api/plugins/JavaBasePlugin$$Lambda+0x00000279c5790430
instanceKlass  @bci org/gradle/api/plugins/JavaBasePlugin configureBuildDependents (Lorg/gradle/api/Project;)V 8 <appendix> argL0 ; # org/gradle/api/plugins/JavaBasePlugin$$Lambda+0x00000279c5790218
instanceKlass  @bci org/gradle/api/plugins/JavaBasePlugin configureBuildNeeded (Lorg/gradle/api/Project;)V 8 <appendix> argL0 ; # org/gradle/api/plugins/JavaBasePlugin$$Lambda+0x00000279c5790000
instanceKlass  @bci org/gradle/api/plugins/JavaBasePlugin configureTest (Lorg/gradle/api/Project;Lorg/gradle/api/plugins/JavaPluginExtension;)V 16 <appendix> member <vmtarget> ; # org/gradle/api/plugins/JavaBasePlugin$$Lambda+0x00000279c578fbe8
instanceKlass  @bci org/gradle/api/plugins/JavaBasePlugin configureJavaDoc (Lorg/gradle/api/Project;Lorg/gradle/api/plugins/JavaPluginExtension;)V 16 <appendix> member <vmtarget> ; # org/gradle/api/plugins/JavaBasePlugin$$Lambda+0x00000279c578f9c8
instanceKlass  @bci org/gradle/api/plugins/JavaBasePlugin configureSourceSetDefaults (Lorg/gradle/api/Project;Lorg/gradle/api/plugins/JavaPluginExtension;)V 8 <appendix> member <vmtarget> ; # org/gradle/api/plugins/JavaBasePlugin$$Lambda+0x00000279c578f7a8
instanceKlass  @bci org/gradle/api/plugins/JavaBasePlugin configureCompileDefaults (Lorg/gradle/api/Project;Lorg/gradle/api/plugins/internal/DefaultJavaPluginExtension;)V 15 <appendix> member <vmtarget> ; # org/gradle/api/plugins/JavaBasePlugin$$Lambda+0x00000279c578f588
instanceKlass  @bci org/gradle/api/plugins/internal/DefaultJavaPluginConvention_Decorated $gradleInit ()V 1 <appendix> member <vmtarget> ; # org/gradle/api/plugins/internal/DefaultJavaPluginConvention_Decorated$$Lambda+0x00000279c578f368
instanceKlass org/gradle/api/plugins/JavaPluginConvention
instanceKlass  @bci org/gradle/api/plugins/JavaBasePlugin addExtensions (Lorg/gradle/api/Project;)Lorg/gradle/api/plugins/internal/DefaultJavaPluginExtension; 78 <appendix> member <vmtarget> ; # org/gradle/api/plugins/JavaBasePlugin$$Lambda+0x00000279c578e310
instanceKlass  @bci org/gradle/api/plugins/internal/DefaultJavaPluginExtension_Decorated $gradleInit ()V 1 <appendix> member <vmtarget> ; # org/gradle/api/plugins/internal/DefaultJavaPluginExtension_Decorated$$Lambda+0x00000279c578e0f0
instanceKlass  @bci org/gradle/internal/jvm/DefaultModularitySpec_Decorated $gradleInit ()V 1 <appendix> member <vmtarget> ; # org/gradle/internal/jvm/DefaultModularitySpec_Decorated$$Lambda+0x00000279c578ba18
instanceKlass org/gradle/internal/jvm/DefaultModularitySpec
instanceKlass org/gradle/api/jvm/ModularitySpec
instanceKlass org/gradle/api/java/archives/Manifest
instanceKlass  @bci org/gradle/jvm/toolchain/internal/DefaultToolchainSpec_Decorated $gradleInit ()V 1 <appendix> member <vmtarget> ; # org/gradle/jvm/toolchain/internal/DefaultToolchainSpec_Decorated$$Lambda+0x00000279c578d770
instanceKlass  @bci org/gradle/jvm/toolchain/internal/DefaultJavaToolchainService_Decorated $gradleInit ()V 1 <appendix> member <vmtarget> ; # org/gradle/jvm/toolchain/internal/DefaultJavaToolchainService_Decorated$$Lambda+0x00000279c578d100
# instanceKlass java/lang/invoke/LambdaForm$MH+0x00000279c578ac00
# instanceKlass java/lang/invoke/LambdaForm$MH+0x00000279c578a800
# instanceKlass java/lang/invoke/LambdaForm$MH+0x00000279c578a400
instanceKlass org/gradle/language/java/internal/JavaLanguagePluginServiceRegistry$JavaProjectScopeServices$1
instanceKlass org/gradle/api/internal/tasks/compile/daemon/CompilerWorkerExecutor
instanceKlass org/gradle/language/base/internal/compile/Compiler
instanceKlass org/gradle/api/internal/tasks/compile/DefaultJavaCompilerFactory
# instanceKlass java/lang/invoke/LambdaForm$MH+0x00000279c578a000
# instanceKlass java/lang/invoke/LambdaForm$MH+0x00000279c5789c00
# instanceKlass java/lang/invoke/LambdaForm$MH+0x00000279c5789800
# instanceKlass java/lang/invoke/LambdaForm$MH+0x00000279c5789400
# instanceKlass java/lang/invoke/LambdaForm$MH+0x00000279c5789000
# instanceKlass java/lang/invoke/LambdaForm$MH+0x00000279c5788c00
# instanceKlass java/lang/invoke/LambdaForm$MH+0x00000279c5788800
instanceKlass org/gradle/api/internal/tasks/compile/processing/AnnotationProcessorDeclarationSerializer
instanceKlass org/gradle/api/internal/tasks/compile/processing/AnnotationProcessorDetector$ProcessorServiceLocator
instanceKlass org/gradle/process/internal/worker/child/DefaultWorkerDirectoryProvider
instanceKlass org/gradle/workers/internal/WorkerDaemonExpiration
instanceKlass org/gradle/workers/internal/WorkerDaemonClientsManager$LogLevelChangeEventListener
instanceKlass org/gradle/workers/internal/WorkerDaemonClientsManager$StopSessionScopedWorkers
instanceKlass org/gradle/workers/internal/WorkerDaemonClientsManager$WorkerProcessCleanupAction
instanceKlass org/gradle/workers/internal/WorkerDaemonStarter
instanceKlass org/gradle/process/internal/health/memory/MemoryHolder
# instanceKlass java/lang/invoke/LambdaForm$MH+0x00000279c5788400
# instanceKlass java/lang/invoke/LambdaForm$MH+0x00000279c5788000
# instanceKlass java/lang/invoke/LambdaForm$MH+0x00000279c5781c00
# instanceKlass java/lang/invoke/LambdaForm$MH+0x00000279c5781800
# instanceKlass java/lang/invoke/LambdaForm$MH+0x00000279c5781400
# instanceKlass java/lang/invoke/LambdaForm$MH+0x00000279c5781000
# instanceKlass java/lang/invoke/LambdaForm$MH+0x00000279c5780c00
# instanceKlass java/lang/invoke/LambdaForm$MH+0x00000279c5780800
instanceKlass org/gradle/workers/internal/DefaultActionExecutionSpecFactory
instanceKlass org/gradle/internal/snapshot/impl/AbstractSetSnapshot
instanceKlass org/gradle/internal/snapshot/impl/AbstractListSnapshot
instanceKlass org/gradle/internal/snapshot/impl/EnumValueSnapshot
instanceKlass org/gradle/internal/snapshot/impl/JavaSerializedValueSnapshot
instanceKlass org/gradle/internal/snapshot/impl/NullValueSnapshot
instanceKlass org/gradle/internal/snapshot/impl/AbstractManagedValueSnapshot
instanceKlass org/gradle/workers/internal/IsolatableSerializerRegistry$IsolatedSetSerializer
instanceKlass org/gradle/workers/internal/IsolatableSerializerRegistry$IsolatedListSerializer
instanceKlass org/gradle/workers/internal/IsolatableSerializerRegistry$IsolatedArraySerializer
instanceKlass org/gradle/internal/snapshot/impl/AbstractMapSnapshot
instanceKlass org/gradle/workers/internal/IsolatableSerializerRegistry$AbstractIsolatedMapSerializer
instanceKlass org/gradle/workers/internal/IsolatableSerializerRegistry$IsolatedEnumValueSnapshotSerializer
instanceKlass org/gradle/workers/internal/IsolatableSerializerRegistry$NullValueSnapshotSerializer
instanceKlass org/gradle/workers/internal/IsolatableSerializerRegistry$IsolatedJavaSerializedValueSnapshotSerializer
instanceKlass org/gradle/workers/internal/IsolatableSerializerRegistry$FileValueSnapshotSerializer
instanceKlass org/gradle/workers/internal/IsolatableSerializerRegistry$IsolatedImmutableManagedValueSerializer
instanceKlass org/gradle/workers/internal/IsolatableSerializerRegistry$IsolatedManagedValueSerializer
instanceKlass org/gradle/workers/internal/IsolatableSerializerRegistry$AttributeDefinitionSnapshotSerializer
instanceKlass org/gradle/workers/internal/IsolatableSerializerRegistry$LongValueSnapshotSerializer
instanceKlass org/gradle/workers/internal/IsolatableSerializerRegistry$IntegerValueSnapshotSerializer
instanceKlass org/gradle/workers/internal/IsolatableSerializerRegistry$ShortValueSnapshotSerializer
instanceKlass org/gradle/workers/internal/IsolatableSerializerRegistry$BooleanValueSnapshotSerializer
instanceKlass org/gradle/workers/internal/IsolatableSerializerRegistry$StringValueSnapshotSerializer
instanceKlass org/gradle/workers/internal/IsolatableSerializerRegistry$IsolatableSerializer
instanceKlass java/lang/Byte$ByteCache
instanceKlass org/gradle/process/internal/worker/child/ApplicationClassesInSystemClassLoaderWorkerImplementationFactory
instanceKlass org/gradle/process/internal/worker/SingleRequestWorkerProcessBuilder
instanceKlass org/gradle/process/internal/worker/MultiRequestWorkerProcessBuilder
instanceKlass org/gradle/process/internal/worker/WorkerProcessBuilder
instanceKlass org/gradle/process/internal/worker/WorkerProcessSettings
instanceKlass org/gradle/process/internal/worker/DefaultWorkerProcessFactory
# instanceKlass java/lang/invoke/LambdaForm$MH+0x00000279c5780400
# instanceKlass java/lang/invoke/LambdaForm$MH+0x00000279c5780000
# instanceKlass java/lang/invoke/LambdaForm$MH+0x00000279c575bc00
# instanceKlass java/lang/invoke/LambdaForm$MH+0x00000279c575b800
# instanceKlass java/lang/invoke/LambdaForm$MH+0x00000279c575b400
# instanceKlass java/lang/invoke/LambdaForm$MH+0x00000279c575b000
# instanceKlass java/lang/invoke/LambdaForm$MH+0x00000279c575ac00
# instanceKlass java/lang/invoke/LambdaForm$MH+0x00000279c575a800
# instanceKlass java/lang/invoke/LambdaForm$MH+0x00000279c575a400
instanceKlass org/gradle/process/internal/health/memory/DefaultMemoryManager$MemoryCheck
instanceKlass org/gradle/process/internal/health/memory/DefaultMemoryManager$OsMemoryListener
instanceKlass org/gradle/process/internal/health/memory/OsMemoryStatusSnapshot
# instanceKlass java/lang/invoke/LambdaForm$MH+0x00000279c575a000
# instanceKlass java/lang/invoke/LambdaForm$MH+0x00000279c5759c00
# instanceKlass java/lang/invoke/LambdaForm$BMH+0x00000279c5759800
# instanceKlass java/lang/invoke/LambdaForm$MH+0x00000279c5759400
# instanceKlass java/lang/invoke/LambdaForm$MH+0x00000279c5759000
# instanceKlass java/lang/invoke/LambdaForm$MH+0x00000279c5758400
instanceKlass sun/reflect/misc/Trampoline
instanceKlass sun/reflect/misc/MethodUtil$1
instanceKlass jdk/management/jfr/FlightRecorderMXBeanImpl$MXBeanListener
instanceKlass jdk/jfr/FlightRecorderListener
instanceKlass jdk/jfr/FlightRecorder
instanceKlass jdk/jfr/Recording
instanceKlass javax/management/NotificationFilter
instanceKlass javax/management/NotificationListener
instanceKlass javax/management/StandardMBean$MBeanInfoSafeAction
instanceKlass jdk/jfr/internal/management/StreamManager
instanceKlass jdk/management/jfr/ConfigurationInfo
instanceKlass jdk/management/jfr/EventTypeInfo
instanceKlass jdk/management/jfr/RecordingInfo
instanceKlass sun/reflect/generics/tree/LongSignature
instanceKlass jdk/management/jfr/SettingDescriptorInfo$1
instanceKlass jdk/management/jfr/SettingDescriptorInfo
instanceKlass  @bci java/lang/management/DefaultPlatformMBeanProvider$10 nameToMBeanMap ()Ljava/util/Map; 36 <appendix> member <vmtarget> ; # java/lang/management/DefaultPlatformMBeanProvider$10$$Lambda+0x00000279c577dde8
instanceKlass sun/management/ManagementFactoryHelper$1
instanceKlass  @bci sun/management/ManagementFactoryHelper getBufferPoolMXBeans ()Ljava/util/List; 25 <appendix> argL0 ; # sun/management/ManagementFactoryHelper$$Lambda+0x00000279c577d938
instanceKlass java/lang/management/BufferPoolMXBean
instanceKlass sun/nio/ch/FileChannelImpl$3
instanceKlass sun/nio/ch/FileChannelImpl$2
instanceKlass jdk/internal/misc/VM$BufferPoolsHolder
instanceKlass com/sun/management/VMOption
instanceKlass com/sun/management/internal/HotSpotDiagnostic
instanceKlass com/sun/management/HotSpotDiagnosticMXBean
instanceKlass com/sun/management/GcInfo
instanceKlass javax/management/openmbean/CompositeDataView
instanceKlass  @bci jdk/jfr/internal/dcmd/DCmdCheck printHelp ()[Ljava/lang/String; 6 <appendix> argL0 ; # jdk/jfr/internal/dcmd/DCmdCheck$$Lambda+0x00000279c577be80
instanceKlass  @bci jdk/jfr/internal/dcmd/DCmdDump printHelp ()[Ljava/lang/String; 27 <appendix> argL0 ; # jdk/jfr/internal/dcmd/DCmdDump$$Lambda+0x00000279c577bc68
instanceKlass  @bci jdk/jfr/internal/dcmd/DCmdStart printHelp ()[Ljava/lang/String; 26 <appendix> argL0 ; # jdk/jfr/internal/dcmd/DCmdStart$$Lambda+0x00000279c577ba50
instanceKlass  @bci jdk/jfr/internal/jfc/model/JFCModel add (Ljdk/jfr/internal/jfc/model/ControlElement;)V 10 <appendix> argL0 ; # jdk/jfr/internal/jfc/model/JFCModel$$Lambda+0x00000279c577b818
instanceKlass  @bci jdk/jfr/internal/jfc/model/JFCModel <init> (Ljdk/jfr/internal/jfc/model/XmlConfiguration;)V 25 <appendix> argL0 ; # jdk/jfr/internal/jfc/model/JFCModel$$Lambda+0x00000279c577b5f0
instanceKlass jdk/jfr/internal/jfc/model/ControlElement
# instanceKlass java/lang/invoke/LambdaForm$DMH+0x00000279c5758000
# instanceKlass java/lang/invoke/LambdaForm$DMH+0x00000279c5753c00
instanceKlass jdk/jfr/internal/jfc/model/SettingsLog
instanceKlass jdk/jfr/internal/jfc/model/Utilities
instanceKlass jdk/jfr/internal/jfc/model/XmlElement
instanceKlass jdk/internal/util/xml/impl/Input
instanceKlass jdk/internal/org/xml/sax/InputSource
instanceKlass jdk/internal/org/xml/sax/helpers/DefaultHandler
instanceKlass jdk/internal/org/xml/sax/ErrorHandler
instanceKlass jdk/internal/org/xml/sax/ContentHandler
instanceKlass jdk/internal/org/xml/sax/DTDHandler
instanceKlass jdk/internal/org/xml/sax/EntityResolver
instanceKlass jdk/internal/util/xml/impl/Pair
instanceKlass jdk/internal/util/xml/impl/Attrs
instanceKlass jdk/internal/org/xml/sax/Attributes
instanceKlass jdk/internal/util/xml/impl/Parser
instanceKlass jdk/internal/org/xml/sax/Locator
instanceKlass jdk/internal/org/xml/sax/XMLReader
instanceKlass jdk/internal/util/xml/SAXParser
instanceKlass jdk/jfr/internal/jfc/model/Parser
instanceKlass sun/nio/ch/Streams
instanceKlass java/nio/channels/Channels
instanceKlass  @bci jdk/jfr/internal/SecuritySupport newFileInputStream (Ljdk/jfr/internal/SecuritySupport$SafePath;)Ljava/io/InputStream; 1 <appendix> member <vmtarget> ; # jdk/jfr/internal/SecuritySupport$$Lambda+0x00000279c57753d8
instanceKlass  @bci jdk/jfr/internal/SecuritySupport getFileSize (Ljdk/jfr/internal/SecuritySupport$SafePath;)J 1 <appendix> member <vmtarget> ; # jdk/jfr/internal/SecuritySupport$$Lambda+0x00000279c57751b8
instanceKlass jdk/jfr/internal/jfc/JFC$KnownConfiguration
instanceKlass jdk/jfr/internal/jfc/model/JFCModel
instanceKlass  @bci jdk/jfr/internal/dcmd/DCmdStart jfcOptions ()Ljava/lang/String; 45 <appendix> argL0 ; # jdk/jfr/internal/dcmd/DCmdStart$$Lambda+0x00000279c5774b80
instanceKlass jdk/jfr/internal/jfc/JFC
instanceKlass  @bci jdk/jfr/internal/SecuritySupport isDirectory (Ljdk/jfr/internal/SecuritySupport$SafePath;)Z 1 <appendix> member <vmtarget> ; # jdk/jfr/internal/SecuritySupport$$Lambda+0x00000279c5774760
instanceKlass java/nio/file/Files$1
instanceKlass sun/nio/fs/WindowsFileSystem$2
instanceKlass java/nio/file/PathMatcher
instanceKlass sun/nio/fs/Globs
instanceKlass jdk/jfr/internal/SecuritySupport$1
instanceKlass  @bci jdk/jfr/internal/SecuritySupport getPredefinedJFCFiles ()Ljava/util/List; 8 <appendix> argL0 ; # jdk/jfr/internal/SecuritySupport$$Lambda+0x00000279c57738b0
instanceKlass jdk/jfr/internal/consumer/FileAccess
instanceKlass jdk/jfr/internal/SecuritySupport$4
instanceKlass  @bci jdk/jfr/internal/SecuritySupport getPathInProperty (Ljava/lang/String;Ljava/lang/String;)Ljdk/jfr/internal/SecuritySupport$SafePath; 2 <appendix> member <vmtarget> ; # jdk/jfr/internal/SecuritySupport$$Lambda+0x00000279c5772b58
instanceKlass jdk/jfr/internal/SecuritySupport$SafePath
instanceKlass jdk/jfr/internal/SecuritySupport$CallableWithoutCheckException
instanceKlass jdk/jfr/internal/SecuritySupport
instanceKlass  @bci jdk/jfr/internal/dcmd/DCmdStop printHelp ()[Ljava/lang/String; 19 <appendix> argL0 ; # jdk/jfr/internal/dcmd/DCmdStop$$Lambda+0x00000279c5771ec8
instanceKlass  @bci jdk/jfr/internal/dcmd/DCmdView printHelp ()[Ljava/lang/String; 111 <appendix> argL0 ; # jdk/jfr/internal/dcmd/DCmdView$$Lambda+0x00000279c5771cb0
instanceKlass jdk/jfr/internal/util/Columnizer$Column
instanceKlass jdk/jfr/internal/util/Tokenizer
instanceKlass  @bci jdk/internal/module/SystemModuleFinders$SystemModuleReader open (Ljava/lang/String;)Ljava/util/Optional; 6 <appendix> member <vmtarget> ; # jdk/internal/module/SystemModuleFinders$SystemModuleReader$$Lambda+0x00000279c5771440
instanceKlass jdk/jfr/internal/query/ViewFile
instanceKlass jdk/jfr/internal/util/Columnizer
instanceKlass jdk/jfr/internal/query/ViewPrinter
instanceKlass  @bci java/util/stream/ReferencePipeline toArray ()[Ljava/lang/Object; 1 <appendix> argL0 ; # java/util/stream/ReferencePipeline$$Lambda+0x00000279c5770c10
instanceKlass java/util/ImmutableCollections$Access$1
instanceKlass jdk/internal/access/JavaUtilCollectionAccess
instanceKlass java/util/ImmutableCollections$Access
instanceKlass java/lang/StringLatin1$LinesSpliterator
instanceKlass com/sun/management/internal/DiagnosticCommandImpl$Wrapper
instanceKlass jdk/jfr/internal/util/Output$LinePrinter
instanceKlass jdk/jfr/internal/util/Output
instanceKlass jdk/jfr/internal/dcmd/AbstractDCmd
instanceKlass com/sun/management/internal/DiagnosticCommandArgumentInfo
instanceKlass com/sun/management/internal/DiagnosticCommandInfo
instanceKlass com/sun/management/internal/DiagnosticCommandImpl$OperationInfoComparator
instanceKlass sun/management/ClassLoadingImpl
instanceKlass java/lang/management/ClassLoadingMXBean
instanceKlass javax/management/MBeanInfo$ArrayGettersSafeAction
instanceKlass javax/management/openmbean/OpenMBeanOperationInfo
instanceKlass java/util/logging/Logging
instanceKlass java/util/logging/LoggingMXBean
instanceKlass sun/management/ManagementFactoryHelper$PlatformLoggingImpl
instanceKlass java/lang/management/PlatformLoggingMXBean
instanceKlass sun/management/CompilationImpl
instanceKlass java/lang/management/CompilationMXBean
instanceKlass sun/management/VMManagementImpl$1
instanceKlass  @bci java/lang/management/DefaultPlatformMBeanProvider$5 nameToMBeanMap ()Ljava/util/Map; 21 <appendix> argL0 ; # java/lang/management/DefaultPlatformMBeanProvider$5$$Lambda+0x00000279c576b728
instanceKlass  @bci java/lang/management/DefaultPlatformMBeanProvider$5 nameToMBeanMap ()Ljava/util/Map; 11 <appendix> member <vmtarget> ; # java/lang/management/DefaultPlatformMBeanProvider$5$$Lambda+0x00000279c576b4d8
instanceKlass javax/management/DescriptorKey
instanceKlass sun/management/BaseOperatingSystemImpl
instanceKlass com/sun/management/OperatingSystemMXBean
instanceKlass java/lang/management/OperatingSystemMXBean
instanceKlass com/sun/jmx/mbeanserver/PerInterface$MethodAndSig
instanceKlass  @bci com/sun/jmx/mbeanserver/MXBeanIntrospector getMBeanOperationInfo (Ljava/lang/String;Lcom/sun/jmx/mbeanserver/ConvertingMethod;)Ljavax/management/MBeanOperationInfo; 72 <appendix> form vmentry <vmtarget> ; # java/lang/invoke/LambdaForm$MH+0x00000279c5753800
instanceKlass  @bci com/sun/jmx/mbeanserver/MXBeanIntrospector getMBeanOperationInfo (Ljava/lang/String;Lcom/sun/jmx/mbeanserver/ConvertingMethod;)Ljavax/management/MBeanOperationInfo; 72 <appendix> argL3 form vmentry <vmtarget> ; # java/lang/invoke/LambdaForm$MH+0x00000279c5753400
# instanceKlass java/lang/invoke/LambdaForm$MH+0x00000279c5753000
# instanceKlass java/lang/invoke/LambdaForm$MH+0x00000279c5752c00
instanceKlass  @bci com/sun/jmx/mbeanserver/MXBeanIntrospector getMBeanOperationInfo (Ljava/lang/String;Lcom/sun/jmx/mbeanserver/ConvertingMethod;)Ljavax/management/MBeanOperationInfo; 72 <appendix> argL1 form vmentry <vmtarget> ; # java/lang/invoke/LambdaForm$MH+0x00000279c5752800
# instanceKlass java/lang/invoke/LambdaForm$MH+0x00000279c5752400
instanceKlass java/lang/management/LockInfo
instanceKlass java/lang/management/ThreadInfo
instanceKlass sun/management/ThreadImpl
instanceKlass com/sun/management/ThreadMXBean
instanceKlass java/lang/management/ThreadMXBean
instanceKlass com/sun/jmx/mbeanserver/WeakIdentityHashMap
instanceKlass com/sun/jmx/mbeanserver/MXBeanLookup
instanceKlass com/sun/jmx/mbeanserver/PerInterface$InitMaps
instanceKlass com/sun/jmx/mbeanserver/PerInterface
instanceKlass javax/management/openmbean/OpenMBeanAttributeInfo
instanceKlass javax/management/openmbean/OpenMBeanParameterInfo
instanceKlass com/sun/jmx/mbeanserver/MBeanIntrospector$MBeanInfoMaker
instanceKlass com/sun/jmx/mbeanserver/MBeanAnalyzer$MBeanVisitor
instanceKlass com/sun/jmx/mbeanserver/MBeanAnalyzer$AttrMethods
instanceKlass com/sun/jmx/mbeanserver/MXBeanMapping
instanceKlass javax/management/openmbean/TabularData
instanceKlass javax/management/openmbean/CompositeData
instanceKlass javax/management/openmbean/OpenType
instanceKlass com/sun/jmx/mbeanserver/MXBeanMappingFactory
instanceKlass com/sun/jmx/mbeanserver/ConvertingMethod
instanceKlass com/sun/jmx/mbeanserver/MBeanAnalyzer$MethodOrder
instanceKlass com/sun/jmx/mbeanserver/MBeanAnalyzer
instanceKlass com/sun/jmx/mbeanserver/MBeanIntrospector
instanceKlass javax/management/MXBean
instanceKlass com/sun/jmx/mbeanserver/MBeanSupport
instanceKlass com/sun/jmx/mbeanserver/DescriptorCache
instanceKlass javax/management/JMX
instanceKlass javax/management/StandardMBean
instanceKlass  @bci java/lang/management/ManagementFactory addMXBean (Ljavax/management/MBeanServer;Ljava/lang/String;Ljava/lang/Object;)V 8 <appendix> member <vmtarget> ; # java/lang/management/ManagementFactory$$Lambda+0x00000279c5761798
instanceKlass java/util/Collections$2
instanceKlass sun/management/RuntimeImpl
instanceKlass java/lang/management/RuntimeMXBean
instanceKlass  @bci java/lang/management/ManagementFactory getPlatformMBeanServer ()Ljavax/management/MBeanServer; 63 <appendix> argL0 ; # java/lang/management/ManagementFactory$$Lambda+0x00000279c5760d90
instanceKlass  @bci java/lang/management/ManagementFactory getPlatformMBeanServer ()Ljavax/management/MBeanServer; 53 <appendix> argL0 ; # java/lang/management/ManagementFactory$$Lambda+0x00000279c5760b58
instanceKlass  @bci java/lang/management/ManagementFactory getPlatformMBeanServer ()Ljavax/management/MBeanServer; 43 <appendix> argL0 ; # java/lang/management/ManagementFactory$$Lambda+0x00000279c5760910
instanceKlass com/sun/jmx/mbeanserver/JmxMBeanServer$3
instanceKlass javax/management/ObjectInstance
instanceKlass com/sun/jmx/mbeanserver/NamedObject
instanceKlass com/sun/jmx/interceptor/DefaultMBeanServerInterceptor$ResourceContext$1
instanceKlass com/sun/jmx/interceptor/DefaultMBeanServerInterceptor$ResourceContext
instanceKlass com/sun/jmx/mbeanserver/Repository$RegistrationContext
instanceKlass com/sun/jmx/mbeanserver/DynamicMBean2
instanceKlass com/sun/jmx/defaults/JmxProperties
instanceKlass com/sun/jmx/mbeanserver/Introspector
instanceKlass com/sun/jmx/mbeanserver/JmxMBeanServer$2
instanceKlass com/sun/jmx/interceptor/DefaultMBeanServerInterceptor
instanceKlass com/sun/jmx/interceptor/MBeanServerInterceptor
instanceKlass com/sun/jmx/mbeanserver/Repository
instanceKlass com/sun/jmx/mbeanserver/JmxMBeanServer$1
instanceKlass com/sun/jmx/mbeanserver/SecureClassLoaderRepository
instanceKlass com/sun/jmx/mbeanserver/MBeanInstantiator
instanceKlass com/sun/jmx/mbeanserver/ClassLoaderRepositorySupport$LoaderEntry
instanceKlass com/sun/jmx/mbeanserver/ClassLoaderRepositorySupport
instanceKlass com/sun/jmx/mbeanserver/ModifiableClassLoaderRepository
instanceKlass javax/management/loading/ClassLoaderRepository
instanceKlass javax/management/ImmutableDescriptor
instanceKlass javax/management/Descriptor
instanceKlass sun/util/logging/PlatformLogger$ConfigurableBridge$LoggerConfiguration
instanceKlass jdk/internal/logger/LoggerFinderLoader
instanceKlass  @bci java/lang/System$LoggerFinder accessProvider ()Ljava/lang/System$LoggerFinder; 8 <appendix> argL0 ; # java/lang/System$LoggerFinder$$Lambda+0x00000279c557b428
instanceKlass jdk/internal/logger/LazyLoggers$LazyLoggerFactories
instanceKlass jdk/internal/logger/LazyLoggers$1
instanceKlass jdk/internal/logger/LazyLoggers
instanceKlass com/sun/jmx/remote/util/ClassLogger
instanceKlass javax/management/NotificationBroadcasterSupport$1
instanceKlass javax/management/NotificationBroadcasterSupport
instanceKlass javax/management/MBeanInfo
instanceKlass javax/management/MBeanFeatureInfo
instanceKlass javax/management/DescriptorRead
instanceKlass javax/management/MBeanServerDelegate
instanceKlass javax/management/MBeanServerDelegateMBean
instanceKlass javax/management/MBeanRegistration
instanceKlass com/sun/jmx/mbeanserver/JmxMBeanServer
instanceKlass com/sun/jmx/mbeanserver/SunJmxMBeanServer
instanceKlass javax/management/MBeanServer
instanceKlass javax/management/MBeanServerConnection
instanceKlass javax/management/MBeanServerBuilder
instanceKlass javax/management/MBeanServerFactory
instanceKlass org/gradle/process/internal/health/memory/MBeanAttributeProvider
instanceKlass org/gradle/process/internal/health/memory/JvmMemoryStatusListener
instanceKlass org/gradle/process/internal/health/memory/DefaultMemoryManager
instanceKlass org/gradle/process/internal/health/memory/JvmMemoryStatus
instanceKlass org/gradle/process/internal/health/memory/DefaultJvmMemoryInfo
instanceKlass org/gradle/process/internal/health/memory/OsMemoryStatus
instanceKlass org/gradle/process/internal/health/memory/MBeanOsMemoryInfo
instanceKlass org/gradle/process/internal/health/memory/DefaultOsMemoryInfo
instanceKlass org/gradle/internal/jvm/inspection/DefaultJvmVersionDetector
instanceKlass org/gradle/internal/remote/internal/hub/MessageHubBackedServer
instanceKlass org/gradle/jvm/toolchain/JavadocTool
instanceKlass org/gradle/jvm/toolchain/internal/JavaToolchain
instanceKlass org/gradle/jvm/toolchain/JavaInstallationMetadata
instanceKlass  @bci org/gradle/api/plugins/JvmToolchainsPlugin$Inject $gradleInit ()V 1 <appendix> member <vmtarget> ; # org/gradle/api/plugins/JvmToolchainsPlugin$Inject$$Lambda+0x00000279c57556a0
instanceKlass  @bci org/gradle/jvm/toolchain/internal/CurrentJvmToolchainSpec_Decorated $gradleInit ()V 1 <appendix> member <vmtarget> ; # org/gradle/jvm/toolchain/internal/CurrentJvmToolchainSpec_Decorated$$Lambda+0x00000279c5755480
instanceKlass org/gradle/jvm/toolchain/internal/DefaultJavaLanguageVersion
instanceKlass  @bci org/gradle/jvm/toolchain/internal/DefaultJvmVendorSpec <clinit> ()V 4 <appendix> argL0 ; # org/gradle/jvm/toolchain/internal/DefaultJvmVendorSpec$$Lambda+0x00000279c5754fc8
instanceKlass  @bci org/gradle/jvm/toolchain/internal/DefaultJvmVendorSpec of (Lorg/gradle/internal/jvm/inspection/JvmVendor$KnownJvmVendor;)Lorg/gradle/jvm/toolchain/JvmVendorSpec; 5 <appendix> member <vmtarget> ; # org/gradle/jvm/toolchain/internal/DefaultJvmVendorSpec$$Lambda+0x00000279c5754d78
instanceKlass org/gradle/internal/jvm/inspection/JvmVendor
instanceKlass org/gradle/jvm/toolchain/JavaLanguageVersion
instanceKlass org/gradle/jvm/toolchain/JvmVendorSpec
instanceKlass org/gradle/jvm/toolchain/JvmImplementation
instanceKlass org/gradle/jvm/toolchain/internal/DefaultToolchainSpec
# instanceKlass java/lang/invoke/LambdaForm$MH+0x00000279c5752000
# instanceKlass java/lang/invoke/LambdaForm$MH+0x00000279c5751c00
# instanceKlass java/lang/invoke/LambdaForm$MH+0x00000279c5751800
# instanceKlass java/lang/invoke/LambdaForm$MH+0x00000279c5751400
instanceKlass org/gradle/jvm/toolchain/internal/JavaToolchainQueryService$1
instanceKlass  @bci org/gradle/jvm/toolchain/internal/install/DefaultJavaToolchainProvisioningService <init> (Lorg/gradle/jvm/toolchain/JavaToolchainResolverRegistry;Lorg/gradle/jvm/toolchain/internal/install/SecureFileDownloader;Lorg/gradle/jvm/toolchain/internal/install/JdkCacheDirectory;Lorg/gradle/api/provider/ProviderFactory;Lorg/gradle/internal/operations/BuildOperationExecutor;Lorg/gradle/platform/BuildPlatform;)V 32 <appendix> argL0 ; # org/gradle/jvm/toolchain/internal/install/DefaultJavaToolchainProvisioningService$$Lambda+0x00000279c574b710
# instanceKlass java/lang/invoke/LambdaForm$MH+0x00000279c5751000
# instanceKlass java/lang/invoke/LambdaForm$MH+0x00000279c5750c00
# instanceKlass java/lang/invoke/LambdaForm$MH+0x00000279c5750800
# instanceKlass java/lang/invoke/LambdaForm$MH+0x00000279c5750400
# instanceKlass java/lang/invoke/LambdaForm$MH+0x00000279c5750000
# instanceKlass java/lang/invoke/LambdaForm$MH+0x00000279c5749c00
instanceKlass  @bci org/gradle/platform/internal/DefaultBuildPlatform_Decorated $gradleInit ()V 1 <appendix> member <vmtarget> ; # org/gradle/platform/internal/DefaultBuildPlatform_Decorated$$Lambda+0x00000279c574b4f0
instanceKlass  @bci org/gradle/platform/internal/DefaultBuildPlatform <init> (Lnet/rubygrapefruit/platform/SystemInfo;Lorg/gradle/internal/os/OperatingSystem;)V 19 <appendix> member <vmtarget> ; # org/gradle/platform/internal/DefaultBuildPlatform$$Lambda+0x00000279c574b2b8
instanceKlass  @bci org/gradle/platform/internal/DefaultBuildPlatform <init> (Lnet/rubygrapefruit/platform/SystemInfo;Lorg/gradle/internal/os/OperatingSystem;)V 6 <appendix> member <vmtarget> ; # org/gradle/platform/internal/DefaultBuildPlatform$$Lambda+0x00000279c574b080
instanceKlass  @bci org/gradle/jvm/toolchain/internal/DefaultJavaToolchainResolverRegistry_Decorated $gradleInit ()V 1 <appendix> member <vmtarget> ; # org/gradle/jvm/toolchain/internal/DefaultJavaToolchainResolverRegistry_Decorated$$Lambda+0x00000279c574a628
instanceKlass  @bci org/gradle/jvm/toolchain/internal/DefaultJavaToolchainRepositoryHandler_Decorated $gradleInit ()V 1 <appendix> member <vmtarget> ; # org/gradle/jvm/toolchain/internal/DefaultJavaToolchainRepositoryHandler_Decorated$$Lambda+0x00000279c574a408
instanceKlass org/gradle/jvm/toolchain/internal/DefaultJavaToolchainRepositoryHandler$RepositoryNamer
instanceKlass org/gradle/jvm/toolchain/internal/JavaToolchainRepositoryInternal
instanceKlass  @bci org/gradle/api/services/internal/DefaultBuildServicesRegistry_Decorated $gradleInit ()V 1 <appendix> member <vmtarget> ; # org/gradle/api/services/internal/DefaultBuildServicesRegistry_Decorated$$Lambda+0x00000279c574d750
instanceKlass  @bci org/gradle/api/internal/DefaultNamedDomainObjectSet_Decorated $gradleInit ()V 1 <appendix> member <vmtarget> ; # org/gradle/api/internal/DefaultNamedDomainObjectSet_Decorated$$Lambda+0x00000279c574d2c8
# instanceKlass java/lang/invoke/LambdaForm$MH+0x00000279c5749800
instanceKlass org/gradle/api/internal/DynamicPropertyNamer
instanceKlass org/gradle/api/services/BuildServiceParameters$None
instanceKlass org/gradle/api/services/BuildService
# instanceKlass java/lang/invoke/LambdaForm$MH+0x00000279c5749400
# instanceKlass java/lang/invoke/LambdaForm$MH+0x00000279c5749000
# instanceKlass java/lang/invoke/LambdaForm$MH+0x00000279c5748c00
# instanceKlass java/lang/invoke/LambdaForm$MH+0x00000279c5748800
# instanceKlass java/lang/invoke/LambdaForm$MH+0x00000279c5748400
# instanceKlass java/lang/invoke/LambdaForm$MH+0x00000279c5748000
# instanceKlass java/lang/invoke/LambdaForm$MH+0x00000279c5744c00
instanceKlass org/gradle/api/services/internal/DefaultBuildServicesRegistry$DefaultServiceRegistration
instanceKlass org/gradle/api/services/BuildServiceParameters
instanceKlass org/gradle/internal/resources/SharedResource
instanceKlass org/gradle/api/services/BuildServiceRegistration
instanceKlass  @bci org/gradle/api/services/internal/BuildServiceProvider$Listener <clinit> ()V 0 <appendix> argL0 ; # org/gradle/api/services/internal/BuildServiceProvider$Listener$$Lambda+0x00000279c5746ee8
instanceKlass org/gradle/api/services/internal/BuildServiceProvider$Listener
instanceKlass  @bci org/gradle/configurationcache/flow/BuildFlowScope_Decorated $gradleInit ()V 1 <appendix> member <vmtarget> ; # org/gradle/configurationcache/flow/BuildFlowScope_Decorated$$Lambda+0x00000279c573ea98
# instanceKlass java/lang/invoke/LambdaForm$MH+0x00000279c5744800
instanceKlass kotlin/annotation/MustBeDocumented
instanceKlass org/gradle/configurationcache/flow/BuildFlowScope$State
instanceKlass org/gradle/api/flow/FlowParameters
instanceKlass org/gradle/api/flow/FlowScope$Registration
# instanceKlass java/lang/invoke/LambdaForm$MH+0x00000279c5744400
# instanceKlass java/lang/invoke/LambdaForm$MH+0x00000279c5744000
# instanceKlass java/lang/invoke/LambdaForm$MH+0x00000279c5743c00
# instanceKlass java/lang/invoke/LambdaForm$MH+0x00000279c5743800
# instanceKlass java/lang/invoke/LambdaForm$MH+0x00000279c5743400
# instanceKlass java/lang/invoke/LambdaForm$MH+0x00000279c5743000
# instanceKlass java/lang/invoke/LambdaForm$MH+0x00000279c5742c00
instanceKlass org/gradle/configurationcache/flow/DefaultFlowProviders
# instanceKlass java/lang/invoke/LambdaForm$MH+0x00000279c5742800
# instanceKlass java/lang/invoke/LambdaForm$MH+0x00000279c5742400
# instanceKlass java/lang/invoke/LambdaForm$MH+0x00000279c5742000
# instanceKlass java/lang/invoke/LambdaForm$MH+0x00000279c5741c00
# instanceKlass java/lang/invoke/LambdaForm$MH+0x00000279c5741800
# instanceKlass java/lang/invoke/LambdaForm$MH+0x00000279c5741400
# instanceKlass java/lang/invoke/LambdaForm$MH+0x00000279c5741000
# instanceKlass java/lang/invoke/LambdaForm$MH+0x00000279c5740c00
# instanceKlass java/lang/invoke/LambdaForm$MH+0x00000279c5740800
# instanceKlass java/lang/invoke/LambdaForm$MH+0x00000279c5740400
# instanceKlass java/lang/invoke/LambdaForm$MH+0x00000279c5740000
# instanceKlass java/lang/invoke/LambdaForm$MH+0x00000279c573bc00
# instanceKlass java/lang/invoke/LambdaForm$MH+0x00000279c573b800
# instanceKlass java/lang/invoke/LambdaForm$MH+0x00000279c573b400
instanceKlass  @bci org/gradle/jvm/toolchain/internal/DefaultJavaToolchainResolverRegistry <clinit> ()V 0 <appendix> argL0 ; # org/gradle/jvm/toolchain/internal/DefaultJavaToolchainResolverRegistry$$Lambda+0x00000279c573ce70
instanceKlass org/gradle/jvm/toolchain/internal/DefaultJavaToolchainRepositoryHandler
instanceKlass org/gradle/jvm/toolchain/internal/RealizedJavaToolchainRepository
instanceKlass org/gradle/jvm/toolchain/JavaToolchainRepository
instanceKlass org/gradle/api/services/BuildServiceSpec
instanceKlass org/gradle/jvm/toolchain/internal/JavaToolchainRepositoryHandlerInternal
instanceKlass org/gradle/jvm/toolchain/JavaToolchainRepositoryHandler
instanceKlass  @bci org/gradle/internal/jvm/inspection/JavaInstallationRegistry_Decorated $gradleInit ()V 1 <appendix> member <vmtarget> ; # org/gradle/internal/jvm/inspection/JavaInstallationRegistry_Decorated$$Lambda+0x00000279c5732fd8
instanceKlass  @bci org/gradle/internal/jvm/inspection/JavaInstallationRegistry <init> (Ljava/util/List;Lorg/gradle/internal/jvm/inspection/JvmMetadataDetector;Lorg/gradle/api/logging/Logger;Lorg/gradle/internal/operations/BuildOperationExecutor;Lorg/gradle/internal/os/OperatingSystem;Lorg/gradle/internal/logging/progress/ProgressLoggerFactory;)V 27 <appendix> member <vmtarget> ; # org/gradle/internal/jvm/inspection/JavaInstallationRegistry$$Lambda+0x00000279c5732db8
# instanceKlass java/lang/invoke/LambdaForm$MH+0x00000279c573b000
# instanceKlass java/lang/invoke/LambdaForm$MH+0x00000279c573ac00
# instanceKlass java/lang/invoke/LambdaForm$MH+0x00000279c573a800
# instanceKlass java/lang/invoke/LambdaForm$MH+0x00000279c573a400
# instanceKlass java/lang/invoke/LambdaForm$MH+0x00000279c573a000
instanceKlass org/gradle/internal/jvm/inspection/JavaInstallationRegistry$Installations
instanceKlass org/gradle/internal/jvm/inspection/JvmToolchainMetadata
# instanceKlass java/lang/invoke/LambdaForm$MH+0x00000279c5739c00
# instanceKlass java/lang/invoke/LambdaForm$MH+0x00000279c5739800
instanceKlass net/rubygrapefruit/platform/internal/DefaultWindowsRegistry
instanceKlass  @bci javax/xml/parsers/FactoryFinder newInstance (Ljava/lang/Class;Ljava/lang/String;Ljava/lang/ClassLoader;ZZ)Ljava/lang/Object; 104 <appendix> member <vmtarget> ; # javax/xml/parsers/FactoryFinder$$Lambda+0x00000279c5576570
instanceKlass com/sun/org/apache/xerces/internal/utils/XMLSecurityPropertyManager
instanceKlass com/sun/org/apache/xerces/internal/utils/XMLSecurityManager
instanceKlass  @bci javax/xml/parsers/FactoryFinder find (Ljava/lang/Class;Ljava/lang/String;)Ljava/lang/Object; 104 <appendix> member <vmtarget> ; # javax/xml/parsers/FactoryFinder$$Lambda+0x00000279c5574bc8
instanceKlass javax/xml/parsers/FactoryFinder$1
instanceKlass  @bci javax/xml/parsers/FactoryFinder find (Ljava/lang/Class;Ljava/lang/String;)Ljava/lang/Object; 6 <appendix> member <vmtarget> ; # javax/xml/parsers/FactoryFinder$$Lambda+0x00000279c5574780
instanceKlass javax/xml/parsers/FactoryFinder
instanceKlass javax/xml/parsers/DocumentBuilderFactory
instanceKlass  @bci javax/xml/xpath/XPathFactoryFinder newFactory (Ljava/lang/String;)Ljavax/xml/xpath/XPathFactory; 24 <appendix> member <vmtarget> ; # javax/xml/xpath/XPathFactoryFinder$$Lambda+0x00000279c55740b8
instanceKlass jdk/xml/internal/XMLSecurityManager
instanceKlass jdk/xml/internal/JdkXmlFeatures
instanceKlass  @bci javax/xml/xpath/XPathFactoryFinder _newFactory (Ljava/lang/String;)Ljavax/xml/xpath/XPathFactory; 154 <appendix> argL0 ; # javax/xml/xpath/XPathFactoryFinder$$Lambda+0x00000279c5571ec8
instanceKlass javax/xml/xpath/XPathFactoryFinder$2
instanceKlass  @bci jdk/xml/internal/SecuritySupport getFileInputStream (Ljava/io/File;)Ljava/io/FileInputStream; 1 <appendix> member <vmtarget> ; # jdk/xml/internal/SecuritySupport$$Lambda+0x00000279c5571a78
instanceKlass  @bci jdk/xml/internal/SecuritySupport doesFileExist (Ljava/io/File;)Z 1 <appendix> member <vmtarget> ; # jdk/xml/internal/SecuritySupport$$Lambda+0x00000279c5571858
instanceKlass  @bci javax/xml/xpath/XPathFactoryFinder _newFactory (Ljava/lang/String;)Ljavax/xml/xpath/XPathFactory; 58 <appendix> argL0 ; # javax/xml/xpath/XPathFactoryFinder$$Lambda+0x00000279c5571640
instanceKlass  @bci javax/xml/xpath/XPathFactoryFinder _newFactory (Ljava/lang/String;)Ljavax/xml/xpath/XPathFactory; 16 <appendix> member <vmtarget> ; # javax/xml/xpath/XPathFactoryFinder$$Lambda+0x00000279c5571420
instanceKlass  @bci jdk/xml/internal/SecuritySupport getSystemProperty (Ljava/lang/String;)Ljava/lang/String; 1 <appendix> member <vmtarget> ; # jdk/xml/internal/SecuritySupport$$Lambda+0x00000279c5571200
instanceKlass javax/xml/xpath/XPathFactoryFinder
instanceKlass  @bci jdk/xml/internal/SecuritySupport getContextClassLoader ()Ljava/lang/ClassLoader; 0 <appendix> argL0 ; # jdk/xml/internal/SecuritySupport$$Lambda+0x00000279c5570dd0
instanceKlass jdk/xml/internal/SecuritySupport
instanceKlass javax/xml/xpath/XPathFactory
instanceKlass  @bci org/gradle/jvm/toolchain/internal/AutoInstalledInstallationSupplier <init> (Lorg/gradle/api/provider/ProviderFactory;Lorg/gradle/jvm/toolchain/internal/install/JdkCacheDirectory;)V 19 <appendix> argL0 ; # org/gradle/jvm/toolchain/internal/AutoInstalledInstallationSupplier$$Lambda+0x00000279c572bcd0
instanceKlass  @bci org/gradle/jvm/toolchain/internal/install/JdkCacheDirectory_Decorated $gradleInit ()V 1 <appendix> member <vmtarget> ; # org/gradle/jvm/toolchain/internal/install/JdkCacheDirectory_Decorated$$Lambda+0x00000279c572bab0
# instanceKlass java/lang/invoke/LambdaForm$MH+0x00000279c5739400
# instanceKlass java/lang/invoke/LambdaForm$MH+0x00000279c5739000
# instanceKlass java/lang/invoke/LambdaForm$MH+0x00000279c5738c00
# instanceKlass java/lang/invoke/LambdaForm$MH+0x00000279c5738800
# instanceKlass java/lang/invoke/LambdaForm$MH+0x00000279c5738400
# instanceKlass java/lang/invoke/LambdaForm$MH+0x00000279c5738000
# instanceKlass java/lang/invoke/LambdaForm$MH+0x00000279c5737c00
# instanceKlass java/lang/invoke/LambdaForm$MH+0x00000279c5737800
# instanceKlass java/lang/invoke/LambdaForm$MH+0x00000279c5737400
# instanceKlass java/lang/invoke/LambdaForm$MH+0x00000279c5737000
# instanceKlass java/lang/invoke/LambdaForm$MH+0x00000279c5736c00
# instanceKlass java/lang/invoke/LambdaForm$MH+0x00000279c5736800
# instanceKlass java/lang/invoke/LambdaForm$MH+0x00000279c5736400
# instanceKlass java/lang/invoke/LambdaForm$MH+0x00000279c5736000
# instanceKlass java/lang/invoke/LambdaForm$MH+0x00000279c5735c00
# instanceKlass java/lang/invoke/LambdaForm$MH+0x00000279c5735800
# instanceKlass java/lang/invoke/LambdaForm$MH+0x00000279c5735400
# instanceKlass java/lang/invoke/LambdaForm$MH+0x00000279c5735000
# instanceKlass java/lang/invoke/LambdaForm$MH+0x00000279c5734c00
# instanceKlass java/lang/invoke/LambdaForm$BMH+0x00000279c5734800
# instanceKlass java/lang/invoke/LambdaForm$DMH+0x00000279c5734400
# instanceKlass java/lang/invoke/LambdaForm$DMH+0x00000279c5734000
instanceKlass  @bci org/gradle/jvm/toolchain/internal/AsdfInstallationSupplier <init> (Lorg/gradle/api/provider/ProviderFactory;)V 22 <appendix> argL0 ; # org/gradle/jvm/toolchain/internal/AsdfInstallationSupplier$$Lambda+0x00000279c5731d38
instanceKlass  @bci org/gradle/api/internal/provider/sources/SystemPropertyValueSource$Parameters_Decorated $gradleInit ()V 1 <appendix> member <vmtarget> ; # org/gradle/api/internal/provider/sources/SystemPropertyValueSource$Parameters_Decorated$$Lambda+0x00000279c5731b18
instanceKlass org/gradle/api/internal/provider/sources/SystemPropertyValueSource$Parameters_Decorated
instanceKlass org/gradle/api/internal/provider/sources/SystemPropertyValueSource$Parameters
instanceKlass  @bci org/gradle/api/internal/provider/DefaultProviderFactory systemProperty (Lorg/gradle/api/provider/Provider;)Lorg/gradle/api/provider/Provider; 4 <appendix> member <vmtarget> ; # org/gradle/api/internal/provider/DefaultProviderFactory$$Lambda+0x00000279c57312f8
instanceKlass  @bci org/gradle/api/internal/provider/sources/EnvironmentVariableValueSource$Parameters_Decorated $gradleInit ()V 1 <appendix> member <vmtarget> ; # org/gradle/api/internal/provider/sources/EnvironmentVariableValueSource$Parameters_Decorated$$Lambda+0x00000279c5730e78
instanceKlass org/gradle/api/internal/provider/sources/EnvironmentVariableValueSource$Parameters_Decorated
instanceKlass org/gradle/api/internal/provider/sources/EnvironmentVariableValueSource$Parameters
instanceKlass  @bci org/gradle/api/internal/provider/DefaultProviderFactory environmentVariable (Lorg/gradle/api/provider/Provider;)Lorg/gradle/api/provider/Provider; 4 <appendix> member <vmtarget> ; # org/gradle/api/internal/provider/DefaultProviderFactory$$Lambda+0x00000279c5730668
instanceKlass org/gradle/api/internal/provider/sources/EnvironmentVariableValueSource
instanceKlass  @bci org/gradle/jvm/toolchain/internal/AutoDetectingInstallationSupplier <init> (Lorg/gradle/api/provider/ProviderFactory;)V 13 <appendix> argL0 ; # org/gradle/jvm/toolchain/internal/AutoDetectingInstallationSupplier$$Lambda+0x00000279c57301f8
instanceKlass org/gradle/api/internal/provider/ValueSourceProviderFactory$ValueListener$ObtainedValue
instanceKlass org/gradle/api/internal/provider/DefaultValueSourceProviderFactory$LazilyObtainedValue
instanceKlass  @bci org/gradle/api/internal/provider/DefaultValueSourceProviderFactory$DefaultValueSourceSpec_Decorated $gradleInit ()V 1 <appendix> member <vmtarget> ; # org/gradle/api/internal/provider/DefaultValueSourceProviderFactory$DefaultValueSourceSpec_Decorated$$Lambda+0x00000279c572d800
instanceKlass org/gradle/api/internal/provider/DefaultValueSourceProviderFactory$DefaultValueSourceSpec
instanceKlass  @bci org/gradle/api/internal/provider/sources/GradlePropertyValueSource$Parameters_Decorated $gradleInit ()V 1 <appendix> member <vmtarget> ; # org/gradle/api/internal/provider/sources/GradlePropertyValueSource$Parameters_Decorated$$Lambda+0x00000279c572f7e8
instanceKlass org/gradle/api/internal/provider/sources/GradlePropertyValueSource$Parameters_Decorated
instanceKlass  @bci org/gradle/internal/instantiation/generator/AsmBackedClassGenerator$ClassBuilderImpl addDefaultConstructor ()V 7 <appendix> member <vmtarget> ; # org/gradle/internal/instantiation/generator/AsmBackedClassGenerator$ClassBuilderImpl$$Lambda+0x00000279c572ed00
instanceKlass  @bci org/gradle/internal/instantiation/generator/AsmBackedClassGenerator$ClassBuilderImpl applyReadOnlyManagedStateToGetter (Lorg/gradle/internal/instantiation/generator/AbstractClassGenerator$PropertyMetadata;Ljava/lang/reflect/Method;Z)V 53 <adapter> ; # java/lang/invoke/LambdaForm$MH+0x00000279c572d000
# instanceKlass java/lang/invoke/LambdaForm$DMH+0x00000279c572cc00
instanceKlass  @bci org/gradle/internal/instantiation/generator/AsmBackedClassGenerator$ClassBuilderImpl applyReadOnlyManagedStateToGetter (Lorg/gradle/internal/instantiation/generator/AbstractClassGenerator$PropertyMetadata;Ljava/lang/reflect/Method;Z)V 53 <appendix> form vmentry <vmtarget> ; # java/lang/invoke/LambdaForm$DMH+0x00000279c572c800
instanceKlass  @bci org/gradle/internal/instantiation/generator/AsmBackedClassGenerator$ClassBuilderImpl applyReadOnlyManagedStateToGetter (Lorg/gradle/internal/instantiation/generator/AbstractClassGenerator$PropertyMetadata;Ljava/lang/reflect/Method;Z)V 53 <appendix> member <vmtarget> ; # org/gradle/internal/instantiation/generator/AsmBackedClassGenerator$ClassBuilderImpl$$Lambda+0x00000279c572e5f8
instanceKlass  @cpi org/gradle/internal/instantiation/generator/AsmBackedClassGenerator$ClassBuilderImpl 1280 form vmentry <vmtarget> ; # java/lang/invoke/LambdaForm$DMH+0x00000279c572c400
instanceKlass org/gradle/internal/instantiation/generator/AsmBackedClassGenerator$AttachedProperty
instanceKlass org/gradle/api/internal/provider/sources/GradlePropertyValueSource$Parameters
instanceKlass org/gradle/api/internal/provider/sources/AbstractPropertyValueSource$Parameters
instanceKlass  @bci org/gradle/api/internal/provider/DefaultProviderFactory gradleProperty (Lorg/gradle/api/provider/Provider;)Lorg/gradle/api/provider/Provider; 4 <appendix> member <vmtarget> ; # org/gradle/api/internal/provider/DefaultProviderFactory$$Lambda+0x00000279c571fc28
instanceKlass org/gradle/api/internal/provider/sources/AbstractPropertyValueSource
instanceKlass org/gradle/api/plugins/JvmToolchainsPlugin
instanceKlass  @bci org/gradle/api/reporting/ReportingExtension_Decorated $gradleInit ()V 1 <appendix> member <vmtarget> ; # org/gradle/api/reporting/ReportingExtension_Decorated$$Lambda+0x00000279c572afe8
instanceKlass  @bci org/gradle/api/internal/DefaultPolymorphicDomainObjectContainer_Decorated $gradleInit ()V 1 <appendix> member <vmtarget> ; # org/gradle/api/internal/DefaultPolymorphicDomainObjectContainer_Decorated$$Lambda+0x00000279c571f540
# instanceKlass java/lang/invoke/LambdaForm$MH+0x00000279c572c000
# instanceKlass java/lang/invoke/LambdaForm$MH+0x00000279c5721c00
instanceKlass org/gradle/api/reporting/ReportSpec
instanceKlass org/gradle/api/reporting/ReportingExtension
instanceKlass  @bci org/gradle/api/plugins/ReportingBasePlugin$Inject $gradleInit ()V 1 <appendix> member <vmtarget> ; # org/gradle/api/plugins/ReportingBasePlugin$Inject$$Lambda+0x00000279c572a5b8
instanceKlass org/gradle/api/plugins/ReportingBasePlugin
instanceKlass  @bci org/gradle/api/internal/artifacts/type/DefaultArtifactTypeContainer$DefaultArtifactTypeDefinition_Decorated $gradleInit ()V 1 <appendix> member <vmtarget> ; # org/gradle/api/internal/artifacts/type/DefaultArtifactTypeContainer$DefaultArtifactTypeDefinition_Decorated$$Lambda+0x00000279c5723ab0
instanceKlass org/gradle/api/internal/artifacts/type/DefaultArtifactTypeContainer$DefaultArtifactTypeDefinition
instanceKlass  @bci org/gradle/api/internal/artifacts/type/DefaultArtifactTypeContainer_Decorated $gradleInit ()V 1 <appendix> member <vmtarget> ; # org/gradle/api/internal/artifacts/type/DefaultArtifactTypeContainer_Decorated$$Lambda+0x00000279c5723230
instanceKlass  @bci org/gradle/internal/service/scopes/ProjectScopeServices createProjectFinder ()Lorg/gradle/api/internal/artifacts/dsl/dependencies/ProjectFinder; 5 <appendix> member <vmtarget> ; # org/gradle/internal/service/scopes/ProjectScopeServices$$Lambda+0x00000279c571dc40
instanceKlass org/gradle/internal/service/scopes/DefaultProjectFinder
instanceKlass  @bci org/gradle/api/plugins/JvmEcosystemPlugin$Inject $gradleInit ()V 1 <appendix> member <vmtarget> ; # org/gradle/api/plugins/JvmEcosystemPlugin$Inject$$Lambda+0x00000279c5727c80
instanceKlass  @bci org/gradle/api/internal/tasks/DefaultSourceSetContainer_Decorated $gradleInit ()V 1 <appendix> member <vmtarget> ; # org/gradle/api/internal/tasks/DefaultSourceSetContainer_Decorated$$Lambda+0x00000279c5727a60
instanceKlass org/gradle/api/internal/tasks/DefaultSourceSetContainer$1
# instanceKlass java/lang/invoke/LambdaForm$MH+0x00000279c5721800
# instanceKlass java/lang/invoke/LambdaForm$MH+0x00000279c5721400
# instanceKlass java/lang/invoke/LambdaForm$MH+0x00000279c5721000
# instanceKlass java/lang/invoke/LambdaForm$MH+0x00000279c5720c00
# instanceKlass java/lang/invoke/LambdaForm$MH+0x00000279c5720800
instanceKlass org/gradle/api/plugins/JvmEcosystemPlugin
instanceKlass  @bci org/gradle/api/plugins/BasePlugin configureAssemble (Lorg/gradle/api/internal/project/ProjectInternal;)V 8 <appendix> argL0 ; # org/gradle/api/plugins/BasePlugin$$Lambda+0x00000279c57260b8
instanceKlass  @bci org/gradle/api/plugins/BasePlugin lambda$configureConfigurations$4 (Lorg/gradle/api/artifacts/Configuration;Lorg/gradle/api/internal/plugins/DefaultArtifactPublicationSet;Lorg/gradle/api/artifacts/Configuration;)V 16 <appendix> member <vmtarget> ; # org/gradle/api/plugins/BasePlugin$$Lambda+0x00000279c5725e98
instanceKlass org/gradle/api/internal/ExecuteDomainObjectCollectionCallbackBuildOperationType$1
instanceKlass org/gradle/api/internal/ExecuteDomainObjectCollectionCallbackBuildOperationType$Result
instanceKlass org/gradle/api/internal/ExecuteDomainObjectCollectionCallbackBuildOperationType
instanceKlass org/gradle/api/internal/DefaultCollectionCallbackActionDecorator$OperationDetails
instanceKlass org/gradle/api/internal/DefaultCollectionCallbackActionDecorator$Operation
instanceKlass  @bci org/gradle/api/plugins/BasePlugin configureConfigurations (Lorg/gradle/api/Project;)V 107 <appendix> member <vmtarget> ; # org/gradle/api/plugins/BasePlugin$$Lambda+0x00000279c5725c78
instanceKlass org/gradle/api/internal/plugins/DslObject
instanceKlass  @bci org/gradle/api/internal/plugins/DefaultArtifactPublicationSet_Decorated $gradleInit ()V 1 <appendix> member <vmtarget> ; # org/gradle/api/internal/plugins/DefaultArtifactPublicationSet_Decorated$$Lambda+0x00000279c5725a58
instanceKlass  @bci org/gradle/api/plugins/BasePlugin configureArchiveDefaults (Lorg/gradle/api/Project;Lorg/gradle/api/plugins/BasePluginExtension;)V 15 <appendix> member <vmtarget> ; # org/gradle/api/plugins/BasePlugin$$Lambda+0x00000279c5724f58
instanceKlass  @bci org/gradle/api/internal/artifacts/dsl/DefaultComponentMetadataHandler createFactory (Lorg/gradle/internal/management/DependencyResolutionManagementInternal;)Lorg/gradle/api/internal/artifacts/ComponentMetadataProcessorFactory; 9 <appendix> member <vmtarget> ; # org/gradle/api/internal/artifacts/dsl/DefaultComponentMetadataHandler$$Lambda+0x00000279c5724d38
instanceKlass  @bci org/gradle/api/internal/artifacts/dsl/DefaultComponentMetadataHandler createFactory (Lorg/gradle/internal/management/DependencyResolutionManagementInternal;)Lorg/gradle/api/internal/artifacts/ComponentMetadataProcessorFactory; 2 <appendix> member <vmtarget> ; # org/gradle/api/internal/artifacts/dsl/DefaultComponentMetadataHandler$$Lambda+0x00000279c5724b18
instanceKlass org/gradle/api/internal/plugins/BuildConfigurationRule
instanceKlass com/google/common/collect/ForwardingObject
instanceKlass  @bci org/gradle/api/plugins/BasePlugin addConvention (Lorg/gradle/api/Project;Lorg/gradle/api/plugins/BasePluginExtension;)V 27 <appendix> member <vmtarget> ; # org/gradle/api/plugins/BasePlugin$$Lambda+0x00000279c5724418
instanceKlass  @bci org/gradle/api/plugins/internal/DefaultBasePluginConvention_Decorated $gradleInit ()V 1 <appendix> member <vmtarget> ; # org/gradle/api/plugins/internal/DefaultBasePluginConvention_Decorated$$Lambda+0x00000279c571bbf0
# instanceKlass java/lang/invoke/LambdaForm$MH+0x00000279c5720400
# instanceKlass java/lang/invoke/LambdaForm$MH+0x00000279c5720000
instanceKlass  @bci org/gradle/api/plugins/internal/DefaultBasePluginExtension_Decorated $gradleInit ()V 1 <appendix> member <vmtarget> ; # org/gradle/api/plugins/internal/DefaultBasePluginExtension_Decorated$$Lambda+0x00000279c571b708
instanceKlass org/gradle/api/plugins/internal/DefaultBasePluginExtension
instanceKlass  @bci org/gradle/language/base/plugins/LifecycleBasePlugin addBuild (Lorg/gradle/api/Project;)V 8 <appendix> argL0 ; # org/gradle/language/base/plugins/LifecycleBasePlugin$$Lambda+0x00000279c571adf0
instanceKlass  @bci org/gradle/language/base/plugins/LifecycleBasePlugin addCheck (Lorg/gradle/api/Project;)V 8 <appendix> argL0 ; # org/gradle/language/base/plugins/LifecycleBasePlugin$$Lambda+0x00000279c571abd8
instanceKlass  @bci org/gradle/language/base/plugins/LifecycleBasePlugin addAssemble (Lorg/gradle/api/Project;)V 8 <appendix> argL0 ; # org/gradle/language/base/plugins/LifecycleBasePlugin$$Lambda+0x00000279c571a9c0
instanceKlass org/gradle/language/base/internal/plugins/CleanRule
instanceKlass  @bci org/gradle/language/base/plugins/LifecycleBasePlugin addClean (Lorg/gradle/api/internal/project/ProjectInternal;)V 62 <appendix> argL0 ; # org/gradle/language/base/plugins/LifecycleBasePlugin$$Lambda+0x00000279c571a570
instanceKlass  @bci org/gradle/language/base/plugins/LifecycleBasePlugin addClean (Lorg/gradle/api/internal/project/ProjectInternal;)V 47 <appendix> member <vmtarget> ; # org/gradle/language/base/plugins/LifecycleBasePlugin$$Lambda+0x00000279c571a350
instanceKlass  @bci org/gradle/language/base/plugins/LifecycleBasePlugin$Inject $gradleInit ()V 1 <appendix> member <vmtarget> ; # org/gradle/language/base/plugins/LifecycleBasePlugin$Inject$$Lambda+0x00000279c571a130
instanceKlass org/gradle/language/base/plugins/LifecycleBasePlugin
instanceKlass  @bci org/gradle/api/plugins/BasePlugin$Inject $gradleInit ()V 1 <appendix> member <vmtarget> ; # org/gradle/api/plugins/BasePlugin$Inject$$Lambda+0x00000279c57199c8
instanceKlass org/gradle/api/plugins/BasePluginConvention
instanceKlass org/gradle/api/internal/plugins/DefaultArtifactPublicationSet
instanceKlass org/gradle/api/plugins/BasePlugin
instanceKlass  @bci org/gradle/api/plugins/JavaBasePlugin$Inject $gradleInit ()V 1 <appendix> member <vmtarget> ; # org/gradle/api/plugins/JavaBasePlugin$Inject$$Lambda+0x00000279c5718da0
instanceKlass org/gradle/api/plugins/internal/JavaConfigurationVariantMapping
instanceKlass  @bci org/gradle/api/plugins/jvm/internal/DefaultJvmPluginServices_Decorated $gradleInit ()V 1 <appendix> member <vmtarget> ; # org/gradle/api/plugins/jvm/internal/DefaultJvmPluginServices_Decorated$$Lambda+0x00000279c5718950
instanceKlass org/gradle/api/plugins/jvm/internal/JvmEcosystemAttributesDetails
instanceKlass org/gradle/api/internal/artifacts/publish/AbstractPublishArtifact
instanceKlass org/gradle/api/internal/artifacts/PublishArtifactInternal
instanceKlass org/gradle/api/plugins/jvm/internal/DefaultJvmPluginServices
instanceKlass org/gradle/api/plugins/BasePluginExtension
instanceKlass org/gradle/api/internal/tasks/compile/HasCompileOptions
instanceKlass org/gradle/api/plugins/internal/DefaultJavaPluginExtension
instanceKlass org/gradle/api/file/SourceDirectorySet
instanceKlass org/gradle/api/plugins/JavaBasePlugin$BackwardCompatibilityOutputDirectoryConvention
instanceKlass org/gradle/api/plugins/JavaBasePlugin
instanceKlass org/gradle/api/plugins/JavaPlatformPlugin
instanceKlass org/gradle/api/internal/plugins/PluginManagerInternal$PluginWithId
instanceKlass  @bci org/gradle/api/plugins/JavaPlugin$Inject $gradleInit ()V 1 <appendix> member <vmtarget> ; # org/gradle/api/plugins/JavaPlugin$Inject$$Lambda+0x00000279c57137d8
instanceKlass org/gradle/api/plugins/jvm/JvmTestSuite
instanceKlass org/gradle/testing/base/TestSuite
instanceKlass org/gradle/api/tasks/VerificationTask
instanceKlass org/gradle/api/tasks/SourceSet
instanceKlass org/gradle/api/plugins/JavaPluginExtension
instanceKlass org/gradle/jvm/component/internal/JvmSoftwareComponentInternal
instanceKlass org/gradle/api/plugins/JavaPlugin
instanceKlass  @bci org/gradle/api/plugins/JavaLibraryPlugin$Inject $gradleInit ()V 1 <appendix> member <vmtarget> ; # org/gradle/api/plugins/JavaLibraryPlugin$Inject$$Lambda+0x00000279c570fd10
instanceKlass org/gradle/api/plugins/JavaLibraryPlugin
instanceKlass  @bci org/gradle/plugin/devel/plugins/JavaGradlePluginPlugin$Inject $gradleInit ()V 1 <appendix> member <vmtarget> ; # org/gradle/plugin/devel/plugins/JavaGradlePluginPlugin$Inject$$Lambda+0x00000279c570f8c8
instanceKlass org/gradle/plugin/devel/PluginDeclaration
instanceKlass org/gradle/plugin/devel/GradlePluginDevelopmentExtension
instanceKlass  @bci org/gradle/plugin/use/internal/DefaultPluginRequestApplicator applyPlugin (Lorg/gradle/api/internal/plugins/PluginManagerInternal;Lorg/gradle/plugin/use/internal/DefaultPluginRequestApplicator$Result;Lorg/gradle/api/internal/plugins/PluginImplementation;)V 17 <appendix> member <vmtarget> ; # org/gradle/plugin/use/internal/DefaultPluginRequestApplicator$$Lambda+0x00000279c5701dd0
instanceKlass  @bci org/gradle/plugin/use/internal/DefaultPluginRequestApplicator applyPlugins (Lorg/gradle/plugin/management/internal/PluginRequests;Lorg/gradle/api/internal/initialization/ScriptHandlerInternal;Lorg/gradle/api/internal/plugins/PluginManagerInternal;Lorg/gradle/api/internal/initialization/ClassLoaderScope;)V 182 <appendix> member <vmtarget> ; # org/gradle/plugin/use/internal/DefaultPluginRequestApplicator$$Lambda+0x00000279c5701ba0
instanceKlass  @bci org/gradle/api/internal/artifacts/configurations/ResolutionHost rethrowFailure (Ljava/lang/String;Ljava/util/Collection;)V 8 <appendix> argL0 ; # org/gradle/api/internal/artifacts/configurations/ResolutionHost$$Lambda+0x00000279c5701270
instanceKlass org/gradle/api/internal/artifacts/ivyservice/resolveengine/artifact/ArtifactVisitorToResolvedFileVisitorAdapter
instanceKlass org/gradle/api/internal/artifacts/ivyservice/ErrorHandlingConfigurationResolver$ErrorHandlingResolvedConfiguration
instanceKlass org/gradle/api/artifacts/LenientConfiguration
instanceKlass org/gradle/api/internal/artifacts/ivyservice/ShortCircuitEmptyConfigurationResolver$EmptyResolvedConfiguration
instanceKlass org/gradle/api/internal/artifacts/configurations/ResolveConfigurationResolutionBuildOperationResult$LazyDesugaringAttributeContainer
instanceKlass org/gradle/api/internal/artifacts/configurations/ResolveConfigurationResolutionBuildOperationResult
instanceKlass org/gradle/api/internal/artifacts/configurations/ResolveConfigurationDependenciesBuildOperationType$Result
instanceKlass org/gradle/api/internal/artifacts/ivyservice/ErrorHandlingConfigurationResolver$ErrorHandlingResolutionResult
instanceKlass  @bci org/gradle/api/internal/artifacts/ivyservice/ErrorHandlingConfigurationResolver resolveGraph (Lorg/gradle/api/internal/artifacts/ResolveContext;)Lorg/gradle/api/internal/artifacts/ResolverResults; 32 <appendix> member <vmtarget> ; # org/gradle/api/internal/artifacts/ivyservice/ErrorHandlingConfigurationResolver$$Lambda+0x00000279c5707028
instanceKlass org/gradle/api/internal/attributes/ImmutableAttributeContainerWithErrorMessage
instanceKlass  @bci org/gradle/api/internal/artifacts/repositories/descriptor/MavenRepositoryDescriptor$Builder create ()Lorg/gradle/api/internal/artifacts/repositories/descriptor/MavenRepositoryDescriptor; 125 <appendix> argL0 ; # org/gradle/api/internal/artifacts/repositories/descriptor/MavenRepositoryDescriptor$Builder$$Lambda+0x00000279c5706b38
instanceKlass  @bci org/gradle/api/internal/artifacts/repositories/AbstractAuthenticationSupportedRepository getAuthenticationSchemes ()Ljava/util/List; 4 <appendix> argL0 ; # org/gradle/api/internal/artifacts/repositories/AbstractAuthenticationSupportedRepository$$Lambda+0x00000279c5706920
instanceKlass org/gradle/api/internal/artifacts/repositories/descriptor/UrlRepositoryDescriptor$Builder
instanceKlass  @bci org/gradle/api/internal/artifacts/configurations/ResolveConfigurationResolutionBuildOperationDetails$RepositoryImpl transform (Ljava/util/List;)Ljava/util/List; 1 <appendix> argL0 ; # org/gradle/api/internal/artifacts/configurations/ResolveConfigurationResolutionBuildOperationDetails$RepositoryImpl$$Lambda+0x00000279c5706298
instanceKlass org/gradle/api/internal/artifacts/configurations/ResolveConfigurationResolutionBuildOperationDetails$RepositoryImpl
instanceKlass org/gradle/api/internal/artifacts/configurations/ResolveConfigurationDependenciesBuildOperationType$Repository
instanceKlass  @bci org/gradle/api/internal/artifacts/DefaultDependencyManagementServices$DependencyResolutionScopeServices collectRepositories (Lorg/gradle/api/artifacts/dsl/RepositoryHandler;)Ljava/util/List; 13 <appendix> member <vmtarget> ; # org/gradle/api/internal/artifacts/DefaultDependencyManagementServices$DependencyResolutionScopeServices$$Lambda+0x00000279c5705e00
instanceKlass org/gradle/api/internal/artifacts/configurations/ResolveConfigurationResolutionBuildOperationDetails
instanceKlass org/gradle/api/internal/artifacts/configurations/ResolveConfigurationDependenciesBuildOperationType$Details
instanceKlass org/gradle/api/internal/artifacts/configurations/DefaultConfiguration$1
instanceKlass  @bci org/gradle/api/internal/artifacts/configurations/DefaultConfiguration resolveExclusively (Lorg/gradle/api/internal/artifacts/configurations/ConfigurationInternal$InternalState;)Lorg/gradle/api/internal/artifacts/configurations/DefaultConfiguration$ResolveState; 6 <appendix> member <vmtarget> ; # org/gradle/api/internal/artifacts/configurations/DefaultConfiguration$$Lambda+0x00000279c5705490
instanceKlass org/gradle/api/internal/artifacts/ivyservice/ResolvedFileCollectionVisitor
instanceKlass org/gradle/api/internal/file/AbstractFileCollection$1
instanceKlass org/gradle/api/internal/artifacts/configurations/DefaultConfiguration$ConfigurationResolvableDependencies$ConfigurationArtifactView
instanceKlass  @bci org/gradle/api/internal/initialization/DefaultScriptClassPathResolver lambda$resolveClassPath$3 (Lorg/gradle/api/artifacts/ArtifactView$ViewConfiguration;)V 1 <appendix> argL0 ; # org/gradle/api/internal/initialization/DefaultScriptClassPathResolver$$Lambda+0x00000279c5702288
instanceKlass  @bci org/gradle/api/internal/artifacts/configurations/DefaultConfiguration$ArtifactViewConfiguration_Decorated $gradleInit ()V 1 <appendix> member <vmtarget> ; # org/gradle/api/internal/artifacts/configurations/DefaultConfiguration$ArtifactViewConfiguration_Decorated$$Lambda+0x00000279c5704db8
instanceKlass  @bci org/gradle/api/internal/initialization/DefaultScriptClassPathResolver resolveClassPath (Lorg/gradle/api/artifacts/Configuration;)Lorg/gradle/internal/classpath/ClassPath; 53 <appendix> argL0 ; # org/gradle/api/internal/initialization/DefaultScriptClassPathResolver$$Lambda+0x00000279c56f3da0
instanceKlass  @bci org/gradle/api/internal/artifacts/configurations/ResolutionBackedFileCollection visitDependencies (Lorg/gradle/api/internal/tasks/TaskDependencyResolveContext;)V 57 <appendix> member <vmtarget> ; # org/gradle/api/internal/artifacts/configurations/ResolutionBackedFileCollection$$Lambda+0x00000279c5704730
instanceKlass org/gradle/api/internal/artifacts/DefaultResolverResults
instanceKlass org/gradle/api/internal/artifacts/ivyservice/ShortCircuitEmptyConfigurationResolver$EmptyResults
instanceKlass org/gradle/api/internal/artifacts/ivyservice/resolveengine/artifact/SelectedArtifactSet
instanceKlass org/gradle/api/internal/artifacts/ivyservice/resolveengine/projectresult/ResolvedLocalComponentsResultGraphVisitor
instanceKlass org/gradle/api/internal/artifacts/ivyservice/resolveengine/result/DefaultResolutionResultBuilder$RootFactory
instanceKlass org/gradle/api/internal/artifacts/result/DefaultResolutionResult
instanceKlass org/gradle/api/internal/artifacts/result/ResolutionResultInternal
instanceKlass org/gradle/api/internal/artifacts/result/DefaultResolvedComponentResult
instanceKlass org/gradle/api/internal/artifacts/result/ResolvedComponentResultInternal
instanceKlass org/gradle/api/internal/artifacts/ivyservice/resolveengine/result/ComponentSelectionReasons$DefaultComponentSelectionReason
instanceKlass org/gradle/api/internal/artifacts/ivyservice/resolveengine/result/CachingDependencyResultFactory
instanceKlass org/gradle/api/artifacts/result/DependencyResult
instanceKlass org/gradle/api/internal/artifacts/ivyservice/resolveengine/result/DefaultResolutionResultBuilder
instanceKlass org/gradle/api/internal/artifacts/ivyservice/resolveengine/result/ResolvedComponentVisitor
instanceKlass org/gradle/api/internal/artifacts/DefaultModuleVersionIdentifier
instanceKlass  @bci org/gradle/api/internal/artifacts/DefaultImmutableModuleIdentifierFactory moduleWithVersion (Lorg/gradle/api/artifacts/ModuleIdentifier;Ljava/lang/String;)Lorg/gradle/api/artifacts/ModuleVersionIdentifier; 23 <appendix> argL0 ; # org/gradle/api/internal/artifacts/DefaultImmutableModuleIdentifierFactory$$Lambda+0x00000279c56fe278
instanceKlass  @bci org/gradle/api/internal/artifacts/DefaultImmutableModuleIdentifierFactory module (Ljava/lang/String;Ljava/lang/String;)Lorg/gradle/api/artifacts/ModuleIdentifier; 23 <appendix> argL0 ; # org/gradle/api/internal/artifacts/DefaultImmutableModuleIdentifierFactory$$Lambda+0x00000279c56fe040
instanceKlass org/gradle/api/internal/artifacts/ProjectBackedModule
instanceKlass org/gradle/api/internal/CompositeDomainObjectSet$2
instanceKlass org/gradle/api/internal/CompositeDomainObjectSet$1
instanceKlass org/gradle/api/internal/CompositeDomainObjectSet$ItemNotInCompositeSpec
instanceKlass org/gradle/api/internal/CompositeDomainObjectSet$ItemIsUniqueInCompositeSpec
instanceKlass org/gradle/api/internal/CompositeDomainObjectSet$DomainObjectCompositeCollection
instanceKlass  @bci org/gradle/api/internal/artifacts/configurations/DefaultConfiguration resolveGraphForBuildDependenciesIfRequired ()Lorg/gradle/api/internal/artifacts/ResolverResults; 28 <appendix> member <vmtarget> ; # org/gradle/api/internal/artifacts/configurations/DefaultConfiguration$$Lambda+0x00000279c56fde00
instanceKlass  @bci org/gradle/api/internal/artifacts/ivyservice/resolutionstrategy/DefaultResolutionStrategy_Decorated $gradleInit ()V 1 <appendix> member <vmtarget> ; # org/gradle/api/internal/artifacts/ivyservice/resolutionstrategy/DefaultResolutionStrategy_Decorated$$Lambda+0x00000279c56fdbe0
instanceKlass  @bci org/gradle/api/internal/artifacts/ivyservice/resolutionstrategy/DefaultCachePolicy cacheMissingArtifactsFor (ILjava/util/concurrent/TimeUnit;)V 3 <appendix> member <vmtarget> ; # org/gradle/api/internal/artifacts/ivyservice/resolutionstrategy/DefaultCachePolicy$$Lambda+0x00000279c56fd7d0
instanceKlass  @bci org/gradle/api/internal/artifacts/ivyservice/resolutionstrategy/DefaultCachePolicy cacheChangingModulesFor (ILjava/util/concurrent/TimeUnit;)V 24 <appendix> member <vmtarget> ; # org/gradle/api/internal/artifacts/ivyservice/resolutionstrategy/DefaultCachePolicy$$Lambda+0x00000279c56fd5b0
instanceKlass org/gradle/api/internal/artifacts/cache/ArtifactResolutionControl
instanceKlass  @bci org/gradle/api/internal/artifacts/ivyservice/resolutionstrategy/DefaultCachePolicy cacheChangingModulesFor (ILjava/util/concurrent/TimeUnit;)V 13 <appendix> member <vmtarget> ; # org/gradle/api/internal/artifacts/ivyservice/resolutionstrategy/DefaultCachePolicy$$Lambda+0x00000279c56fd198
instanceKlass org/gradle/api/internal/artifacts/cache/ModuleResolutionControl
instanceKlass  @bci org/gradle/api/internal/artifacts/ivyservice/resolutionstrategy/DefaultCachePolicy cacheMissingArtifactsFor (ILjava/util/concurrent/TimeUnit;)V 3 <appendix> form vmentry <vmtarget> ; # java/lang/invoke/LambdaForm$DMH+0x00000279c5700000
instanceKlass  @bci org/gradle/api/internal/artifacts/ivyservice/resolutionstrategy/DefaultCachePolicy cacheDynamicVersionsFor (ILjava/util/concurrent/TimeUnit;)V 13 <appendix> member <vmtarget> ; # org/gradle/api/internal/artifacts/ivyservice/resolutionstrategy/DefaultCachePolicy$$Lambda+0x00000279c56fcd80
instanceKlass  @cpi org/gradle/api/internal/artifacts/ivyservice/resolutionstrategy/DefaultCachePolicy 240 form vmentry <vmtarget> ; # java/lang/invoke/LambdaForm$DMH+0x00000279c56fbc00
instanceKlass org/gradle/api/internal/artifacts/cache/DependencyResolutionControl
instanceKlass org/gradle/api/internal/artifacts/cache/ResolutionControl
# instanceKlass java/lang/invoke/LambdaForm$MH+0x00000279c56fb800
# instanceKlass java/lang/invoke/LambdaForm$MH+0x00000279c56fb400
# instanceKlass java/lang/invoke/LambdaForm$MH+0x00000279c56fb000
# instanceKlass java/lang/invoke/LambdaForm$MH+0x00000279c56fac00
# instanceKlass java/lang/invoke/LambdaForm$MH+0x00000279c56fa800
# instanceKlass java/lang/invoke/LambdaForm$MH+0x00000279c56fa400
# instanceKlass java/lang/invoke/LambdaForm$MH+0x00000279c56fa000
# instanceKlass java/lang/invoke/LambdaForm$MH+0x00000279c56f9c00
instanceKlass org/gradle/internal/typeconversion/FlatteningNotationParser
instanceKlass org/gradle/api/internal/artifacts/DependencySubstitutionInternal
instanceKlass org/gradle/api/internal/artifacts/ivyservice/resolutionstrategy/DefaultComponentSelectionRules
instanceKlass org/gradle/api/internal/artifacts/ivyservice/resolutionstrategy/DefaultCachePolicy
instanceKlass org/gradle/api/internal/artifacts/ComponentSelectionRulesInternal
instanceKlass org/gradle/api/artifacts/ComponentSelectionRules
instanceKlass org/gradle/api/internal/artifacts/ivyservice/resolutionstrategy/DefaultResolutionStrategy
instanceKlass  @bci org/gradle/api/internal/artifacts/ivyservice/dependencysubstitution/DefaultDependencySubstitutions_Decorated $gradleInit ()V 1 <appendix> member <vmtarget> ; # org/gradle/api/internal/artifacts/ivyservice/dependencysubstitution/DefaultDependencySubstitutions_Decorated$$Lambda+0x00000279c56f6e40
instanceKlass  @bci org/gradle/api/internal/artifacts/configurations/MutationValidator <clinit> ()V 0 <appendix> argL0 ; # org/gradle/api/internal/artifacts/configurations/MutationValidator$$Lambda+0x00000279c56f6c28
# instanceKlass java/lang/invoke/LambdaForm$MH+0x00000279c56f9800
# instanceKlass java/lang/invoke/LambdaForm$MH+0x00000279c56f9400
# instanceKlass java/lang/invoke/LambdaForm$MH+0x00000279c56f9000
# instanceKlass java/lang/invoke/LambdaForm$MH+0x00000279c56f8c00
# instanceKlass java/lang/invoke/LambdaForm$MH+0x00000279c56f8800
# instanceKlass java/lang/invoke/LambdaForm$MH+0x00000279c56f8400
instanceKlass org/gradle/api/artifacts/DependencySubstitution
instanceKlass org/gradle/api/internal/artifacts/ivyservice/resolveengine/result/DefaultComponentSelectionDescriptor
instanceKlass org/gradle/api/internal/artifacts/ivyservice/resolveengine/result/ComponentSelectionReasonInternal
instanceKlass org/gradle/api/internal/artifacts/ivyservice/resolveengine/result/ComponentSelectionDescriptorInternal
instanceKlass org/gradle/api/internal/artifacts/ivyservice/resolveengine/result/ComponentSelectionReasons
instanceKlass org/gradle/api/internal/artifacts/ivyservice/dependencysubstitution/DefaultDependencySubstitutions$ProjectPathConverter
instanceKlass org/gradle/api/artifacts/DependencySubstitutions$Substitution
instanceKlass org/gradle/api/internal/artifacts/ivyservice/dependencysubstitution/DefaultDependencySubstitutions
instanceKlass  @bci org/gradle/api/internal/artifacts/ivyservice/resolutionstrategy/DefaultCapabilitiesResolution_Decorated $gradleInit ()V 1 <appendix> member <vmtarget> ; # org/gradle/api/internal/artifacts/ivyservice/resolutionstrategy/DefaultCapabilitiesResolution_Decorated$$Lambda+0x00000279c56f57b0
# instanceKlass java/lang/invoke/LambdaForm$MH+0x00000279c56f8000
instanceKlass org/gradle/api/internal/artifacts/ivyservice/resolveengine/graph/conflicts/UpgradeCapabilityResolver
instanceKlass org/gradle/api/internal/artifacts/ivyservice/resolutionstrategy/DefaultCapabilitiesResolution$DefaultCapabilityResolutionDetails
instanceKlass org/gradle/api/artifacts/CapabilityResolutionDetails
instanceKlass org/gradle/internal/component/external/model/DefaultComponentVariantIdentifier
instanceKlass org/gradle/api/artifacts/ComponentVariantIdentifier
instanceKlass org/gradle/api/internal/artifacts/ivyservice/resolveengine/graph/conflicts/CapabilitiesConflictHandler$CandidateDetails
instanceKlass org/gradle/internal/component/external/model/DefaultImmutableCapability
instanceKlass org/gradle/api/internal/capabilities/ImmutableCapability
instanceKlass org/gradle/api/internal/artifacts/ivyservice/resolveengine/graph/conflicts/CapabilitiesConflictHandler$ResolutionDetails
instanceKlass org/gradle/api/internal/artifacts/ivyservice/resolveengine/graph/conflicts/ConflictResolutionResult
instanceKlass org/gradle/api/internal/artifacts/ivyservice/resolutionstrategy/DefaultCapabilitiesResolution
instanceKlass org/gradle/api/internal/artifacts/ivyservice/resolutionstrategy/CapabilitiesResolutionInternal
instanceKlass org/gradle/api/artifacts/CapabilitiesResolution
instanceKlass  @bci org/gradle/api/internal/tasks/TaskDependencyContainer <clinit> ()V 0 <appendix> argL0 ; # org/gradle/api/internal/tasks/TaskDependencyContainer$$Lambda+0x00000279c56f0c20
instanceKlass org/gradle/api/internal/tasks/DefaultTaskDependency$TaskDependencySet
instanceKlass org/gradle/internal/graph/CachingDirectedGraphWalker$NodeDetails
instanceKlass  @bci java/util/ArrayDeque copyElements (Ljava/util/Collection;)V 2 <appendix> member <vmtarget> ; # java/util/ArrayDeque$$Lambda+0x00000279c5570760
instanceKlass org/gradle/api/internal/tasks/WorkDependencyResolver$1
instanceKlass org/gradle/api/internal/tasks/TaskDependencyUtil
instanceKlass  @bci org/gradle/api/internal/file/AbstractFileCollection getBuildDependencies ()Lorg/gradle/api/tasks/TaskDependency; 22 <appendix> member <vmtarget> ; # org/gradle/api/internal/file/AbstractFileCollection$$Lambda+0x00000279c56e9400
instanceKlass  @bci org/gradle/api/internal/file/AbstractFileCollection getBuildDependencies ()Lorg/gradle/api/tasks/TaskDependency; 9 <appendix> member <vmtarget> ; # org/gradle/api/internal/file/AbstractFileCollection$$Lambda+0x00000279c56e9c38
instanceKlass  @bci org/gradle/plugin/use/internal/DefaultPluginRequestApplicator$1$1 add (Lorg/gradle/api/internal/plugins/PluginImplementation;)V 16 <appendix> member <vmtarget> ; # org/gradle/plugin/use/internal/DefaultPluginRequestApplicator$1$1$$Lambda+0x00000279c56efca0
instanceKlass org/gradle/plugin/use/internal/DefaultPluginRequestApplicator$1$1
instanceKlass org/gradle/plugin/use/resolve/internal/PluginResolveContext
instanceKlass org/gradle/plugin/use/internal/DefaultPluginRequestApplicator$1
instanceKlass org/gradle/api/plugins/GroovyPlugin
instanceKlass org/gradle/plugin/use/resolve/internal/SimplePluginResolution
instanceKlass org/gradle/plugin/devel/plugins/JavaGradlePluginPlugin$PluginValidationActionsState
instanceKlass org/gradle/plugin/devel/plugins/JavaGradlePluginPlugin$PluginValidationAction
instanceKlass org/gradle/plugin/devel/plugins/JavaGradlePluginPlugin$PluginDescriptorCollectorAction
instanceKlass org/gradle/plugin/devel/plugins/JavaGradlePluginPlugin$ClassManifestCollectorAction
instanceKlass org/gradle/plugin/devel/plugins/JavaGradlePluginPlugin$TestKitAndPluginClasspathDependenciesAction
instanceKlass org/gradle/plugin/devel/plugins/JavaGradlePluginPlugin$AddOpensCommandLineArgumentProvider
instanceKlass org/gradle/process/CommandLineArgumentProvider
instanceKlass org/gradle/plugin/devel/plugins/JavaGradlePluginPlugin$LocalPluginPublication
instanceKlass org/gradle/plugin/use/resolve/internal/local/PluginPublication
instanceKlass org/gradle/api/internal/artifacts/ivyservice/projectmodule/ProjectPublication
instanceKlass org/gradle/plugin/devel/plugins/JavaGradlePluginPlugin
instanceKlass  @bci org/gradle/plugin/management/internal/autoapply/CompositeAutoAppliedPluginRegistry getAutoAppliedPlugins (Lorg/gradle/api/Project;)Lorg/gradle/plugin/management/internal/PluginRequests; 23 <appendix> argL0 ; # org/gradle/plugin/management/internal/autoapply/CompositeAutoAppliedPluginRegistry$$Lambda+0x00000279c56ed9f0
instanceKlass  @bci org/gradle/plugin/management/internal/autoapply/CompositeAutoAppliedPluginRegistry getAutoAppliedPlugins (Lorg/gradle/api/Project;)Lorg/gradle/plugin/management/internal/PluginRequests; 10 <appendix> member <vmtarget> ; # org/gradle/plugin/management/internal/autoapply/CompositeAutoAppliedPluginRegistry$$Lambda+0x00000279c56ed7b0
instanceKlass org/gradle/kotlin/dsl/PluginDependenciesSpecScope
instanceKlass org/gradle/kotlin/dsl/support/CompiledKotlinPluginsBlock
instanceKlass org/gradle/kotlin/dsl/support/EmbeddedKotlinProvider$pinEmbeddedKotlinDependenciesOn$1$1$1
instanceKlass kotlin/io/CloseableKt
instanceKlass  @bci org/gradle/api/internal/initialization/DefaultScriptClassPathResolver lambda$prepareClassPath$1 (Lorg/gradle/api/artifacts/DependencyConstraint;)V 1 <appendix> argL0 ; # org/gradle/api/internal/initialization/DefaultScriptClassPathResolver$$Lambda+0x00000279c56eb1f8
instanceKlass  @bci org/gradle/api/internal/artifacts/dependencies/DefaultDependencyConstraint_Decorated $gradleInit ()V 1 <appendix> member <vmtarget> ; # org/gradle/api/internal/artifacts/dependencies/DefaultDependencyConstraint_Decorated$$Lambda+0x00000279c56ed590
instanceKlass org/gradle/api/internal/artifacts/ImmutableVersionConstraint
instanceKlass org/gradle/api/internal/artifacts/dependencies/AbstractVersionConstraint
instanceKlass org/gradle/api/internal/artifacts/VersionConstraintInternal
# instanceKlass java/lang/invoke/LambdaForm$MH+0x00000279c56e9000
instanceKlass org/gradle/api/artifacts/MutableVersionConstraint
instanceKlass org/gradle/api/internal/catalog/parser/StrictVersionParser$RichVersion
instanceKlass org/gradle/api/internal/artifacts/dsl/ParsedModuleStringNotation
instanceKlass  @bci org/gradle/api/internal/initialization/DefaultScriptClassPathResolver prepareClassPath (Lorg/gradle/api/artifacts/Configuration;Lorg/gradle/api/artifacts/dsl/DependencyHandler;)V 167 <appendix> argL0 ; # org/gradle/api/internal/initialization/DefaultScriptClassPathResolver$$Lambda+0x00000279c56eabe0
instanceKlass org/gradle/api/attributes/plugin/GradlePluginApiVersion$Impl
instanceKlass org/gradle/api/attributes/Bundling$Impl
instanceKlass com/google/common/collect/NullnessCasts
instanceKlass  @bci org/gradle/api/internal/attributes/DefaultImmutableAttributesFactory doConcatIsolatable (Lorg/gradle/api/internal/attributes/ImmutableAttributes;Lorg/gradle/api/attributes/Attribute;Lorg/gradle/internal/isolation/Isolatable;)Lorg/gradle/api/internal/attributes/ImmutableAttributes; 10 <appendix> argL0 ; # org/gradle/api/internal/attributes/DefaultImmutableAttributesFactory$$Lambda+0x00000279c56e79e0
instanceKlass  @bci org/gradle/api/internal/artifacts/configurations/DefaultConfiguration_Decorated $gradleInit ()V 1 <appendix> member <vmtarget> ; # org/gradle/api/internal/artifacts/configurations/DefaultConfiguration_Decorated$$Lambda+0x00000279c56ec220
instanceKlass org/gradle/api/internal/project/DefaultProjectStateRegistry$CalculatedModelValueImpl
instanceKlass  @bci org/gradle/api/internal/artifacts/configurations/DefaultConfigurationPublications_Decorated $gradleInit ()V 1 <appendix> member <vmtarget> ; # org/gradle/api/internal/artifacts/configurations/DefaultConfigurationPublications_Decorated$$Lambda+0x00000279c56dbd10
# instanceKlass java/lang/invoke/LambdaForm$MH+0x00000279c56e8c00
# instanceKlass java/lang/invoke/LambdaForm$MH+0x00000279c56e8800
# instanceKlass java/lang/invoke/LambdaForm$MH+0x00000279c56e8400
# instanceKlass java/lang/invoke/LambdaForm$MH+0x00000279c56e8000
# instanceKlass java/lang/invoke/LambdaForm$MH+0x00000279c56e5c00
# instanceKlass java/lang/invoke/LambdaForm$MH+0x00000279c56e5800
# instanceKlass java/lang/invoke/LambdaForm$MH+0x00000279c56e5400
# instanceKlass java/lang/invoke/LambdaForm$MH+0x00000279c56e5000
# instanceKlass java/lang/invoke/LambdaForm$MH+0x00000279c56e4c00
# instanceKlass java/lang/invoke/LambdaForm$MH+0x00000279c56e4800
instanceKlass org/gradle/api/artifacts/ConfigurationVariant
instanceKlass org/gradle/api/internal/artifacts/configurations/DefaultConfigurationPublications$ConfigurationVariantFactory
instanceKlass org/gradle/api/internal/artifacts/configurations/OutgoingVariant
instanceKlass org/gradle/api/internal/artifacts/configurations/DefaultConfiguration$AllArtifactsProvider
instanceKlass org/gradle/api/internal/artifacts/configurations/PublishArtifactSetProvider
instanceKlass org/gradle/api/internal/artifacts/DefaultPublishArtifactSet$ArtifactsFileCollection
instanceKlass org/gradle/api/internal/tasks/AbstractTaskDependency$1
instanceKlass org/gradle/api/internal/tasks/AbstractTaskDependency
instanceKlass org/gradle/api/internal/tasks/TaskDependencyContainerInternal
instanceKlass org/gradle/api/internal/tasks/DefaultTaskDependency$VisitBehavior
instanceKlass  @bci org/gradle/api/internal/artifacts/DefaultPublishArtifactSet <init> (Lorg/gradle/api/Describable;Lorg/gradle/api/DomainObjectSet;Lorg/gradle/api/internal/file/FileCollectionFactory;Lorg/gradle/api/internal/tasks/TaskDependencyFactory;)V 14 <appendix> member <vmtarget> ; # org/gradle/api/internal/artifacts/DefaultPublishArtifactSet$$Lambda+0x00000279c56dab88
instanceKlass org/gradle/api/internal/tasks/TaskDependencyInternal
instanceKlass org/gradle/api/internal/artifacts/DefaultDependencySet$MutationValidationAction
instanceKlass  @bci org/gradle/api/internal/artifacts/configurations/DefaultConfiguration validateMutationType (Lorg/gradle/api/internal/artifacts/configurations/MutationValidator;Lorg/gradle/api/internal/artifacts/configurations/MutationValidator$MutationType;)Lorg/gradle/api/Action; 2 <appendix> member <vmtarget> ; # org/gradle/api/internal/artifacts/configurations/DefaultConfiguration$$Lambda+0x00000279c56da738
instanceKlass  @bci org/gradle/api/internal/DefaultDomainObjectSet_Decorated $gradleInit ()V 1 <appendix> member <vmtarget> ; # org/gradle/api/internal/DefaultDomainObjectSet_Decorated$$Lambda+0x00000279c56d3838
instanceKlass org/gradle/api/internal/artifacts/configurations/DefaultConfiguration$ConfigurationDescription
instanceKlass  @bci org/gradle/api/internal/artifacts/configurations/DefaultConfiguration$ConfigurationResolvableDependencies_Decorated $gradleInit ()V 1 <appendix> member <vmtarget> ; # org/gradle/api/internal/artifacts/configurations/DefaultConfiguration$ConfigurationResolvableDependencies_Decorated$$Lambda+0x00000279c56da100
instanceKlass org/gradle/api/internal/artifacts/configurations/DefaultConfiguration$ArtifactViewConfiguration
instanceKlass org/gradle/api/artifacts/ArtifactView$ViewConfiguration
instanceKlass org/gradle/api/internal/artifacts/configurations/DefaultConfiguration$DefaultResolutionHost
instanceKlass org/gradle/api/internal/artifacts/configurations/DefaultConfiguration$VisitedArtifactsSetProvider
instanceKlass org/gradle/api/internal/artifacts/configurations/DefaultConfiguration$SelectedArtifactsProvider
instanceKlass org/gradle/api/internal/artifacts/ivyservice/resolveengine/artifact/ResolvedFileVisitor
instanceKlass org/gradle/api/internal/attributes/AbstractAttributeContainer
instanceKlass  @bci org/gradle/api/internal/artifacts/configurations/DefaultConfiguration <init> (Lorg/gradle/api/internal/DomainObjectContext;Ljava/lang/String;Lorg/gradle/api/internal/artifacts/configurations/ConfigurationsProvider;Lorg/gradle/api/internal/artifacts/ConfigurationResolver;Lorg/gradle/internal/event/ListenerBroadcast;Lorg/gradle/api/internal/artifacts/configurations/ProjectDependencyObservedListener;Lorg/gradle/api/internal/artifacts/configurations/DependencyMetaDataProvider;Lorg/gradle/api/internal/artifacts/component/ComponentIdentifierFactory;Lorg/gradle/api/internal/artifacts/dsl/dependencies/DependencyLockingProvider;Lorg/gradle/internal/Factory;Lorg/gradle/api/internal/file/FileCollectionFactory;Lorg/gradle/internal/operations/BuildOperationExecutor;Lorg/gradle/internal/reflect/Instantiator;Lorg/gradle/internal/typeconversion/NotationParser;Lorg/gradle/internal/typeconversion/NotationParser;Lorg/gradle/api/internal/attributes/ImmutableAttributesFactory;Lorg/gradle/api/internal/artifacts/ivyservice/m ; # org/gradle/api/internal/artifacts/configurations/DefaultConfiguration$$Lambda+0x00000279c56d77d0
instanceKlass  @bci org/gradle/api/internal/artifacts/configurations/DefaultConfiguration <init> (Lorg/gradle/api/internal/DomainObjectContext;Ljava/lang/String;Lorg/gradle/api/internal/artifacts/configurations/ConfigurationsProvider;Lorg/gradle/api/internal/artifacts/ConfigurationResolver;Lorg/gradle/internal/event/ListenerBroadcast;Lorg/gradle/api/internal/artifacts/configurations/ProjectDependencyObservedListener;Lorg/gradle/api/internal/artifacts/configurations/DependencyMetaDataProvider;Lorg/gradle/api/internal/artifacts/component/ComponentIdentifierFactory;Lorg/gradle/api/internal/artifacts/dsl/dependencies/DependencyLockingProvider;Lorg/gradle/internal/Factory;Lorg/gradle/api/internal/file/FileCollectionFactory;Lorg/gradle/internal/operations/BuildOperationExecutor;Lorg/gradle/internal/reflect/Instantiator;Lorg/gradle/internal/typeconversion/NotationParser;Lorg/gradle/internal/typeconversion/NotationParser;Lorg/gradle/api/internal/attributes/ImmutableAttributesFactory;Lorg/gradle/api/internal/artifacts/ivyservice/m ; # org/gradle/api/internal/artifacts/configurations/DefaultConfiguration$$Lambda+0x00000279c56d73c0
# instanceKlass java/lang/invoke/LambdaForm$MH+0x00000279c56e4400
# instanceKlass java/lang/invoke/LambdaForm$BMH+0x00000279c56e4000
# instanceKlass java/lang/invoke/LambdaForm$DMH+0x00000279c56e3c00
# instanceKlass java/lang/invoke/LambdaForm$MH+0x00000279c56e3800
# instanceKlass java/lang/invoke/LambdaForm$DMH+0x00000279c56e3400
# instanceKlass java/lang/invoke/LambdaForm$MH+0x00000279c56e3000
# instanceKlass java/lang/invoke/LambdaForm$DMH+0x00000279c56e2c00
# instanceKlass java/lang/invoke/LambdaForm$MH+0x00000279c56e2800
# instanceKlass java/lang/invoke/LambdaForm$MH+0x00000279c56e2400
# instanceKlass java/lang/invoke/LambdaForm$MH+0x00000279c56e2000
# instanceKlass java/lang/invoke/LambdaForm$MH+0x00000279c56e1c00
# instanceKlass java/lang/invoke/LambdaForm$MH+0x00000279c56e1800
# instanceKlass java/lang/invoke/LambdaForm$MH+0x00000279c56e1400
# instanceKlass java/lang/invoke/LambdaForm$MH+0x00000279c56e1000
# instanceKlass java/lang/invoke/LambdaForm$MH+0x00000279c56e0c00
# instanceKlass java/lang/invoke/LambdaForm$MH+0x00000279c56e0800
# instanceKlass java/lang/invoke/LambdaForm$MH+0x00000279c56e0400
# instanceKlass java/lang/invoke/LambdaForm$MH+0x00000279c56e0000
# instanceKlass java/lang/invoke/LambdaForm$MH+0x00000279c56dfc00
# instanceKlass java/lang/invoke/LambdaForm$MH+0x00000279c56df800
# instanceKlass java/lang/invoke/LambdaForm$MH+0x00000279c56df400
# instanceKlass java/lang/invoke/LambdaForm$MH+0x00000279c56df000
# instanceKlass java/lang/invoke/LambdaForm$MH+0x00000279c56dec00
# instanceKlass java/lang/invoke/LambdaForm$MH+0x00000279c56de800
# instanceKlass java/lang/invoke/LambdaForm$MH+0x00000279c56de400
# instanceKlass java/lang/invoke/LambdaForm$MH+0x00000279c56de000
# instanceKlass java/lang/invoke/LambdaForm$MH+0x00000279c56ddc00
# instanceKlass java/lang/invoke/LambdaForm$MH+0x00000279c56dd800
# instanceKlass java/lang/invoke/LambdaForm$MH+0x00000279c56dd400
# instanceKlass java/lang/invoke/LambdaForm$MH+0x00000279c56dd000
# instanceKlass java/lang/invoke/LambdaForm$MH+0x00000279c56dcc00
# instanceKlass java/lang/invoke/LambdaForm$BMH+0x00000279c56dc800
# instanceKlass java/lang/invoke/LambdaForm$DMH+0x00000279c56dc400
# instanceKlass java/lang/invoke/LambdaForm$DMH+0x00000279c56dc000
instanceKlass org/gradle/api/artifacts/ExcludeRule
instanceKlass org/gradle/api/internal/file/collections/FileSystemMirroringFileTree
instanceKlass org/gradle/api/internal/artifacts/configurations/DefaultConfigurationPublications
instanceKlass org/gradle/api/internal/artifacts/configurations/DefaultConfiguration$ConfigurationResolvableDependencies
instanceKlass org/gradle/api/internal/artifacts/configurations/ResolvableDependenciesInternal
instanceKlass org/gradle/internal/component/model/LocalComponentDependencyMetadata
instanceKlass org/gradle/internal/logging/text/TreeFormatter
instanceKlass org/gradle/api/internal/artifacts/configurations/DefaultArtifactCollection
instanceKlass org/gradle/api/internal/artifacts/configurations/ArtifactCollectionInternal
instanceKlass org/gradle/api/artifacts/ArtifactCollection
instanceKlass org/gradle/api/internal/artifacts/ResolverResults
instanceKlass org/gradle/api/artifacts/DependencyConstraintSet
instanceKlass org/gradle/api/artifacts/ConfigurationPublications
instanceKlass org/gradle/api/artifacts/ResolvableDependencies
instanceKlass org/gradle/api/artifacts/ArtifactView
instanceKlass org/gradle/operations/dependencies/configurations/ConfigurationIdentity
instanceKlass org/gradle/api/artifacts/PublishArtifactSet
instanceKlass org/gradle/api/artifacts/DependencySet
instanceKlass org/gradle/api/internal/artifacts/configurations/DefaultConfiguration$ResolveState
instanceKlass org/gradle/api/internal/artifacts/ivyservice/resolveengine/projectresult/ResolvedProjectConfiguration
instanceKlass org/gradle/api/artifacts/DependencyResolutionListener
instanceKlass org/gradle/api/internal/artifacts/configurations/ConfigurationRolesForMigration
instanceKlass  @bci org/gradle/api/internal/artifacts/dsl/dependencies/DefaultDependencyHandler_Decorated $gradleInit ()V 1 <appendix> member <vmtarget> ; # org/gradle/api/internal/artifacts/dsl/dependencies/DefaultDependencyHandler_Decorated$$Lambda+0x00000279c56aab28
instanceKlass org/gradle/api/internal/artifacts/dsl/dependencies/DefaultDependencyHandler$DirectDependencyAdder
instanceKlass org/gradle/api/artifacts/type/ArtifactTypeDefinition
# instanceKlass java/lang/invoke/LambdaForm$MH+0x00000279c56cf400
# instanceKlass java/lang/invoke/LambdaForm$MH+0x00000279c56cf000
# instanceKlass java/lang/invoke/LambdaForm$MH+0x00000279c56cec00
# instanceKlass java/lang/invoke/LambdaForm$MH+0x00000279c56ce800
# instanceKlass java/lang/invoke/LambdaForm$MH+0x00000279c56ce400
# instanceKlass java/lang/invoke/LambdaForm$MH+0x00000279c56ce000
# instanceKlass java/lang/invoke/LambdaForm$MH+0x00000279c56cdc00
# instanceKlass java/lang/invoke/LambdaForm$MH+0x00000279c56cd800
# instanceKlass java/lang/invoke/LambdaForm$MH+0x00000279c56cd400
# instanceKlass java/lang/invoke/LambdaForm$MH+0x00000279c56cd000
# instanceKlass java/lang/invoke/LambdaForm$MH+0x00000279c56ccc00
# instanceKlass java/lang/invoke/LambdaForm$MH+0x00000279c56cc800
# instanceKlass java/lang/invoke/LambdaForm$MH+0x00000279c56cc400
# instanceKlass java/lang/invoke/LambdaForm$DMH+0x00000279c56cc000
instanceKlass org/gradle/api/artifacts/dsl/ExternalModuleDependencyVariantSpec
instanceKlass org/gradle/api/internal/artifacts/dsl/dependencies/DefaultDependencyHandler
# instanceKlass java/lang/invoke/LambdaForm$MH+0x00000279c56cbc00
# instanceKlass java/lang/invoke/LambdaForm$MH+0x00000279c56cb800
# instanceKlass java/lang/invoke/LambdaForm$MH+0x00000279c56cb400
# instanceKlass java/lang/invoke/LambdaForm$MH+0x00000279c56cb000
# instanceKlass java/lang/invoke/LambdaForm$MH+0x00000279c56cac00
# instanceKlass java/lang/invoke/LambdaForm$MH+0x00000279c56ca800
# instanceKlass java/lang/invoke/LambdaForm$MH+0x00000279c56ca400
# instanceKlass java/lang/invoke/LambdaForm$MH+0x00000279c56ca000
# instanceKlass java/lang/invoke/LambdaForm$MH+0x00000279c56c9c00
# instanceKlass java/lang/invoke/LambdaForm$MH+0x00000279c56c9800
# instanceKlass java/lang/invoke/LambdaForm$MH+0x00000279c56c9400
# instanceKlass java/lang/invoke/LambdaForm$MH+0x00000279c56c9000
# instanceKlass java/lang/invoke/LambdaForm$MH+0x00000279c56c8c00
instanceKlass org/gradle/api/artifacts/query/ArtifactResolutionQuery
instanceKlass org/gradle/api/internal/artifacts/query/DefaultArtifactResolutionQueryFactory
# instanceKlass java/lang/invoke/LambdaForm$MH+0x00000279c56c8800
# instanceKlass java/lang/invoke/LambdaForm$MH+0x00000279c56c8400
# instanceKlass java/lang/invoke/LambdaForm$MH+0x00000279c56c8000
# instanceKlass java/lang/invoke/LambdaForm$MH+0x00000279c56c3c00
# instanceKlass java/lang/invoke/LambdaForm$MH+0x00000279c56c3800
# instanceKlass java/lang/invoke/LambdaForm$MH+0x00000279c56c3400
# instanceKlass java/lang/invoke/LambdaForm$MH+0x00000279c56c3000
# instanceKlass java/lang/invoke/LambdaForm$MH+0x00000279c56c2c00
# instanceKlass java/lang/invoke/LambdaForm$MH+0x00000279c56c2800
instanceKlass  @bci org/gradle/api/internal/artifacts/dsl/dependencies/DefaultDependencyConstraintHandler_Decorated $gradleInit ()V 1 <appendix> member <vmtarget> ; # org/gradle/api/internal/artifacts/dsl/dependencies/DefaultDependencyConstraintHandler_Decorated$$Lambda+0x00000279c56a9540
instanceKlass org/gradle/api/internal/artifacts/dsl/dependencies/DefaultDependencyConstraintHandler$DependencyConstraintAdder
instanceKlass org/gradle/api/internal/artifacts/dsl/dependencies/DefaultDependencyConstraintHandler$1
instanceKlass org/gradle/api/internal/artifacts/dsl/dependencies/DynamicAddDependencyMethods
instanceKlass org/gradle/api/internal/artifacts/dsl/dependencies/DynamicAddDependencyMethods$DependencyAdder
instanceKlass org/gradle/api/internal/artifacts/dsl/dependencies/DefaultDependencyConstraintHandler
# instanceKlass java/lang/invoke/LambdaForm$MH+0x00000279c56c2400
# instanceKlass java/lang/invoke/LambdaForm$MH+0x00000279c56c2000
# instanceKlass java/lang/invoke/LambdaForm$MH+0x00000279c56c1c00
# instanceKlass java/lang/invoke/LambdaForm$MH+0x00000279c56c1800
instanceKlass  @bci org/gradle/internal/execution/steps/ResolveCachingStateStep execute (Lorg/gradle/internal/execution/UnitOfWork;Lorg/gradle/internal/execution/steps/ValidationFinishedContext;)Lorg/gradle/internal/execution/steps/CachingResult; 81 <appendix> member <vmtarget> ; # org/gradle/internal/execution/steps/ResolveCachingStateStep$$Lambda+0x00000279c56c7228
instanceKlass  @bci org/gradle/internal/execution/steps/ResolveCachingStateStep execute (Lorg/gradle/internal/execution/UnitOfWork;Lorg/gradle/internal/execution/steps/ValidationFinishedContext;)Lorg/gradle/internal/execution/steps/CachingResult; 74 <appendix> member <vmtarget> ; # org/gradle/internal/execution/steps/ResolveCachingStateStep$$Lambda+0x00000279c56c6ff8
instanceKlass org/gradle/internal/execution/caching/CachingState$Enabled
instanceKlass org/gradle/internal/execution/steps/SkipEmptyWorkStep$1
instanceKlass  @bci org/gradle/internal/execution/steps/SkipEmptyWorkStep fingerprintPrimaryInputs (Lorg/gradle/internal/execution/UnitOfWork;Lorg/gradle/internal/execution/steps/PreviousExecutionContext;Lcom/google/common/collect/ImmutableSortedMap;Lcom/google/common/collect/ImmutableSortedMap;)Lorg/gradle/internal/execution/InputFingerprinter$Result; 53 <appendix> member <vmtarget> ; # org/gradle/internal/execution/steps/SkipEmptyWorkStep$$Lambda+0x00000279c56c6568
instanceKlass  @bci org/gradle/internal/execution/steps/SkipEmptyWorkStep fingerprintPrimaryInputs (Lorg/gradle/internal/execution/UnitOfWork;Lorg/gradle/internal/execution/steps/PreviousExecutionContext;Lcom/google/common/collect/ImmutableSortedMap;Lcom/google/common/collect/ImmutableSortedMap;)Lorg/gradle/internal/execution/InputFingerprinter$Result; 31 <appendix> argL0 ; # org/gradle/internal/execution/steps/SkipEmptyWorkStep$$Lambda+0x00000279c56c6330
instanceKlass  @bci org/gradle/internal/execution/steps/SkipEmptyWorkStep fingerprintPrimaryInputs (Lorg/gradle/internal/execution/UnitOfWork;Lorg/gradle/internal/execution/steps/PreviousExecutionContext;Lcom/google/common/collect/ImmutableSortedMap;Lcom/google/common/collect/ImmutableSortedMap;)Lorg/gradle/internal/execution/InputFingerprinter$Result; 10 <appendix> argL0 ; # org/gradle/internal/execution/steps/SkipEmptyWorkStep$$Lambda+0x00000279c56c60f8
instanceKlass  @bci org/gradle/internal/execution/steps/ExecuteWorkBuildOperationFiringStep execute (Lorg/gradle/internal/execution/UnitOfWork;Lorg/gradle/internal/execution/steps/IdentityContext;)Lorg/gradle/internal/execution/steps/CachingResult; 20 <appendix> member <vmtarget> ; # org/gradle/internal/execution/steps/ExecuteWorkBuildOperationFiringStep$$Lambda+0x00000279c56c5ed8
instanceKlass  @bci org/gradle/internal/execution/steps/ExecuteWorkBuildOperationFiringStep execute (Lorg/gradle/internal/execution/UnitOfWork;Lorg/gradle/internal/execution/steps/IdentityContext;)Lorg/gradle/internal/execution/steps/CachingResult; 9 <appendix> member <vmtarget> ; # org/gradle/internal/execution/steps/ExecuteWorkBuildOperationFiringStep$$Lambda+0x00000279c56c5c98
instanceKlass org/gradle/kotlin/dsl/accessors/AbstractStage1BlockAccessorsUnitOfWork$identify$1
instanceKlass org/gradle/kotlin/dsl/accessors/AbstractStage1BlockAccessorsUnitOfWork$visitIdentityInputs$1
instanceKlass org/gradle/kotlin/dsl/accessors/AbstractStage1BlockAccessorsUnitOfWork$Companion
instanceKlass org/gradle/kotlin/dsl/accessors/AbstractStage1BlockAccessorsUnitOfWork
instanceKlass org/gradle/kotlin/dsl/accessors/AccessorsClassPath$Companion
instanceKlass org/gradle/kotlin/dsl/accessors/AccessorsClassPath
instanceKlass org/gradle/internal/extensibility/DefaultExtensionsSchema
instanceKlass org/gradle/api/plugins/ExtensionsSchema
instanceKlass org/gradle/kotlin/dsl/ExtraPropertiesExtensionsKt
instanceKlass org/gradle/api/internal/catalog/ExternalModuleDependencyFactory
# instanceKlass java/lang/invoke/LambdaForm$MH+0x00000279c56c0c00
# instanceKlass java/lang/invoke/LambdaForm$MH+0x00000279c56c0800
# instanceKlass java/lang/invoke/LambdaForm$MH+0x00000279c56c0400
# instanceKlass java/lang/invoke/LambdaForm$MH+0x00000279c56c0000
instanceKlass org/gradle/internal/execution/steps/CancelExecutionStep
instanceKlass org/gradle/caching/internal/CacheableEntity
instanceKlass org/gradle/internal/execution/steps/BuildCacheStep
instanceKlass org/gradle/internal/execution/steps/RecordOutputsStep
instanceKlass org/gradle/internal/execution/steps/legacy/MarkSnapshottingInputsFinishedStep
instanceKlass org/gradle/internal/execution/caching/CachingStateFactory
instanceKlass org/gradle/internal/execution/steps/ResolveCachingStateStep
instanceKlass org/gradle/internal/execution/steps/SkipEmptyWorkStep
instanceKlass org/gradle/internal/execution/steps/legacy/MarkSnapshottingInputsStartedStep
instanceKlass org/gradle/internal/execution/steps/CleanupStaleOutputsStep
instanceKlass  @bci org/gradle/internal/service/scopes/ExecutionGradleServices createExecutionEngine (Lorg/gradle/caching/internal/controller/BuildCacheController;Lorg/gradle/initialization/BuildCancellationToken;Lorg/gradle/internal/scopeids/id/BuildInvocationScopeId;Lorg/gradle/internal/operations/BuildOperationExecutor;Lorg/gradle/internal/execution/BuildOutputCleanupRegistry;Lorg/gradle/internal/enterprise/core/GradleEnterprisePluginManager;Lorg/gradle/internal/hash/ClassLoaderHierarchyHasher;Lorg/gradle/internal/operations/CurrentBuildOperationRef;Lorg/gradle/internal/file/Deleter;Lorg/gradle/internal/execution/history/changes/ExecutionStateChangeDetector;Lorg/gradle/internal/execution/OutputChangeListener;Lorg/gradle/internal/execution/WorkInputListeners;Lorg/gradle/internal/execution/history/OutputFilesRepository;Lorg/gradle/internal/execution/OutputSnapshotter;Lorg/gradle/internal/execution/history/OverlappingOutputDetector;Lorg/gradle/internal/execution/timeout/TimeoutHandler;Lorg/gradle/internal/execution/steps/ ; # org/gradle/internal/service/scopes/ExecutionGradleServices$$Lambda+0x00000279c56b71c8
# instanceKlass java/lang/invoke/LambdaForm$MH+0x00000279c56bec00
# instanceKlass java/lang/invoke/LambdaForm$MH+0x00000279c56be800
# instanceKlass java/lang/invoke/LambdaForm$MH+0x00000279c56be400
# instanceKlass java/lang/invoke/LambdaForm$MH+0x00000279c56be000
# instanceKlass java/lang/invoke/LambdaForm$MH+0x00000279c56bdc00
# instanceKlass java/lang/invoke/LambdaForm$MH+0x00000279c56bd800
# instanceKlass java/lang/invoke/LambdaForm$MH+0x00000279c56bd400
# instanceKlass java/lang/invoke/LambdaForm$MH+0x00000279c56bd000
# instanceKlass java/lang/invoke/LambdaForm$MH+0x00000279c56bcc00
# instanceKlass java/lang/invoke/LambdaForm$MH+0x00000279c56bc800
# instanceKlass java/lang/invoke/LambdaForm$MH+0x00000279c56bc400
# instanceKlass java/lang/invoke/LambdaForm$MH+0x00000279c56bc000
# instanceKlass java/lang/invoke/LambdaForm$MH+0x00000279c56bbc00
# instanceKlass java/lang/invoke/LambdaForm$MH+0x00000279c56bb800
# instanceKlass java/lang/invoke/LambdaForm$MH+0x00000279c56bb400
# instanceKlass java/lang/invoke/LambdaForm$MH+0x00000279c56bb000
# instanceKlass java/lang/invoke/LambdaForm$MH+0x00000279c56bac00
# instanceKlass java/lang/invoke/LambdaForm$MH+0x00000279c56ba800
# instanceKlass java/lang/invoke/LambdaForm$MH+0x00000279c56ba400
# instanceKlass java/lang/invoke/LambdaForm$MH+0x00000279c56ba000
# instanceKlass java/lang/invoke/LambdaForm$MH+0x00000279c56b9c00
# instanceKlass java/lang/invoke/LambdaForm$MH+0x00000279c56b9800
# instanceKlass java/lang/invoke/LambdaForm$MH+0x00000279c56b9400
instanceKlass org/gradle/internal/execution/history/impl/DefaultOutputFilesRepository
instanceKlass org/gradle/caching/internal/controller/NoOpBuildCacheController
instanceKlass org/gradle/caching/internal/services/AbstractBuildCacheControllerFactory$ResultImpl
instanceKlass org/gradle/caching/internal/FinalizeBuildCacheConfigurationBuildOperationType$Result
instanceKlass org/gradle/caching/internal/services/AbstractBuildCacheControllerFactory$DetailsImpl
instanceKlass org/gradle/caching/internal/FinalizeBuildCacheConfigurationBuildOperationType$Details
instanceKlass org/gradle/caching/internal/FinalizeBuildCacheConfigurationBuildOperationType$Result$BuildCacheDescription
instanceKlass org/gradle/caching/internal/services/AbstractBuildCacheControllerFactory$1
instanceKlass org/gradle/caching/BuildCacheServiceFactory$Describer
instanceKlass org/gradle/caching/internal/services/AbstractBuildCacheControllerFactory
# instanceKlass java/lang/invoke/LambdaForm$MH+0x00000279c56b9000
# instanceKlass java/lang/invoke/LambdaForm$MH+0x00000279c56b8c00
# instanceKlass java/lang/invoke/LambdaForm$MH+0x00000279c56b8800
# instanceKlass java/lang/invoke/LambdaForm$MH+0x00000279c56b8400
# instanceKlass java/lang/invoke/LambdaForm$MH+0x00000279c56b8000
# instanceKlass java/lang/invoke/LambdaForm$MH+0x00000279c56b3c00
# instanceKlass java/lang/invoke/LambdaForm$MH+0x00000279c56b3800
# instanceKlass java/lang/invoke/LambdaForm$MH+0x00000279c56b3400
# instanceKlass java/lang/invoke/LambdaForm$MH+0x00000279c56b3000
# instanceKlass java/lang/invoke/LambdaForm$MH+0x00000279c56b2c00
# instanceKlass java/lang/invoke/LambdaForm$MH+0x00000279c56b2800
# instanceKlass java/lang/invoke/LambdaForm$MH+0x00000279c56b2400
instanceKlass  @bci org/gradle/caching/internal/BuildCacheServices$4 createOriginMetadataFactory (Lorg/gradle/internal/scopeids/id/BuildInvocationScopeId;Lorg/gradle/api/internal/GradleInternal;Lorg/gradle/internal/nativeintegration/network/HostnameLookup;)Lorg/gradle/caching/internal/origin/OriginMetadataFactory; 34 <appendix> member <vmtarget> ; # org/gradle/caching/internal/BuildCacheServices$4$$Lambda+0x00000279c56b4f30
instanceKlass org/gradle/caching/internal/origin/OriginMetadataFactory$HostnameLookup
instanceKlass  @bci org/gradle/caching/internal/BuildCacheServices$4 createOriginMetadataFactory (Lorg/gradle/internal/scopeids/id/BuildInvocationScopeId;Lorg/gradle/api/internal/GradleInternal;Lorg/gradle/internal/nativeintegration/network/HostnameLookup;)Lorg/gradle/caching/internal/origin/OriginMetadataFactory; 23 <appendix> argL0 ; # org/gradle/caching/internal/BuildCacheServices$4$$Lambda+0x00000279c56b4b20
instanceKlass org/gradle/caching/internal/origin/OriginMetadataFactory$PropertiesConfigurator
instanceKlass org/gradle/internal/nativeintegration/services/NativeServices$FixedHostname
instanceKlass net/rubygrapefruit/platform/internal/MutableSystemInfo
instanceKlass net/rubygrapefruit/platform/internal/DefaultSystemInfo
instanceKlass org/gradle/caching/internal/BuildCacheServices$FilePermissionsAccessAdapter
instanceKlass org/apache/commons/compress/archivers/ArchiveEntry
instanceKlass org/gradle/caching/internal/packaging/impl/TarBuildCacheEntryPacker
instanceKlass org/gradle/caching/internal/packaging/impl/GZipBuildCacheEntryPacker
# instanceKlass java/lang/invoke/LambdaForm$MH+0x00000279c56b2000
# instanceKlass java/lang/invoke/LambdaForm$MH+0x00000279c56b1c00
# instanceKlass java/lang/invoke/LambdaForm$MH+0x00000279c56b1800
# instanceKlass java/lang/invoke/LambdaForm$MH+0x00000279c56b1400
instanceKlass org/gradle/internal/file/ThreadLocalBufferProvider
instanceKlass org/gradle/caching/internal/packaging/impl/DefaultTarPackerFileSystemSupport
instanceKlass java/security/CodeSigner
instanceKlass  @bci org/gradle/caching/configuration/internal/DefaultBuildCacheConfiguration_Decorated $gradleInit ()V 1 <appendix> member <vmtarget> ; # org/gradle/caching/configuration/internal/DefaultBuildCacheConfiguration_Decorated$$Lambda+0x00000279c56ae908
instanceKlass  @bci org/gradle/caching/local/DirectoryBuildCache_Decorated $gradleInit ()V 1 <appendix> member <vmtarget> ; # org/gradle/caching/local/DirectoryBuildCache_Decorated$$Lambda+0x00000279c56ae6e8
instanceKlass org/gradle/caching/configuration/internal/DefaultBuildCacheConfiguration
instanceKlass org/gradle/caching/local/internal/DirectoryBuildCacheServiceFactory
instanceKlass org/gradle/caching/BuildCacheKey
instanceKlass org/gradle/caching/internal/NextGenBuildCacheService$NextGenWriter
instanceKlass org/gradle/caching/BuildCacheEntryWriter
instanceKlass org/gradle/caching/internal/controller/NextGenBuildCacheController
instanceKlass org/gradle/internal/build/event/types/DefaultScriptPluginIdentifier
instanceKlass  @bci org/gradle/configuration/project/BuildScriptProcessor execute (Lorg/gradle/api/internal/project/ProjectInternal;)V 83 <appendix> member <vmtarget> ; # org/gradle/configuration/project/BuildScriptProcessor$$Lambda+0x00000279c56ac9c8
instanceKlass org/gradle/internal/service/scopes/ProjectScopeServices$ScriptScopedContext
# instanceKlass java/lang/invoke/LambdaForm$MH+0x00000279c56b1000
# instanceKlass java/lang/invoke/LambdaForm$MH+0x00000279c56b0c00
# instanceKlass java/lang/invoke/LambdaForm$MH+0x00000279c56b0800
# instanceKlass java/lang/invoke/LambdaForm$MH+0x00000279c56b0400
# instanceKlass java/lang/invoke/LambdaForm$MH+0x00000279c56b0000
instanceKlass org/gradle/internal/service/scopes/ProjectScopeServices$ProjectBackedModuleMetaDataProvider
instanceKlass  @bci org/gradle/buildinit/plugins/WrapperPlugin apply (Lorg/gradle/api/Project;)V 166 <appendix> member <vmtarget> ; # org/gradle/buildinit/plugins/WrapperPlugin$$Lambda+0x00000279c56a8228
instanceKlass org/gradle/api/internal/resources/ApiTextResourceAdapter
instanceKlass org/gradle/api/resources/internal/TextResourceInternal
instanceKlass org/gradle/internal/resource/transfer/CachingTextUriResourceLoader
instanceKlass org/gradle/internal/resource/transfer/CacheAwareExternalResourceAccessor$ResourceFileStore
instanceKlass org/gradle/api/internal/artifacts/repositories/resolver/DefaultExternalResourceAccessor
instanceKlass org/gradle/internal/resource/ExternalResource$ContentAndMetadataAction
instanceKlass org/gradle/internal/resource/transfer/DefaultCacheAwareExternalResourceAccessor
instanceKlass org/gradle/internal/resource/transport/DefaultExternalResourceRepository
instanceKlass org/gradle/internal/resource/transfer/ProgressLoggingExternalResourceLister$1
instanceKlass org/gradle/internal/resource/ExternalResourceListBuildOperationType$Result
instanceKlass org/gradle/internal/resource/transfer/ProgressLoggingExternalResourceAccessor$1
instanceKlass org/gradle/internal/resource/ExternalResourceReadMetadataBuildOperationType$Result
instanceKlass org/gradle/internal/resource/transfer/AbstractProgressLoggingHandler
instanceKlass org/gradle/internal/resource/transfer/CacheAwareExternalResourceAccessor
instanceKlass org/gradle/internal/resource/transport/AbstractRepositoryTransport
instanceKlass org/gradle/api/internal/artifacts/ivyservice/resolutionstrategy/DefaultExternalResourceCachePolicy
instanceKlass org/gradle/internal/resource/transfer/DefaultExternalResourceConnector$NoOpStats
instanceKlass org/gradle/internal/resource/transfer/DefaultExternalResourceConnector$1
instanceKlass org/gradle/internal/resource/transfer/DefaultExternalResourceConnector$ExternalResourceAccessStats
instanceKlass org/gradle/internal/resource/transfer/DefaultExternalResourceConnector
instanceKlass org/apache/http/HttpEntityEnclosingRequest
instanceKlass org/apache/http/HttpEntity
instanceKlass org/gradle/internal/resource/transport/http/HttpResourceUploader
instanceKlass org/gradle/internal/resource/transport/http/HttpResourceLister
instanceKlass org/gradle/internal/resource/transfer/ExternalResourceReadResponse
instanceKlass org/gradle/internal/resource/transfer/AbstractExternalResourceAccessor
instanceKlass org/apache/http/message/AbstractHttpMessage
instanceKlass org/apache/http/client/methods/AbortableHttpRequest
instanceKlass org/apache/http/client/methods/HttpExecutionAware
instanceKlass org/apache/http/client/methods/Configurable
instanceKlass org/apache/http/protocol/HttpContext
instanceKlass org/apache/http/client/methods/HttpUriRequest
instanceKlass org/slf4j/spi/LocationAwareLogger
instanceKlass org/apache/commons/logging/impl/SLF4JLog
instanceKlass org/apache/commons/logging/impl/SLF4JLocationAwareLog
instanceKlass org/apache/commons/logging/Log
instanceKlass org/apache/commons/logging/LogFactory
instanceKlass org/apache/http/conn/ssl/DefaultHostnameVerifier
instanceKlass org/gradle/internal/resource/transport/http/DefaultHttpSettings$Builder
instanceKlass org/gradle/internal/resource/transport/http/DefaultHttpSettings$2$2
instanceKlass javax/net/ssl/X509TrustManager
instanceKlass javax/net/ssl/TrustManager
instanceKlass org/gradle/internal/resource/transport/http/DefaultHttpSettings$2$1
instanceKlass org/gradle/internal/resource/transport/http/DefaultHttpSettings$2
instanceKlass org/gradle/internal/resource/transport/http/DefaultHttpSettings$1
instanceKlass org/gradle/internal/resource/transport/http/HttpTimeoutSettings
instanceKlass org/gradle/internal/resource/transport/http/HttpProxySettings
instanceKlass javax/net/ssl/HostnameVerifier
instanceKlass org/gradle/internal/resource/transport/http/DefaultHttpSettings
instanceKlass org/gradle/api/internal/artifacts/repositories/transport/RepositoryTransportFactory$DefaultResourceConnectorSpecification
instanceKlass  @bci org/gradle/internal/verifier/HttpRedirectVerifierFactory create (Ljava/net/URI;ZLjava/lang/Runnable;Ljava/util/function/Consumer;)Lorg/gradle/internal/verifier/HttpRedirectVerifier; 40 <appendix> member <vmtarget> ; # org/gradle/internal/verifier/HttpRedirectVerifierFactory$$Lambda+0x00000279c5696410
instanceKlass org/gradle/internal/verifier/HttpRedirectVerifierFactory
instanceKlass  @bci org/gradle/api/internal/resources/DefaultTextResourceFactory fromUri (Ljava/lang/Object;Z)Lorg/gradle/api/resources/TextResource; 20 <appendix> member <vmtarget> ; # org/gradle/api/internal/resources/DefaultTextResourceFactory$$Lambda+0x00000279c5695fe0
instanceKlass  @bci org/gradle/api/internal/resources/DefaultTextResourceFactory fromUri (Ljava/lang/Object;Z)Lorg/gradle/api/resources/TextResource; 14 <appendix> member <vmtarget> ; # org/gradle/api/internal/resources/DefaultTextResourceFactory$$Lambda+0x00000279c5695dc0
# instanceKlass java/lang/invoke/LambdaForm$MH+0x00000279c56a0400
# instanceKlass java/lang/invoke/LambdaForm$MH+0x00000279c56a0000
# instanceKlass java/lang/invoke/LambdaForm$MH+0x00000279c569fc00
# instanceKlass java/lang/invoke/LambdaForm$MH+0x00000279c569f800
# instanceKlass java/lang/invoke/LambdaForm$MH+0x00000279c569f400
# instanceKlass java/lang/invoke/LambdaForm$MH+0x00000279c569f000
# instanceKlass java/lang/invoke/LambdaForm$MH+0x00000279c569ec00
# instanceKlass java/lang/invoke/LambdaForm$MH+0x00000279c569e800
# instanceKlass java/lang/invoke/LambdaForm$MH+0x00000279c569e400
# instanceKlass java/lang/invoke/LambdaForm$MH+0x00000279c569e000
# instanceKlass java/lang/invoke/LambdaForm$MH+0x00000279c569dc00
# instanceKlass java/lang/invoke/LambdaForm$MH+0x00000279c569d800
# instanceKlass java/lang/invoke/LambdaForm$MH+0x00000279c569d400
# instanceKlass java/lang/invoke/LambdaForm$MH+0x00000279c569d000
# instanceKlass java/lang/invoke/LambdaForm$MH+0x00000279c569cc00
# instanceKlass java/lang/invoke/LambdaForm$MH+0x00000279c569c800
# instanceKlass java/lang/invoke/LambdaForm$MH+0x00000279c569c400
# instanceKlass java/lang/invoke/LambdaForm$BMH+0x00000279c569c000
# instanceKlass java/lang/invoke/LambdaForm$DMH+0x00000279c569bc00
# instanceKlass java/lang/invoke/LambdaForm$DMH+0x00000279c569b800
instanceKlass org/gradle/api/internal/file/DefaultFilePropertyFactory$PathToDirectoryTransformer
# instanceKlass java/lang/invoke/LambdaForm$MH+0x00000279c569b400
# instanceKlass java/lang/invoke/LambdaForm$MH+0x00000279c569b000
# instanceKlass java/lang/invoke/LambdaForm$MH+0x00000279c569ac00
# instanceKlass java/lang/invoke/LambdaForm$MH+0x00000279c569a800
# instanceKlass java/lang/invoke/LambdaForm$MH+0x00000279c569a400
# instanceKlass java/lang/invoke/LambdaForm$MH+0x00000279c569a000
# instanceKlass java/lang/invoke/LambdaForm$MH+0x00000279c5699c00
# instanceKlass java/lang/invoke/LambdaForm$MH+0x00000279c5699800
instanceKlass  @bci org/gradle/internal/service/scopes/WorkerSharedProjectScopeServices createDecompressionCacheFactory (Lorg/gradle/api/internal/file/temp/TemporaryFileProvider;Lorg/gradle/cache/UnscopedCacheBuilderFactory;)Lorg/gradle/cache/internal/DecompressionCacheFactory; 6 <appendix> member <vmtarget> ; # org/gradle/internal/service/scopes/WorkerSharedProjectScopeServices$$Lambda+0x00000279c5694ac8
# instanceKlass java/lang/invoke/LambdaForm$MH+0x00000279c5699400
# instanceKlass java/lang/invoke/LambdaForm$MH+0x00000279c5699000
# instanceKlass java/lang/invoke/LambdaForm$MH+0x00000279c5698c00
# instanceKlass java/lang/invoke/LambdaForm$MH+0x00000279c5698800
# instanceKlass java/lang/invoke/LambdaForm$MH+0x00000279c5698400
# instanceKlass java/lang/invoke/LambdaForm$MH+0x00000279c5698000
instanceKlass  @bci org/gradle/internal/service/scopes/ProjectScopeServices createTemporaryFileProvider ()Lorg/gradle/api/internal/file/temp/TemporaryFileProvider; 5 <appendix> member <vmtarget> ; # org/gradle/internal/service/scopes/ProjectScopeServices$$Lambda+0x00000279c56948a8
instanceKlass org/gradle/util/internal/DistributionLocator
instanceKlass  @bci org/gradle/buildinit/plugins/WrapperPlugin$Inject $gradleInit ()V 1 <appendix> member <vmtarget> ; # org/gradle/buildinit/plugins/WrapperPlugin$Inject$$Lambda+0x00000279c5691000
instanceKlass org/gradle/api/tasks/wrapper/WrapperVersionsResources
instanceKlass org/gradle/buildinit/plugins/WrapperPlugin
instanceKlass  @bci org/gradle/buildinit/plugins/BuildInitPlugin apply (Lorg/gradle/api/Project;)V 20 <appendix> member <vmtarget> ; # org/gradle/buildinit/plugins/BuildInitPlugin$$Lambda+0x00000279c5692a90
instanceKlass  @bci org/gradle/buildinit/plugins/BuildInitPlugin$Inject $gradleInit ()V 1 <appendix> member <vmtarget> ; # org/gradle/buildinit/plugins/BuildInitPlugin$Inject$$Lambda+0x00000279c568bce0
instanceKlass org/gradle/buildinit/plugins/BuildInitPlugin$InitBuildOnlyIfSpec
instanceKlass org/gradle/buildinit/plugins/BuildInitPlugin$InitBuildDependsOnCallable
instanceKlass org/gradle/buildinit/plugins/BuildInitPlugin$FileDetails
instanceKlass org/gradle/buildinit/plugins/BuildInitPlugin
instanceKlass org/gradle/kotlin/dsl/tooling/builders/KotlinDslScriptsModelBuilder
instanceKlass org/gradle/kotlin/dsl/tooling/builders/KotlinBuildScriptTemplateModelBuilder
instanceKlass org/gradle/kotlin/dsl/tooling/builders/KotlinBuildScriptModelBuilder
instanceKlass  @bci org/gradle/jvm/toolchain/internal/task/ShowToolchainsTaskConfigurator execute (Lorg/gradle/api/internal/project/ProjectInternal;)V 10 <appendix> argL0 ; # org/gradle/jvm/toolchain/internal/task/ShowToolchainsTaskConfigurator$$Lambda+0x00000279c5681de8
instanceKlass org/gradle/tooling/internal/protocol/events/InternalProjectConfigurationResult$InternalPluginApplicationResult
instanceKlass  @bci org/gradle/tooling/internal/provider/runner/ProjectConfigurationTracker$ProjectConfigurationResult increment (Lorg/gradle/tooling/internal/provider/runner/PluginApplicationTracker$PluginApplication;J)V 15 <appendix> member <vmtarget> ; # org/gradle/tooling/internal/provider/runner/ProjectConfigurationTracker$ProjectConfigurationResult$$Lambda+0x00000279c5689ee8
instanceKlass org/gradle/tooling/internal/provider/runner/ProjectConfigurationTracker$PluginApplicationResult
instanceKlass  @bci org/gradle/tooling/internal/provider/runner/PluginApplicationTracker hasRunningPluginApplication (Lorg/gradle/internal/operations/OperationIdentifier;Ljava/util/function/Predicate;)Z 7 <appendix> member <vmtarget> ; # org/gradle/tooling/internal/provider/runner/PluginApplicationTracker$$Lambda+0x00000279c5689a70
instanceKlass  @bci org/gradle/tooling/internal/provider/runner/ProjectConfigurationTracker hasNoEnclosingRunningPluginApplicationForSamePlugin (Lorg/gradle/internal/operations/BuildOperationDescriptor;Lorg/gradle/tooling/internal/protocol/events/InternalPluginIdentifier;)Z 9 <appendix> member <vmtarget> ; # org/gradle/tooling/internal/provider/runner/ProjectConfigurationTracker$$Lambda+0x00000279c5689820
instanceKlass  @bci org/gradle/tooling/internal/provider/runner/ProjectConfigurationTracker finished (Lorg/gradle/internal/operations/BuildOperationDescriptor;Lorg/gradle/internal/operations/OperationFinishEvent;)V 47 <appendix> member <vmtarget> ; # org/gradle/tooling/internal/provider/runner/ProjectConfigurationTracker$$Lambda+0x00000279c56895f0
instanceKlass  @bci org/gradle/tooling/internal/provider/runner/ProjectConfigurationTracker finished (Lorg/gradle/internal/operations/BuildOperationDescriptor;Lorg/gradle/internal/operations/OperationFinishEvent;)V 33 <appendix> member <vmtarget> ; # org/gradle/tooling/internal/provider/runner/ProjectConfigurationTracker$$Lambda+0x00000279c56893b0
instanceKlass org/gradle/api/internal/collections/FilteredElementSource$FilteringIterator
instanceKlass org/gradle/api/internal/collections/CollectionFilter$1
instanceKlass  @bci org/gradle/api/plugins/HelpTasksPlugin apply (Lorg/gradle/api/Project;)V 202 <appendix> argL0 ; # org/gradle/api/plugins/HelpTasksPlugin$$Lambda+0x00000279c5681bd0
instanceKlass  @bci org/gradle/api/internal/tasks/DefaultRealizableTaskCollection_Decorated $gradleInit ()V 1 <appendix> member <vmtarget> ; # org/gradle/api/internal/tasks/DefaultRealizableTaskCollection_Decorated$$Lambda+0x00000279c568fd70
# instanceKlass java/lang/invoke/LambdaForm$MH+0x00000279c5690c00
# instanceKlass java/lang/invoke/LambdaForm$MH+0x00000279c5690800
# instanceKlass java/lang/invoke/LambdaForm$MH+0x00000279c5690400
instanceKlass  @bci org/gradle/api/internal/tasks/DefaultTaskCollection_Decorated $gradleInit ()V 1 <appendix> member <vmtarget> ; # org/gradle/api/internal/tasks/DefaultTaskCollection_Decorated$$Lambda+0x00000279c568ec40
instanceKlass org/gradle/api/internal/DefaultNamedDomainObjectCollection$FilteredIndex
instanceKlass org/gradle/api/internal/collections/DefaultCollectionEventRegister$FilteredEventRegister
instanceKlass org/gradle/api/internal/collections/FilteredElementSource
# instanceKlass java/lang/invoke/LambdaForm$MH+0x00000279c5690000
# instanceKlass java/lang/invoke/LambdaForm$MH+0x00000279c5680c00
# instanceKlass java/lang/invoke/LambdaForm$MH+0x00000279c5680800
# instanceKlass java/lang/invoke/LambdaForm$MH+0x00000279c5680400
instanceKlass org/gradle/api/specs/Specs$2
instanceKlass org/gradle/api/specs/Specs$1
instanceKlass org/gradle/api/specs/Specs
instanceKlass org/gradle/api/internal/DelegatingDomainObjectSet
instanceKlass  @bci org/gradle/api/plugins/HelpTasksPlugin apply (Lorg/gradle/api/Project;)V 183 <appendix> member <vmtarget> ; # org/gradle/api/plugins/HelpTasksPlugin$$Lambda+0x00000279c56819b0
instanceKlass  @bci org/gradle/api/plugins/HelpTasksPlugin apply (Lorg/gradle/api/Project;)V 166 <appendix> member <vmtarget> ; # org/gradle/api/plugins/HelpTasksPlugin$$Lambda+0x00000279c5687d80
instanceKlass org/apache/commons/lang/text/StrTokenizer
instanceKlass org/apache/commons/lang/text/StrBuilder
instanceKlass org/gradle/api/internal/DefaultNamedDomainObjectCollection$ProviderBackedElementInfo
instanceKlass org/gradle/api/internal/provider/Collectors$ElementFromProvider
instanceKlass org/gradle/api/internal/provider/ChangingValue
instanceKlass  @bci org/gradle/api/internal/tasks/DefaultTaskContainer$TaskCreatingProvider_Decorated $gradleInit ()V 1 <appendix> member <vmtarget> ; # org/gradle/api/internal/tasks/DefaultTaskContainer$TaskCreatingProvider_Decorated$$Lambda+0x00000279c567ee98
instanceKlass com/google/common/reflect/Reflection
instanceKlass com/google/common/reflect/Types$TypeVariableInvocationHandler
instanceKlass com/google/common/reflect/Types$TypeVariableImpl
instanceKlass com/google/common/reflect/Types$NativeTypeVariableEquals
instanceKlass  @bci org/gradle/tooling/internal/provider/runner/PluginApplicationTracker findRunningPluginApplication (Lorg/gradle/internal/operations/OperationIdentifier;)Lorg/gradle/tooling/internal/provider/runner/PluginApplicationTracker$PluginApplication; 14 <appendix> member <vmtarget> ; # org/gradle/tooling/internal/provider/runner/PluginApplicationTracker$$Lambda+0x00000279c5677270
instanceKlass  @bci org/gradle/tooling/internal/provider/runner/TaskOriginTracker storeOrigin (Lorg/gradle/internal/operations/BuildOperationDescriptor;J)V 10 <appendix> member <vmtarget> ; # org/gradle/tooling/internal/provider/runner/TaskOriginTracker$$Lambda+0x00000279c5667c28
instanceKlass org/gradle/api/internal/tasks/DefaultTaskContainer$RegisterDetails
instanceKlass org/gradle/api/internal/tasks/DefaultTaskContainer$3
instanceKlass  @bci org/gradle/internal/id/ConfigurationCacheableIdFactory createId ()J 4 <appendix> argL0 ; # org/gradle/internal/id/ConfigurationCacheableIdFactory$$Lambda+0x00000279c567cb08
instanceKlass  @cpi org/gradle/internal/id/ConfigurationCacheableIdFactory 53 form vmentry <vmtarget> ; # java/lang/invoke/LambdaForm$DMH+0x00000279c5680000
instanceKlass java/util/function/LongUnaryOperator
instanceKlass org/gradle/model/internal/registry/RuleBindings$ScopeIndex
instanceKlass org/gradle/model/internal/registry/RuleBindings$PredicateMatches
instanceKlass  @bci org/gradle/internal/service/scopes/ProjectScopeServices lambda$createModelRegistry$4 (Ljava/lang/Runnable;)V 10 <appendix> member <vmtarget> ; # org/gradle/internal/service/scopes/ProjectScopeServices$$Lambda+0x00000279c567c020
instanceKlass  @bci org/gradle/model/internal/registry/DefaultModelRegistry transitionTo (Lorg/gradle/model/internal/registry/DefaultModelRegistry$GoalGraph;Lorg/gradle/model/internal/registry/DefaultModelRegistry$ModelGoal;)V 7 <appendix> member <vmtarget> ; # org/gradle/model/internal/registry/DefaultModelRegistry$$Lambda+0x00000279c567be00
instanceKlass org/gradle/model/internal/registry/DefaultModelRegistry$5
instanceKlass org/gradle/model/internal/registry/NodeAtState
instanceKlass org/gradle/model/internal/registry/DefaultModelRegistry$GoalGraph
instanceKlass org/gradle/model/internal/registry/RuleBindings$NodeAtStateIndex
instanceKlass org/gradle/model/internal/registry/RuleBindings$TypePredicateIndex
instanceKlass org/gradle/model/internal/registry/RuleBindings$PathPredicateIndex
instanceKlass org/gradle/model/internal/registry/RuleBindings
instanceKlass org/gradle/model/internal/registry/ModelGraph
instanceKlass org/gradle/model/internal/core/DefaultModelRegistration
instanceKlass org/gradle/model/internal/core/AbstractModelAction
instanceKlass org/gradle/model/internal/core/EmptyModelProjection
instanceKlass org/gradle/model/internal/core/ModelProjection
instanceKlass org/gradle/model/internal/core/ModelAdapter
instanceKlass org/gradle/model/internal/core/ModelPromise
instanceKlass org/gradle/model/internal/core/ModelRegistrations$Builder$DescriptorReference
instanceKlass org/gradle/model/internal/core/ModelRegistration
instanceKlass org/gradle/model/internal/core/ModelAction
instanceKlass org/gradle/model/internal/core/ModelRegistrations$Builder
instanceKlass org/gradle/model/internal/core/ModelRegistrations
instanceKlass  @bci org/gradle/internal/service/scopes/ProjectScopeServices createModelRegistry (Lorg/gradle/model/internal/inspect/ModelRuleExtractor;)Lorg/gradle/model/internal/registry/ModelRegistry; 15 <appendix> member <vmtarget> ; # org/gradle/internal/service/scopes/ProjectScopeServices$$Lambda+0x00000279c5673440
instanceKlass org/gradle/model/internal/registry/BoringProjectState
instanceKlass org/gradle/model/internal/core/ModelPredicate
instanceKlass org/gradle/model/internal/registry/DefaultModelRegistry$ModelGoal
instanceKlass org/gradle/model/internal/registry/ModelNodeInternal
instanceKlass org/gradle/model/internal/registry/DefaultModelRegistry
instanceKlass org/gradle/model/internal/registry/ModelRegistryInternal
instanceKlass  @bci org/gradle/api/plugins/HelpTasksPlugin$Inject $gradleInit ()V 1 <appendix> member <vmtarget> ; # org/gradle/api/plugins/HelpTasksPlugin$Inject$$Lambda+0x00000279c5667a08
instanceKlass org/gradle/api/reporting/Reporting
instanceKlass org/gradle/tooling/internal/provider/runner/PluginApplicationTracker$PluginApplication
instanceKlass org/gradle/internal/build/event/types/DefaultBinaryPluginIdentifier
instanceKlass  @bci org/gradle/tooling/internal/provider/runner/PluginApplicationTracker started (Lorg/gradle/internal/operations/BuildOperationDescriptor;Lorg/gradle/internal/operations/OperationStartEvent;)V 34 <appendix> member <vmtarget> ; # org/gradle/tooling/internal/provider/runner/PluginApplicationTracker$$Lambda+0x00000279c56666c0
instanceKlass org/gradle/api/internal/plugins/DefaultPluginManager$OperationDetails
instanceKlass org/gradle/api/internal/plugins/DefaultPluginManager$AddPluginBuildOperation
instanceKlass  @bci org/gradle/api/internal/plugins/DefaultPluginManager doApply (Lorg/gradle/api/internal/plugins/PluginImplementation;)V 127 <appendix> member <vmtarget> ; # org/gradle/api/internal/plugins/DefaultPluginManager$$Lambda+0x00000279c566fc80
instanceKlass org/gradle/api/internal/plugins/DefaultPluginManager$1
instanceKlass org/gradle/api/internal/plugins/DefaultPotentialPluginWithId
instanceKlass org/gradle/api/internal/plugins/PluginInspector$PotentialImperativeClassPlugin
instanceKlass com/google/common/base/Predicates
instanceKlass org/gradle/model/internal/inspect/ModelRuleSourceDetector$3
instanceKlass org/gradle/api/plugins/HelpTasksPlugin$HelpAction
instanceKlass org/gradle/api/plugins/HelpTasksPlugin$ProjectReportTaskAction
instanceKlass org/gradle/api/plugins/HelpTasksPlugin$TaskReportTaskAction
instanceKlass org/gradle/api/plugins/HelpTasksPlugin$PropertyReportTaskAction
instanceKlass org/gradle/api/plugins/HelpTasksPlugin$DependencyInsightReportTaskAction
instanceKlass org/gradle/api/plugins/HelpTasksPlugin$DependencyReportTaskAction
instanceKlass org/gradle/api/plugins/HelpTasksPlugin$BuildEnvironmentReportTaskAction
instanceKlass org/gradle/api/plugins/HelpTasksPlugin$ComponentReportAction
instanceKlass org/gradle/api/plugins/HelpTasksPlugin$ModelReportAction
instanceKlass org/gradle/api/plugins/HelpTasksPlugin$DependentComponentsReportAction
instanceKlass org/gradle/api/plugins/HelpTasksPlugin
instanceKlass org/gradle/api/internal/plugins/PluginDescriptor
instanceKlass com/google/common/collect/FluentIterable
instanceKlass org/gradle/model/internal/inspect/ModelRuleExtractor$CachedRuleSource
instanceKlass org/gradle/model/internal/inspect/MethodModelRuleExtractionContext
instanceKlass org/gradle/model/Rules
instanceKlass org/gradle/model/Validate
instanceKlass org/gradle/model/Finalize
instanceKlass org/gradle/model/Mutate
instanceKlass org/gradle/model/Defaults
instanceKlass org/gradle/model/internal/core/NodeInitializerRegistry
instanceKlass org/gradle/model/Model
instanceKlass org/gradle/model/internal/inspect/MethodModelRuleExtractors
instanceKlass org/gradle/model/internal/manage/instance/ManagedInstance
instanceKlass org/gradle/model/internal/manage/schema/extract/ManagedProxyClassGenerator$GeneratedView
instanceKlass org/gradle/model/internal/manage/instance/ModelElementState
instanceKlass org/gradle/model/internal/manage/instance/GeneratedViewState
instanceKlass org/gradle/model/internal/manage/binding/StructMethodBinding
instanceKlass org/gradle/internal/reflect/Types$TypeVisitor
instanceKlass org/gradle/model/internal/manage/binding/StructBindings
instanceKlass org/gradle/model/internal/manage/binding/StructBindingValidationProblemCollector
instanceKlass org/gradle/model/internal/manage/binding/DefaultStructBindingsStore
instanceKlass org/gradle/platform/base/ComponentBinaries
instanceKlass org/gradle/platform/base/ComponentType
instanceKlass org/gradle/platform/base/VariantComponentSpec
instanceKlass org/gradle/platform/base/VariantComponent
instanceKlass org/gradle/platform/base/SourceComponentSpec
instanceKlass org/gradle/language/base/LanguageSourceSet
instanceKlass org/gradle/model/internal/typeregistration/BaseInstanceFactory
instanceKlass org/gradle/model/internal/typeregistration/InstanceFactory
instanceKlass org/gradle/model/internal/manage/schema/cache/ModelSchemaCache
instanceKlass org/gradle/model/internal/manage/schema/extract/DefaultModelSchemaStore
instanceKlass org/gradle/model/RuleSource
instanceKlass org/gradle/model/internal/manage/schema/extract/StructSchemaExtractionStrategySupport
instanceKlass org/gradle/model/internal/manage/schema/extract/JavaUtilCollectionStrategy
instanceKlass org/gradle/model/internal/manage/schema/extract/ModelMapStrategy
instanceKlass org/gradle/model/internal/manage/schema/extract/AbstractProxyClassGenerator
instanceKlass org/gradle/model/internal/manage/schema/extract/SpecializedMapStrategy
instanceKlass org/gradle/model/internal/type/WildcardTypeWrapper
instanceKlass org/gradle/model/internal/type/WildcardWrapper
instanceKlass org/gradle/model/ModelSet
instanceKlass org/gradle/model/internal/manage/schema/CompositeSchema
instanceKlass org/gradle/model/internal/manage/schema/AbstractModelSchema
instanceKlass org/gradle/model/internal/manage/schema/ManagedImplSchema
instanceKlass org/gradle/model/internal/manage/schema/extract/ModelSetStrategy
instanceKlass org/gradle/model/internal/manage/schema/extract/JdkValueTypeStrategy
instanceKlass org/gradle/model/internal/manage/schema/extract/EnumStrategy
instanceKlass org/gradle/model/internal/manage/schema/ModelSchema
instanceKlass org/gradle/model/internal/manage/schema/extract/PrimitiveStrategy
instanceKlass org/gradle/model/internal/manage/schema/extract/ModelSchemaExtractionContext
instanceKlass org/gradle/model/internal/manage/schema/extract/DefaultModelSchemaExtractor
instanceKlass org/gradle/platform/base/BinaryTasks
instanceKlass org/gradle/model/internal/core/ModelPath$Cache
instanceKlass org/gradle/platform/base/BinaryContainer
instanceKlass org/gradle/model/ModelMap
instanceKlass org/gradle/model/internal/type/ParameterizedTypeWrapper
instanceKlass org/gradle/model/internal/inspect/ExtractedModelRule
instanceKlass org/gradle/model/internal/inspect/RuleSourceValidationProblemCollector
instanceKlass org/gradle/model/internal/inspect/AbstractAnnotationDrivenModelRuleExtractor
instanceKlass org/gradle/model/internal/manage/schema/extract/ModelSchemaAspect
instanceKlass org/gradle/platform/base/internal/VariantAspectExtractionStrategy
instanceKlass org/gradle/api/internal/plugins/RuleBasedPluginTarget
# instanceKlass java/lang/invoke/LambdaForm$MH+0x00000279c565ac00
# instanceKlass java/lang/invoke/LambdaForm$MH+0x00000279c565a800
# instanceKlass java/lang/invoke/LambdaForm$MH+0x00000279c565a400
# instanceKlass java/lang/invoke/LambdaForm$MH+0x00000279c565a000
# instanceKlass java/lang/invoke/LambdaForm$MH+0x00000279c5659c00
# instanceKlass java/lang/invoke/LambdaForm$MH+0x00000279c5659800
instanceKlass org/gradle/configuration/project/NotifyProjectBeforeEvaluatedBuildOperationType$1
instanceKlass org/gradle/configuration/project/NotifyProjectBeforeEvaluatedBuildOperationType$Result
instanceKlass org/gradle/configuration/project/NotifyProjectBeforeEvaluatedBuildOperationType
instanceKlass  @bci org/gradle/api/internal/project/DefaultProject getExtensions ()Lorg/gradle/api/internal/plugins/ExtensionContainerInternal; 1 <appendix> member <vmtarget> ; # org/gradle/api/internal/project/DefaultProject$$Lambda+0x00000279c565c438
instanceKlass org/gradle/util/internal/NameValidator
instanceKlass org/gradle/configuration/project/LifecycleProjectEvaluator$NotifyProjectBeforeEvaluatedDetails
instanceKlass org/gradle/configuration/project/NotifyProjectBeforeEvaluatedBuildOperationType$Details
instanceKlass org/gradle/configuration/project/LifecycleProjectEvaluator$NotifyBeforeEvaluate
instanceKlass java/io/SerialCallbackContext
instanceKlass  @bci org/gradle/configuration/project/LifecycleProjectEvaluator$EvaluateProject run (Lorg/gradle/internal/operations/BuildOperationContext;)V 11 <appendix> member <vmtarget> ; # org/gradle/configuration/project/LifecycleProjectEvaluator$EvaluateProject$$Lambda+0x00000279c5653980
instanceKlass org/gradle/tooling/internal/provider/runner/ProjectConfigurationTracker$ProjectConfigurationResult
instanceKlass org/gradle/configuration/project/LifecycleProjectEvaluator$ConfigureProjectDetails
instanceKlass org/gradle/configuration/project/LifecycleProjectEvaluator$EvaluateProject
instanceKlass org/gradle/configuration/project/LifecycleProjectEvaluator
instanceKlass org/gradle/configuration/project/DelayedConfigurationActions
instanceKlass org/gradle/configuration/project/BuildScriptProcessor
instanceKlass org/gradle/buildinit/plugins/internal/action/WrapperPluginAutoApplyAction
instanceKlass org/gradle/buildinit/plugins/internal/action/BuildInitAutoApplyAction
instanceKlass org/gradle/kotlin/dsl/tooling/builders/KotlinScriptingModelBuildersRegistrationAction
instanceKlass org/gradle/jvm/toolchain/internal/task/ShowToolchainsTaskConfigurator
instanceKlass org/gradle/api/plugins/internal/HelpTasksAutoApplyAction
instanceKlass org/gradle/configuration/project/ConfigureActionsProjectEvaluator
# instanceKlass java/lang/invoke/LambdaForm$MH+0x00000279c5658c00
# instanceKlass java/lang/invoke/LambdaForm$MH+0x00000279c5658800
# instanceKlass java/lang/invoke/LambdaForm$MH+0x00000279c5658400
# instanceKlass java/lang/invoke/LambdaForm$MH+0x00000279c5658000
instanceKlass  @bci org/gradle/internal/model/StateTransitionController maybeTransitionIfNotCurrentlyTransitioning (Lorg/gradle/internal/model/StateTransitionController$State;Lorg/gradle/internal/model/StateTransitionController$State;Ljava/lang/Runnable;)V 8 <appendix> member <vmtarget> ; # org/gradle/internal/model/StateTransitionController$$Lambda+0x00000279c5652818
instanceKlass  @bci org/gradle/api/internal/project/ProjectLifecycleController ensureSelfConfigured ()V 11 <appendix> member <vmtarget> ; # org/gradle/api/internal/project/ProjectLifecycleController$$Lambda+0x00000279c56525f8
instanceKlass org/gradle/configuration/internal/ExecuteListenerBuildOperationType$1
instanceKlass org/gradle/configuration/internal/ExecuteListenerBuildOperationType$Result
instanceKlass org/gradle/configuration/internal/ExecuteListenerBuildOperationType
instanceKlass org/gradle/internal/operations/BuildOperationType
instanceKlass org/gradle/configuration/internal/DefaultListenerBuildOperationDecorator$1
instanceKlass org/gradle/listener/ClosureBackedMethodInvocationDispatch
instanceKlass org/apache/tools/ant/BuildLogger
instanceKlass org/apache/tools/ant/BuildListener
instanceKlass org/xml/sax/Attributes
instanceKlass org/xml/sax/Locator
instanceKlass org/gradle/api/internal/project/ProjectOrderingUtil
instanceKlass  @bci org/gradle/api/internal/project/DefaultProjectRegistry getSubProjects (Ljava/lang/String;)Ljava/util/Set; 13 <appendix> argL0 ; # org/gradle/api/internal/project/DefaultProjectRegistry$$Lambda+0x00000279c56572a8
instanceKlass org/gradle/configuration/internal/DefaultListenerBuildOperationDecorator$ExecuteListenerDetails
instanceKlass org/gradle/configuration/internal/DefaultListenerBuildOperationDecorator$Operation
instanceKlass org/gradle/api/internal/DefaultMutationGuard$1
instanceKlass org/gradle/api/internal/project/BuildOperationCrossProjectConfigurator$CrossConfigureProjectBuildOperation
instanceKlass org/gradle/internal/resources/DefaultResourceLockCoordinationService$ReleaseLocks
instanceKlass org/gradle/internal/work/DefaultWorkerLeaseService$4$1
instanceKlass org/gradle/internal/resources/DefaultResourceLockCoordinationService$2
instanceKlass org/gradle/internal/work/DefaultWorkerLeaseService$4
instanceKlass  @bci org/gradle/api/internal/project/DefaultProjectStateRegistry$ProjectStateImpl fromMutableState (Ljava/util/function/Function;)Ljava/lang/Object; 127 <appendix> member <vmtarget> ; # org/gradle/api/internal/project/DefaultProjectStateRegistry$ProjectStateImpl$$Lambda+0x00000279c5655a30
instanceKlass  @bci org/gradle/api/internal/project/DefaultProjectStateRegistry$ProjectStateImpl applyToMutableState (Ljava/util/function/Consumer;)V 2 <appendix> member <vmtarget> ; # org/gradle/api/internal/project/DefaultProjectStateRegistry$ProjectStateImpl$$Lambda+0x00000279c56557f0
instanceKlass  @bci org/gradle/api/internal/project/BuildOperationCrossProjectConfigurator runProjectConfigureAction (Lorg/gradle/api/internal/project/ProjectInternal;Lorg/gradle/api/Action;)V 9 <appendix> member <vmtarget> ; # org/gradle/api/internal/project/BuildOperationCrossProjectConfigurator$$Lambda+0x00000279c56555c0
instanceKlass org/gradle/api/internal/project/BuildOperationCrossProjectConfigurator$BlockConfigureBuildOperation
instanceKlass org/gradle/initialization/NotifyingBuildLoader$3$1
instanceKlass org/gradle/initialization/NotifyProjectsLoadedBuildOperationType$Details
instanceKlass org/gradle/initialization/NotifyingBuildLoader$3
instanceKlass org/gradle/initialization/NotifyingBuildLoader$BuildStructureOperationResult
instanceKlass org/gradle/initialization/LoadProjectsBuildOperationType$Result
instanceKlass org/gradle/initialization/NotifyingBuildLoader$DefaultProjectsIdentifiedProgressDetails
instanceKlass org/gradle/initialization/ProjectsIdentifiedProgressDetails
instanceKlass  @bci org/gradle/initialization/BuildStructureOperationProject <clinit> ()V 0 <appendix> argL0 ; # org/gradle/initialization/BuildStructureOperationProject$$Lambda+0x00000279c5654000
instanceKlass org/gradle/initialization/BuildStructureOperationProject
instanceKlass  @bci org/gradle/api/internal/project/DefaultProjectStateRegistry$ProjectStateImpl getChildProjects ()Ljava/util/Set; 4 <appendix> argL0 ; # org/gradle/api/internal/project/DefaultProjectStateRegistry$ProjectStateImpl$$Lambda+0x00000279c564fa48
instanceKlass org/gradle/api/internal/project/ProjectHierarchyUtils
instanceKlass org/gradle/initialization/ProjectPropertySettingBuildLoader$CachingPropertyApplicator
instanceKlass  @bci org/gradle/api/internal/project/ProjectFactory createProject (Lorg/gradle/api/internal/GradleInternal;Lorg/gradle/api/initialization/ProjectDescriptor;Lorg/gradle/api/internal/project/ProjectState;Lorg/gradle/api/internal/project/ProjectInternal;Lorg/gradle/internal/service/scopes/ServiceRegistryFactory;Lorg/gradle/api/internal/initialization/ClassLoaderScope;Lorg/gradle/api/internal/initialization/ClassLoaderScope;)Lorg/gradle/api/internal/project/ProjectInternal; 166 <appendix> member <vmtarget> ; # org/gradle/api/internal/project/ProjectFactory$$Lambda+0x00000279c564f418
instanceKlass  @bci org/gradle/internal/management/DefaultDependencyResolutionManagement configureProject (Lorg/gradle/api/internal/project/ProjectInternal;)V 17 <appendix> member <vmtarget> ; # org/gradle/internal/management/DefaultDependencyResolutionManagement$$Lambda+0x00000279c5642b90
# instanceKlass java/lang/invoke/LambdaForm$MH+0x00000279c5651400
# instanceKlass java/lang/invoke/LambdaForm$MH+0x00000279c5651000
# instanceKlass java/lang/invoke/LambdaForm$MH+0x00000279c5650c00
# instanceKlass java/lang/invoke/LambdaForm$MH+0x00000279c5650800
# instanceKlass java/lang/invoke/LambdaForm$MH+0x00000279c5650400
# instanceKlass java/lang/invoke/LambdaForm$MH+0x00000279c5650000
# instanceKlass java/lang/invoke/LambdaForm$MH+0x00000279c564ec00
# instanceKlass java/lang/invoke/LambdaForm$MH+0x00000279c564e800
# instanceKlass java/lang/invoke/LambdaForm$MH+0x00000279c564e400
instanceKlass org/gradle/internal/service/scopes/ProjectBackedPropertyHost
instanceKlass org/gradle/nativeplatform/internal/CompilerOutputFileNamingScheme
instanceKlass org/gradle/api/artifacts/type/ArtifactTypeContainer
instanceKlass  @bci org/gradle/api/internal/project/DefaultProject_Decorated $gradleInit ()V 1 <appendix> member <vmtarget> ; # org/gradle/api/internal/project/DefaultProject_Decorated$$Lambda+0x00000279c564b958
instanceKlass  @bci org/gradle/api/internal/project/DefaultProject <init> (Ljava/lang/String;Lorg/gradle/api/internal/project/ProjectInternal;Ljava/io/File;Ljava/io/File;Lorg/gradle/groovy/scripts/ScriptSource;Lorg/gradle/api/internal/GradleInternal;Lorg/gradle/api/internal/project/ProjectState;Lorg/gradle/internal/service/scopes/ServiceRegistryFactory;Lorg/gradle/api/internal/initialization/ClassLoaderScope;Lorg/gradle/api/internal/initialization/ClassLoaderScope;)V 281 <appendix> member <vmtarget> ; # org/gradle/api/internal/project/DefaultProject$$Lambda+0x00000279c564b738
instanceKlass org/gradle/internal/extensibility/ExtensibleDynamicObject$2
instanceKlass org/gradle/api/internal/project/DefaultCrossProjectModelAccess
instanceKlass org/gradle/internal/BiAction
instanceKlass org/gradle/api/internal/tasks/DefaultTaskContainerFactory$1
instanceKlass  @bci org/gradle/api/internal/tasks/DefaultTaskContainer_Decorated $gradleInit ()V 1 <appendix> member <vmtarget> ; # org/gradle/api/internal/tasks/DefaultTaskContainer_Decorated$$Lambda+0x00000279c564a608
# instanceKlass java/lang/invoke/LambdaForm$MH+0x00000279c564e000
# instanceKlass java/lang/invoke/LambdaForm$MH+0x00000279c564dc00
# instanceKlass java/lang/invoke/LambdaForm$MH+0x00000279c564d800
# instanceKlass java/lang/invoke/LambdaForm$MH+0x00000279c564d400
# instanceKlass java/lang/invoke/LambdaForm$MH+0x00000279c564d000
# instanceKlass java/lang/invoke/LambdaForm$MH+0x00000279c564cc00
# instanceKlass java/lang/invoke/LambdaForm$MH+0x00000279c564c800
# instanceKlass java/lang/invoke/LambdaForm$MH+0x00000279c564c400
# instanceKlass java/lang/invoke/LambdaForm$MH+0x00000279c564c000
instanceKlass org/gradle/api/internal/tasks/DefaultTaskContainer$7
instanceKlass org/gradle/api/internal/tasks/DefaultTaskContainer$6
instanceKlass org/gradle/api/Task$Namer
instanceKlass org/gradle/model/internal/core/ModelPath
instanceKlass org/gradle/model/internal/core/MutableModelNode
instanceKlass org/gradle/model/internal/core/ModelNode
instanceKlass org/gradle/api/tasks/TaskProvider
instanceKlass org/gradle/api/internal/project/taskfactory/TaskIdentity
instanceKlass org/gradle/api/internal/tasks/RealizeTaskBuildOperationType$Result
instanceKlass org/gradle/api/internal/tasks/RegisterTaskBuildOperationType$Result
instanceKlass org/gradle/api/internal/project/taskfactory/TaskFactory
instanceKlass org/gradle/api/internal/project/taskfactory/AnnotationProcessingTaskFactory
instanceKlass  @bci org/gradle/api/internal/project/taskfactory/DefaultTaskClassInfoStore <init> (Lorg/gradle/cache/internal/CrossBuildInMemoryCacheFactory;)V 6 <appendix> member <vmtarget> ; # org/gradle/api/internal/project/taskfactory/DefaultTaskClassInfoStore$$Lambda+0x00000279c5647328
instanceKlass org/gradle/api/internal/project/taskfactory/TaskClassInfo
instanceKlass org/gradle/api/internal/project/taskfactory/TaskActionFactory
instanceKlass org/gradle/api/internal/project/taskfactory/DefaultTaskClassInfoStore
instanceKlass org/gradle/model/internal/core/rule/describe/SimpleModelRuleDescriptor$1
instanceKlass org/gradle/internal/Factories$2
instanceKlass org/gradle/model/internal/core/rule/describe/AbstractModelRuleDescriptor
instanceKlass org/gradle/model/internal/core/rule/describe/ModelRuleDescriptor
instanceKlass org/gradle/model/internal/core/ModelReference
instanceKlass org/gradle/api/internal/tasks/DefaultTaskContainerFactory
# instanceKlass java/lang/invoke/LambdaForm$MH+0x00000279c5644c00
# instanceKlass java/lang/invoke/LambdaForm$MH+0x00000279c5644800
# instanceKlass java/lang/invoke/LambdaForm$MH+0x00000279c5644400
# instanceKlass java/lang/invoke/LambdaForm$MH+0x00000279c5644000
instanceKlass org/gradle/cache/scopes/ProjectScopedCacheBuilderFactory
instanceKlass org/gradle/internal/service/scopes/WorkerSharedProjectScopeServices
instanceKlass org/gradle/nativeplatform/internal/CompilerOutputFileNamingSchemeFactory
instanceKlass org/gradle/nativeplatform/internal/services/NativeBinaryServices$ProjectCompilerServices
instanceKlass org/gradle/language/internal/DefaultNativeComponentFactory
instanceKlass org/gradle/language/internal/NativeComponentFactory
instanceKlass org/gradle/language/nativeplatform/internal/toolchains/ToolChainSelector$Result
instanceKlass org/gradle/language/nativeplatform/internal/toolchains/DefaultToolChainSelector
instanceKlass org/gradle/language/nativeplatform/internal/toolchains/ToolChainSelector
instanceKlass org/gradle/language/nativeplatform/internal/incremental/IncrementalCompilerBuilder$IncrementalCompiler
instanceKlass org/gradle/language/nativeplatform/internal/incremental/DefaultIncrementalCompilerBuilder
instanceKlass org/gradle/language/nativeplatform/internal/incremental/IncrementalCompilerBuilder
instanceKlass org/gradle/plugins/ide/internal/DefaultIdeArtifactRegistry
instanceKlass org/gradle/plugins/ide/internal/IdeArtifactRegistry
instanceKlass org/gradle/internal/snapshot/Snapshot
instanceKlass org/gradle/internal/snapshot/impl/DefaultSnapshottingService
instanceKlass org/gradle/internal/snapshot/SnapshottingService
instanceKlass org/gradle/internal/enterprise/test/TestTaskForkOptions
instanceKlass org/gradle/internal/enterprise/test/TestTaskFilters
instanceKlass org/gradle/internal/enterprise/test/TestTaskProperties
instanceKlass org/gradle/internal/enterprise/test/impl/DefaultTestTaskPropertiesService
instanceKlass org/gradle/internal/enterprise/test/TestTaskPropertiesService
instanceKlass org/gradle/buildinit/plugins/internal/ProjectLayoutSetupRegistry
instanceKlass org/gradle/buildinit/plugins/internal/services/BuildInitServices$ProjectScopeBuildInitServices
instanceKlass org/gradle/api/tasks/SourceSetContainer
instanceKlass org/gradle/api/plugins/jvm/internal/JvmPluginServices
instanceKlass org/gradle/api/plugins/jvm/internal/JvmEcosystemUtilities
instanceKlass org/gradle/api/plugins/internal/PluginAuthorServices$ProjectScopeServices
instanceKlass org/gradle/api/publish/maven/internal/publisher/MavenDuplicatePublicationTracker
instanceKlass org/gradle/jvm/toolchain/JavaCompiler
instanceKlass org/gradle/jvm/toolchain/internal/DefaultJavaToolchainService
instanceKlass org/gradle/jvm/toolchain/JavaToolchainService
instanceKlass org/gradle/jvm/toolchain/internal/JavaToolchainSpecInternal
instanceKlass org/gradle/jvm/toolchain/JavaToolchainSpec
instanceKlass org/gradle/jvm/toolchain/internal/JavaToolchainSpecInternal$Key
instanceKlass org/gradle/jvm/toolchain/internal/JavaToolchainQueryService
instanceKlass org/gradle/jvm/toolchain/internal/install/SecureFileDownloader
instanceKlass org/gradle/jvm/toolchain/JavaToolchainRequest
instanceKlass org/gradle/jvm/toolchain/internal/install/DefaultJavaToolchainProvisioningService
instanceKlass org/gradle/jvm/toolchain/internal/install/JavaToolchainProvisioningService
instanceKlass org/gradle/jvm/toolchain/internal/ToolchainToolFactory
instanceKlass org/gradle/language/java/internal/JavaLanguagePluginServiceRegistry$JavaProjectScopeServices
instanceKlass org/gradle/jvm/toolchain/internal/JavaCompilerFactory
instanceKlass org/gradle/language/java/internal/JavaToolChainServiceRegistry$ProjectScopeCompileServices
instanceKlass org/gradle/api/internal/tasks/compile/GroovyCompilerFactory
instanceKlass org/gradle/language/base/internal/compile/CompilerFactory
instanceKlass org/gradle/api/internal/tasks/compile/GroovyServices$ProjectServices
instanceKlass org/gradle/api/publish/ivy/internal/publisher/IvyDuplicatePublicationTracker
instanceKlass org/gradle/api/internal/artifacts/DependencyManagementProjectScopeServices
instanceKlass org/gradle/workers/internal/BuildOperationAwareWorker
instanceKlass org/gradle/workers/internal/IsolatedClassloaderWorkerFactory
instanceKlass org/gradle/workers/internal/WorkerDaemonFactory
instanceKlass org/gradle/workers/internal/WorkerFactory
instanceKlass org/gradle/workers/WorkerExecutor
instanceKlass org/gradle/workers/internal/WorkersServices$ProjectScopeServices
instanceKlass  @bci org/gradle/internal/service/scopes/ProjectScopeServices <init> (Lorg/gradle/internal/service/ServiceRegistry;Lorg/gradle/api/internal/project/ProjectInternal;Lorg/gradle/internal/Factory;)V 25 <appendix> member <vmtarget> ; # org/gradle/internal/service/scopes/ProjectScopeServices$$Lambda+0x00000279c563c818
instanceKlass org/gradle/api/internal/project/taskfactory/TaskInstantiator
instanceKlass org/gradle/normalization/internal/RuntimeClasspathNormalizationInternal
instanceKlass org/gradle/normalization/RuntimeClasspathNormalization
instanceKlass org/gradle/normalization/InputNormalization
instanceKlass org/gradle/internal/typeconversion/TypeConverter
instanceKlass org/gradle/api/internal/project/ant/AntLoggingAdapterFactory
# instanceKlass java/lang/invoke/LambdaForm$MH+0x00000279c5638000
# instanceKlass java/lang/invoke/LambdaForm$MH+0x00000279c5633c00
# instanceKlass java/lang/invoke/LambdaForm$MH+0x00000279c5633800
# instanceKlass java/lang/invoke/LambdaForm$MH+0x00000279c5633400
# instanceKlass java/lang/invoke/LambdaForm$MH+0x00000279c5633000
# instanceKlass java/lang/invoke/LambdaForm$MH+0x00000279c5632c00
# instanceKlass java/lang/invoke/LambdaForm$MH+0x00000279c5632800
# instanceKlass java/lang/invoke/LambdaForm$MH+0x00000279c5632400
instanceKlass org/gradle/api/internal/project/DeferredProjectConfiguration
instanceKlass org/gradle/api/internal/file/DefaultProjectLayout
instanceKlass org/gradle/api/internal/file/TaskFileVarFactory
instanceKlass  @bci org/gradle/api/internal/project/ProjectFactory createProject (Lorg/gradle/api/internal/GradleInternal;Lorg/gradle/api/initialization/ProjectDescriptor;Lorg/gradle/api/internal/project/ProjectState;Lorg/gradle/api/internal/project/ProjectInternal;Lorg/gradle/internal/service/scopes/ServiceRegistryFactory;Lorg/gradle/api/internal/initialization/ClassLoaderScope;Lorg/gradle/api/internal/initialization/ClassLoaderScope;)Lorg/gradle/api/internal/project/ProjectInternal; 16 <appendix> member <vmtarget> ; # org/gradle/api/internal/project/ProjectFactory$$Lambda+0x00000279c562bb18
instanceKlass  @bci org/gradle/api/internal/project/ProjectLifecycleController lambda$createMutableModel$1 (Lorg/gradle/api/internal/project/ProjectState;Lorg/gradle/api/internal/project/IProjectFactory;Lorg/gradle/internal/build/BuildState;Lorg/gradle/initialization/DefaultProjectDescriptor;Lorg/gradle/api/internal/initialization/ClassLoaderScope;Lorg/gradle/api/internal/initialization/ClassLoaderScope;)V 27 <appendix> member <vmtarget> ; # org/gradle/api/internal/project/ProjectLifecycleController$$Lambda+0x00000279c562b8f8
instanceKlass  @bci org/gradle/internal/model/StateTransitionController transition (Lorg/gradle/internal/model/StateTransitionController$State;Lorg/gradle/internal/model/StateTransitionController$State;Ljava/lang/Runnable;)V 8 <appendix> member <vmtarget> ; # org/gradle/internal/model/StateTransitionController$$Lambda+0x00000279c562b6d8
instanceKlass  @bci org/gradle/api/internal/project/ProjectLifecycleController createMutableModel (Lorg/gradle/initialization/DefaultProjectDescriptor;Lorg/gradle/internal/build/BuildState;Lorg/gradle/api/internal/project/ProjectState;Lorg/gradle/api/internal/initialization/ClassLoaderScope;Lorg/gradle/api/internal/initialization/ClassLoaderScope;Lorg/gradle/api/internal/project/IProjectFactory;)V 20 <appendix> member <vmtarget> ; # org/gradle/api/internal/project/ProjectLifecycleController$$Lambda+0x00000279c562b4b8
instanceKlass org/gradle/initialization/NotifyingBuildLoader$2$1
instanceKlass org/gradle/initialization/LoadProjectsBuildOperationType$Details
instanceKlass org/gradle/initialization/LoadProjectsBuildOperationType$Result$Project
instanceKlass org/gradle/initialization/ProjectsIdentifiedProgressDetails$Project
instanceKlass org/gradle/initialization/NotifyingBuildLoader$2
instanceKlass  @bci org/gradle/api/internal/catalog/DefaultDependenciesAccessors generateAccessors (Ljava/util/List;Lorg/gradle/api/internal/initialization/ClassLoaderScope;Lorg/gradle/api/initialization/Settings;)V 80 <appendix> argL0 ; # org/gradle/api/internal/catalog/DefaultDependenciesAccessors$$Lambda+0x00000279c55d69c0
instanceKlass org/gradle/api/internal/catalog/DefaultVersionCatalog
instanceKlass org/gradle/api/internal/catalog/DefaultDependenciesAccessors
# instanceKlass java/lang/invoke/LambdaForm$MH+0x00000279c5632000
# instanceKlass java/lang/invoke/LambdaForm$MH+0x00000279c5631c00
# instanceKlass java/lang/invoke/LambdaForm$MH+0x00000279c5631800
# instanceKlass java/lang/invoke/LambdaForm$MH+0x00000279c5631400
# instanceKlass java/lang/invoke/LambdaForm$MH+0x00000279c5631000
# instanceKlass java/lang/invoke/LambdaForm$MH+0x00000279c5630c00
# instanceKlass java/lang/invoke/LambdaForm$MH+0x00000279c5630800
# instanceKlass java/lang/invoke/LambdaForm$MH+0x00000279c5630400
# instanceKlass java/lang/invoke/LambdaForm$MH+0x00000279c5630000
# instanceKlass java/lang/invoke/LambdaForm$MH+0x00000279c5629c00
# instanceKlass java/lang/invoke/LambdaForm$MH+0x00000279c5629800
# instanceKlass java/lang/invoke/LambdaForm$MH+0x00000279c5629000
# instanceKlass java/lang/invoke/LambdaForm$MH+0x00000279c5628c00
# instanceKlass java/lang/invoke/LambdaForm$MH+0x00000279c5628800
instanceKlass org/gradle/configuration/BuildOperationFiringProjectsPreparer$ConfigureBuild$1
instanceKlass org/gradle/initialization/ConfigureBuildBuildOperationType$Details
instanceKlass org/gradle/configuration/BuildOperationFiringProjectsPreparer$ConfigureBuild
instanceKlass  @bci org/gradle/initialization/VintageBuildModelController prepareProjects ()V 11 <appendix> member <vmtarget> ; # org/gradle/initialization/VintageBuildModelController$$Lambda+0x00000279c562f7b8
instanceKlass  @bci org/gradle/internal/build/DefaultBuildLifecycleController configureProjects ()V 16 <appendix> member <vmtarget> ; # org/gradle/internal/build/DefaultBuildLifecycleController$$Lambda+0x00000279c562f598
instanceKlass org/gradle/api/internal/project/ProjectLifecycleController
instanceKlass org/gradle/internal/resources/TaskExecutionLockRegistry$2
instanceKlass org/gradle/internal/resources/ProjectLockRegistry$2
instanceKlass org/gradle/internal/resources/LockCache$1
instanceKlass org/gradle/internal/resources/ProjectLockRegistry$1
instanceKlass  @bci org/gradle/api/internal/project/DefaultProjectStateRegistry$ProjectStateImpl <init> (Lorg/gradle/api/internal/project/DefaultProjectStateRegistry;Lorg/gradle/internal/build/BuildState;Lorg/gradle/util/Path;Lorg/gradle/util/Path;Ljava/lang/String;Lorg/gradle/api/artifacts/component/ProjectComponentIdentifier;Lorg/gradle/initialization/DefaultProjectDescriptor;Lorg/gradle/api/internal/project/IProjectFactory;Lorg/gradle/internal/model/StateTransitionControllerFactory;Lorg/gradle/internal/service/ServiceRegistry;)V 25 <appendix> member <vmtarget> ; # org/gradle/api/internal/project/DefaultProjectStateRegistry$ProjectStateImpl$$Lambda+0x00000279c562cd60
instanceKlass  @bci org/gradle/internal/lazy/Lazy unsafe ()Lorg/gradle/internal/lazy/Lazy$Factory; 0 <appendix> argL0 ; # org/gradle/internal/lazy/Lazy$$Lambda+0x00000279c562cb48
instanceKlass org/gradle/internal/lazy/UnsafeLazy
instanceKlass org/gradle/api/internal/project/DefaultProjectStateRegistry$ProjectStateImpl
instanceKlass org/gradle/api/internal/artifacts/DefaultProjectComponentIdentifier
instanceKlass org/gradle/api/internal/project/DefaultProjectStateRegistry$DefaultBuildProjectRegistry
instanceKlass org/gradle/internal/build/BuildProjectRegistry
instanceKlass  @bci org/gradle/initialization/DefaultSettingsLoader useEmptySettings (Lorg/gradle/initialization/ProjectSpec;Lorg/gradle/api/internal/SettingsInternal;Lorg/gradle/StartParameter;)Z 6 <appendix> member <vmtarget> ; # org/gradle/initialization/DefaultSettingsLoader$$Lambda+0x00000279c5627af8
instanceKlass org/gradle/initialization/AbstractProjectSpec
instanceKlass  @bci org/gradle/initialization/ProjectSpecs forStartParameter (Lorg/gradle/StartParameter;Lorg/gradle/api/internal/SettingsInternal;)Lorg/gradle/initialization/ProjectSpec; 6 <appendix> member <vmtarget> ; # org/gradle/initialization/ProjectSpecs$$Lambda+0x00000279c5627430
instanceKlass org/gradle/initialization/ProjectSpec
instanceKlass org/gradle/initialization/ProjectSpecs
instanceKlass  @bci org/gradle/initialization/DefaultSettingsLoader validate (Lorg/gradle/api/internal/SettingsInternal;)V 12 <appendix> member <vmtarget> ; # org/gradle/initialization/DefaultSettingsLoader$$Lambda+0x00000279c5626e08
instanceKlass  @bci org/gradle/initialization/DefaultToolchainManagement preventFromFurtherMutation ()V 44 <appendix> argL0 ; # org/gradle/initialization/DefaultToolchainManagement$$Lambda+0x00000279c5626be0
instanceKlass  @bci org/gradle/initialization/DefaultToolchainManagement preventFromFurtherMutation ()V 34 <appendix> argL0 ; # org/gradle/initialization/DefaultToolchainManagement$$Lambda+0x00000279c56269a8
instanceKlass  @bci org/gradle/initialization/DefaultToolchainManagement preventFromFurtherMutation ()V 24 <appendix> argL0 ; # org/gradle/initialization/DefaultToolchainManagement$$Lambda+0x00000279c5626760
instanceKlass  @bci org/gradle/initialization/DefaultToolchainManagement_Decorated getConventionWhileDisabledDeprecationLogger ()Lorg/gradle/api/plugins/Convention; 1 <appendix> member <vmtarget> ; # org/gradle/initialization/DefaultToolchainManagement_Decorated$$Lambda+0x00000279c5626540
instanceKlass  @bci org/gradle/internal/management/DefaultDependencyResolutionManagement preventFromFurtherMutation ()V 25 <appendix> member <vmtarget> ; # org/gradle/internal/management/DefaultDependencyResolutionManagement$$Lambda+0x00000279c55d62d8
instanceKlass  @bci org/gradle/internal/management/DefaultDependencyResolutionManagement preventFromFurtherMutation ()V 12 <appendix> member <vmtarget> ; # org/gradle/internal/management/DefaultDependencyResolutionManagement$$Lambda+0x00000279c55d60b8
instanceKlass jdk/internal/math/MathUtils
instanceKlass org/gradle/internal/time/TimeFormatting
instanceKlass kotlin/Unit
instanceKlass Settings_gradle$1$1
instanceKlass Settings_gradle$1
instanceKlass org/gradle/kotlin/dsl/support/PluginAwareScript
instanceKlass org/gradle/kotlin/dsl/NamedDomainObjectCollectionExtensionsKt
instanceKlass org/gradle/kotlin/dsl/support/CompiledKotlinSettingsScript$SettingsScriptHost
instanceKlass org/gradle/kotlin/dsl/support/DefaultKotlinScript$Host
instanceKlass java/util/concurrent/atomic/AtomicReferenceFieldUpdater$AtomicReferenceFieldUpdaterImpl$1
instanceKlass java/util/concurrent/atomic/AtomicReferenceFieldUpdater
instanceKlass kotlin/SafePublicationLazyImpl$Companion
instanceKlass kotlin/SafePublicationLazyImpl
instanceKlass kotlin/reflect/jvm/internal/ReflectProperties$Val$1
instanceKlass kotlin/reflect/jvm/internal/ReflectProperties$Val
instanceKlass kotlin/reflect/jvm/internal/ReflectProperties
instanceKlass kotlin/text/Regex$Companion
instanceKlass kotlin/text/Regex
instanceKlass kotlin/jvm/internal/DefaultConstructorMarker
instanceKlass kotlin/reflect/jvm/internal/KDeclarationContainerImpl$Companion
instanceKlass kotlin/reflect/jvm/internal/KClassifierImpl
instanceKlass kotlin/reflect/jvm/internal/CacheByClass
instanceKlass kotlin/Result$Failure
instanceKlass kotlin/Result$Companion
instanceKlass kotlin/Result
instanceKlass kotlin/reflect/jvm/internal/CacheByClassKt
instanceKlass kotlin/reflect/jvm/internal/CachesKt
instanceKlass kotlin/reflect/jvm/internal/KPropertyImpl$Companion
instanceKlass kotlin/reflect/jvm/internal/KCallableImpl
instanceKlass kotlin/reflect/jvm/internal/KTypeParameterOwnerImpl
instanceKlass kotlin/reflect/jvm/internal/KDeclarationContainerImpl
instanceKlass kotlin/jvm/internal/ClassBasedDeclarationContainer
instanceKlass kotlin/reflect/KMutableProperty1
instanceKlass kotlin/reflect/KTypeParameter
instanceKlass kotlin/reflect/KClass
instanceKlass kotlin/reflect/KType
instanceKlass kotlin/reflect/KMutableProperty2
instanceKlass kotlin/reflect/KMutableProperty0
instanceKlass kotlin/reflect/KMutableProperty
instanceKlass kotlin/reflect/KProperty2
instanceKlass kotlin/reflect/KProperty0
instanceKlass kotlin/jvm/internal/ReflectionFactory
instanceKlass kotlin/reflect/KClassifier
instanceKlass kotlin/jvm/internal/Reflection
instanceKlass kotlin/jvm/internal/CallableReference$NoReceiver
instanceKlass kotlin/reflect/KProperty$Getter
instanceKlass kotlin/reflect/KFunction
instanceKlass kotlin/reflect/KProperty$Accessor
instanceKlass kotlin/reflect/KDeclarationContainer
instanceKlass kotlin/jvm/internal/CallableReference
instanceKlass kotlin/reflect/KProperty1
instanceKlass kotlin/reflect/KProperty
instanceKlass kotlin/reflect/KCallable
instanceKlass kotlin/reflect/KAnnotatedElement
instanceKlass org/gradle/kotlin/dsl/support/DefaultKotlinScript
instanceKlass org/gradle/kotlin/dsl/KotlinScript
instanceKlass org/gradle/kotlin/dsl/execution/ExecutableProgram
instanceKlass org/gradle/internal/classloader/TransformErrorHandler
instanceKlass org/gradle/internal/classloader/TransformReplacer$Loader
instanceKlass org/gradle/internal/classloader/TransformReplacer
instanceKlass org/gradle/internal/fingerprint/impl/DefaultFileSystemLocationFingerprint$1
instanceKlass org/gradle/internal/fingerprint/impl/DefaultFileSystemLocationFingerprint
instanceKlass  @bci org/gradle/api/internal/changedetection/state/PropertiesFileAwareClasspathResourceHasher matchesAnyFilters (Ljava/util/function/Supplier;)Z 15 <appendix> member <vmtarget> ; # org/gradle/api/internal/changedetection/state/PropertiesFileAwareClasspathResourceHasher$$Lambda+0x00000279c56147a0
instanceKlass  @bci org/gradle/internal/io/IoSupplier wrap (Lorg/gradle/internal/io/IoSupplier;)Ljava/util/function/Supplier; 1 <appendix> member <vmtarget> ; # org/gradle/internal/io/IoSupplier$$Lambda+0x00000279c5614580
instanceKlass  @bci org/gradle/api/internal/changedetection/state/FallbackHandlingResourceHasher hash (Lorg/gradle/internal/fingerprint/hashing/RegularFileSnapshotContext;)Lorg/gradle/internal/hash/HashCode; 25 <appendix> member <vmtarget> ; # org/gradle/api/internal/changedetection/state/FallbackHandlingResourceHasher$$Lambda+0x00000279c5614360
instanceKlass  @bci org/gradle/api/internal/changedetection/state/FallbackHandlingResourceHasher hash (Lorg/gradle/internal/fingerprint/hashing/RegularFileSnapshotContext;)Lorg/gradle/internal/hash/HashCode; 15 <appendix> member <vmtarget> ; # org/gradle/api/internal/changedetection/state/FallbackHandlingResourceHasher$$Lambda+0x00000279c5614120
instanceKlass  @bci org/gradle/api/internal/changedetection/state/FallbackHandlingResourceHasher hash (Lorg/gradle/internal/fingerprint/hashing/RegularFileSnapshotContext;)Lorg/gradle/internal/hash/HashCode; 5 <appendix> member <vmtarget> ; # org/gradle/api/internal/changedetection/state/FallbackHandlingResourceHasher$$Lambda+0x00000279c5613ed0
instanceKlass  @bci org/gradle/internal/snapshot/DirectorySnapshot accept (Lorg/gradle/internal/snapshot/RelativePathTracker;Lorg/gradle/internal/snapshot/RelativePathTrackingFileSystemSnapshotHierarchyVisitor;)Lorg/gradle/internal/snapshot/SnapshotVisitResult; 81 <appendix> member <vmtarget> ; # org/gradle/internal/snapshot/DirectorySnapshot$$Lambda+0x00000279c5613ca0
instanceKlass  @bci org/gradle/internal/snapshot/DirectorySnapshot accept (Lorg/gradle/internal/snapshot/RelativePathTracker;Lorg/gradle/internal/snapshot/RelativePathTrackingFileSystemSnapshotHierarchyVisitor;)Lorg/gradle/internal/snapshot/SnapshotVisitResult; 69 <appendix> argL0 ; # org/gradle/internal/snapshot/DirectorySnapshot$$Lambda+0x00000279c5613a68
instanceKlass org/gradle/internal/snapshot/DirectorySnapshot$2
instanceKlass  @bci org/gradle/api/internal/initialization/loadercache/DefaultClassLoaderCache get (Lorg/gradle/api/internal/initialization/loadercache/ClassLoaderId;Lorg/gradle/internal/classpath/ClassPath;Ljava/lang/ClassLoader;Lorg/gradle/internal/classloader/FilteringClassLoader$Spec;Lorg/gradle/internal/hash/HashCode;)Ljava/lang/ClassLoader; 9 <appendix> member <vmtarget> ; # org/gradle/api/internal/initialization/loadercache/DefaultClassLoaderCache$$Lambda+0x00000279c5613628
instanceKlass org/gradle/kotlin/dsl/provider/StandardKotlinScriptEvaluator$ScopeBackedCompiledScript
instanceKlass org/gradle/kotlin/dsl/execution/CompiledScript
instanceKlass org/gradle/internal/classpath/DefaultClassPath$Builder
instanceKlass org/gradle/internal/classpath/TransformedClassPath$Builder
instanceKlass org/gradle/internal/classpath/CopyingClasspathFileTransformer
instanceKlass  @bci org/gradle/internal/classpath/DefaultCachedClasspathTransformer agentInstrumentingPipeline (Lorg/gradle/internal/classpath/DefaultCachedClasspathTransformer$TransformPipeline;Lorg/gradle/internal/classpath/DefaultCachedClasspathTransformer$TransformPipeline;)Lorg/gradle/internal/classpath/DefaultCachedClasspathTransformer$TransformPipeline; 2 <appendix> member <vmtarget> ; # org/gradle/internal/classpath/DefaultCachedClasspathTransformer$$Lambda+0x00000279c5612988
instanceKlass  @bci org/gradle/internal/classpath/DefaultCachedClasspathTransformer instrumentingPipeline (Lorg/gradle/internal/classpath/InstrumentingClasspathFileTransformer$Policy;)Lorg/gradle/internal/classpath/DefaultCachedClasspathTransformer$TransformPipeline; 2 <appendix> member <vmtarget> ; # org/gradle/internal/classpath/DefaultCachedClasspathTransformer$$Lambda+0x00000279c5612768
instanceKlass org/gradle/internal/classpath/InstrumentingClasspathFileTransformer$2
instanceKlass  @bci org/gradle/internal/classpath/DefaultCachedClasspathTransformer copyingPipeline ()Lorg/gradle/internal/classpath/DefaultCachedClasspathTransformer$TransformPipeline; 1 <appendix> member <vmtarget> ; # org/gradle/internal/classpath/DefaultCachedClasspathTransformer$$Lambda+0x00000279c56122f8
instanceKlass org/gradle/internal/classpath/DefaultCachedClasspathTransformer$TransformPipeline
instanceKlass org/gradle/internal/classpath/DefaultCachedClasspathTransformer$1
instanceKlass  @bci org/gradle/internal/execution/steps/RemoveUntrackedExecutionStateStep execute (Lorg/gradle/internal/execution/UnitOfWork;Lorg/gradle/internal/execution/steps/WorkspaceContext;)Lorg/gradle/internal/execution/steps/AfterExecutionResult; 21 <appendix> member <vmtarget> ; # org/gradle/internal/execution/steps/RemoveUntrackedExecutionStateStep$$Lambda+0x00000279c5611cd0
instanceKlass  @bci org/gradle/internal/execution/steps/SkipUpToDateStep execute (Lorg/gradle/internal/execution/UnitOfWork;Lorg/gradle/internal/execution/steps/IncrementalChangesContext;)Lorg/gradle/internal/execution/steps/UpToDateResult; 60 <appendix> member <vmtarget> ; # org/gradle/internal/execution/steps/SkipUpToDateStep$$Lambda+0x00000279c5611ab0
instanceKlass org/gradle/internal/execution/steps/SkipUpToDateStep$1
instanceKlass org/gradle/internal/execution/history/impl/DefaultAfterExecutionState
instanceKlass  @bci org/gradle/internal/execution/steps/SkipUpToDateStep execute (Lorg/gradle/internal/execution/UnitOfWork;Lorg/gradle/internal/execution/steps/IncrementalChangesContext;)Lorg/gradle/internal/execution/steps/UpToDateResult; 48 <appendix> member <vmtarget> ; # org/gradle/internal/execution/steps/SkipUpToDateStep$$Lambda+0x00000279c5611378
instanceKlass  @bci org/gradle/internal/execution/steps/SkipUpToDateStep execute (Lorg/gradle/internal/execution/UnitOfWork;Lorg/gradle/internal/execution/steps/IncrementalChangesContext;)Lorg/gradle/internal/execution/steps/UpToDateResult; 37 <appendix> member <vmtarget> ; # org/gradle/internal/execution/steps/SkipUpToDateStep$$Lambda+0x00000279c5611128
instanceKlass  @bci org/gradle/internal/execution/steps/ResolveChangesStep execute (Lorg/gradle/internal/execution/UnitOfWork;Lorg/gradle/internal/execution/steps/CachingContext;)Lorg/gradle/internal/execution/steps/Result; 25 <appendix> member <vmtarget> ; # org/gradle/internal/execution/steps/ResolveChangesStep$$Lambda+0x00000279c5610f08
instanceKlass  @bci org/gradle/internal/execution/steps/ResolveChangesStep execute (Lorg/gradle/internal/execution/UnitOfWork;Lorg/gradle/internal/execution/steps/CachingContext;)Lorg/gradle/internal/execution/steps/Result; 16 <appendix> member <vmtarget> ; # org/gradle/internal/execution/steps/ResolveChangesStep$$Lambda+0x00000279c5610cc8
instanceKlass  @bci org/gradle/internal/execution/steps/ResolveChangesStep lambda$resolveExecutionStateChanges$6 (Lorg/gradle/internal/execution/steps/CachingContext;Lorg/gradle/internal/execution/UnitOfWork;Lorg/gradle/internal/execution/history/BeforeExecutionState;Lorg/gradle/internal/execution/history/changes/IncrementalInputProperties;)Lorg/gradle/internal/execution/history/changes/ExecutionStateChanges; 21 <appendix> member <vmtarget> ; # org/gradle/internal/execution/steps/ResolveChangesStep$$Lambda+0x00000279c5610aa8
instanceKlass org/gradle/internal/execution/history/changes/InputChangesInternal
instanceKlass org/gradle/work/InputChanges
instanceKlass org/gradle/internal/execution/history/changes/ExecutionStateChanges$1
instanceKlass org/gradle/internal/execution/history/changes/CachingChangeContainer$CachingVisitor
instanceKlass org/gradle/internal/execution/history/changes/DefaultExecutionStateChangeDetector$InputFileChangesWrapper
instanceKlass org/gradle/internal/execution/history/changes/CachingChangeContainer
instanceKlass org/gradle/internal/execution/history/changes/InputFileChanges$1
instanceKlass org/gradle/internal/execution/history/changes/AbstractFingerprintChanges$1
instanceKlass org/gradle/internal/execution/history/changes/SortedMapDiffUtil
instanceKlass org/gradle/internal/execution/history/changes/OutputFileChanges$1
instanceKlass com/google/common/collect/SortedIterables
instanceKlass org/gradle/internal/execution/history/changes/SummarizingChangeContainer$ChangeDetectingVisitor
instanceKlass org/gradle/internal/execution/history/changes/DefaultExecutionStateChangeDetector$MessageCollectingChangeVisitor
instanceKlass org/gradle/internal/execution/history/changes/ErrorHandlingChangeContainer
instanceKlass org/gradle/internal/execution/history/changes/SummarizingChangeContainer
instanceKlass org/gradle/internal/execution/history/changes/OutputFileChanges
instanceKlass  @bci org/gradle/internal/execution/history/changes/ClasspathCompareStrategy <init> ()V 1 <appendix> argL0 ; # org/gradle/internal/execution/history/changes/ClasspathCompareStrategy$$Lambda+0x00000279c560b988
instanceKlass  @bci java/util/Map$Entry comparingByKey ()Ljava/util/Comparator; 0 <appendix> argL0 ; # java/util/Map$Entry$$Lambda+0x00000279c556bde8
instanceKlass  @bci org/gradle/internal/execution/history/changes/IgnoredPathCompareStrategy <init> ()V 1 <appendix> argL0 ; # org/gradle/internal/execution/history/changes/IgnoredPathCompareStrategy$$Lambda+0x00000279c560b540
instanceKlass  @cpi org/gradle/internal/execution/history/changes/ClasspathCompareStrategy 52 form vmentry <vmtarget> ; # java/lang/invoke/LambdaForm$DMH+0x00000279c5608400
instanceKlass org/gradle/internal/execution/history/changes/TrivialChangeDetector
instanceKlass  @bci org/gradle/internal/execution/history/changes/AbstractFingerprintCompareStrategy <init> (Lorg/gradle/internal/execution/history/changes/CompareStrategy$ChangeDetector;)V 6 <appendix> argL0 ; # org/gradle/internal/execution/history/changes/AbstractFingerprintCompareStrategy$$Lambda+0x00000279c560a648
instanceKlass  @bci org/gradle/internal/execution/history/changes/AbstractFingerprintCompareStrategy <init> (Lorg/gradle/internal/execution/history/changes/CompareStrategy$ChangeDetector;)V 1 <appendix> argL0 ; # org/gradle/internal/execution/history/changes/AbstractFingerprintCompareStrategy$$Lambda+0x00000279c560a410
instanceKlass  @bci org/gradle/internal/execution/history/changes/AbsolutePathFingerprintCompareStrategy <init> ()V 5 <appendix> argL0 ; # org/gradle/internal/execution/history/changes/AbsolutePathFingerprintCompareStrategy$$Lambda+0x00000279c560a1f8
instanceKlass org/gradle/internal/execution/history/changes/AbsolutePathChangeDetector$ItemComparator
instanceKlass org/gradle/internal/execution/history/changes/AbsolutePathChangeDetector
instanceKlass org/gradle/internal/execution/history/changes/AbstractFingerprintCompareStrategy$2
instanceKlass org/gradle/internal/execution/history/changes/AbstractFingerprintCompareStrategy$1
instanceKlass org/gradle/internal/execution/history/changes/TrivialChangeDetector$ItemComparator
instanceKlass org/gradle/internal/execution/history/changes/CompareStrategy$ChangeFactory
instanceKlass org/gradle/internal/execution/history/changes/CompareStrategy$ChangeDetector
instanceKlass org/gradle/internal/execution/history/changes/CompareStrategy
instanceKlass org/gradle/internal/execution/history/changes/FingerprintCompareStrategy
instanceKlass org/gradle/internal/execution/history/changes/PropertyDiffListener
instanceKlass org/gradle/internal/execution/history/changes/AbstractFingerprintChanges
instanceKlass org/gradle/internal/execution/history/changes/InputValueChanges
instanceKlass org/gradle/internal/execution/history/changes/PropertyChanges
instanceKlass org/gradle/internal/execution/history/changes/ImplementationChanges
instanceKlass org/gradle/internal/execution/history/changes/DescriptiveChange
instanceKlass org/gradle/internal/execution/history/changes/Change
instanceKlass org/gradle/internal/execution/history/changes/PreviousSuccessChanges
instanceKlass  @bci org/gradle/internal/execution/steps/ResolveChangesStep lambda$resolveExecutionStateChanges$6 (Lorg/gradle/internal/execution/steps/CachingContext;Lorg/gradle/internal/execution/UnitOfWork;Lorg/gradle/internal/execution/history/BeforeExecutionState;Lorg/gradle/internal/execution/history/changes/IncrementalInputProperties;)Lorg/gradle/internal/execution/history/changes/ExecutionStateChanges; 10 <appendix> member <vmtarget> ; # org/gradle/internal/execution/steps/ResolveChangesStep$$Lambda+0x00000279c560cf08
instanceKlass  @bci org/gradle/internal/execution/steps/ResolveChangesStep resolveExecutionStateChanges (Lorg/gradle/internal/execution/UnitOfWork;Lorg/gradle/internal/execution/steps/CachingContext;Lorg/gradle/internal/execution/history/BeforeExecutionState;)Lorg/gradle/internal/execution/history/changes/ExecutionStateChanges; 35 <appendix> member <vmtarget> ; # org/gradle/internal/execution/steps/ResolveChangesStep$$Lambda+0x00000279c560cce8
instanceKlass  @bci org/gradle/internal/execution/steps/ResolveChangesStep resolveExecutionStateChanges (Lorg/gradle/internal/execution/UnitOfWork;Lorg/gradle/internal/execution/steps/CachingContext;Lorg/gradle/internal/execution/history/BeforeExecutionState;)Lorg/gradle/internal/execution/history/changes/ExecutionStateChanges; 21 <appendix> member <vmtarget> ; # org/gradle/internal/execution/steps/ResolveChangesStep$$Lambda+0x00000279c560caa8
instanceKlass  @bci org/gradle/internal/execution/steps/ResolveChangesStep resolveExecutionStateChanges (Lorg/gradle/internal/execution/UnitOfWork;Lorg/gradle/internal/execution/steps/CachingContext;Lorg/gradle/internal/execution/history/BeforeExecutionState;)Lorg/gradle/internal/execution/history/changes/ExecutionStateChanges; 10 <appendix> argL0 ; # org/gradle/internal/execution/steps/ResolveChangesStep$$Lambda+0x00000279c560c870
instanceKlass org/gradle/internal/execution/history/changes/IncrementalInputProperties$1
instanceKlass org/gradle/internal/execution/steps/ResolveChangesStep$2
instanceKlass  @bci org/gradle/internal/execution/steps/ResolveChangesStep execute (Lorg/gradle/internal/execution/UnitOfWork;Lorg/gradle/internal/execution/steps/CachingContext;)Lorg/gradle/internal/execution/steps/Result; 7 <appendix> member <vmtarget> ; # org/gradle/internal/execution/steps/ResolveChangesStep$$Lambda+0x00000279c5607d60
instanceKlass org/gradle/internal/execution/history/changes/ExecutionStateChanges
instanceKlass org/gradle/internal/execution/caching/CachingState$Disabled
instanceKlass org/gradle/internal/execution/caching/CachingDisabledReason
instanceKlass org/gradle/internal/execution/caching/CachingState
instanceKlass  @bci org/gradle/internal/execution/steps/BeforeExecutionContext getInputFileProperties ()Lcom/google/common/collect/ImmutableSortedMap; 13 <appendix> member <vmtarget> ; # org/gradle/internal/execution/steps/BeforeExecutionContext$$Lambda+0x00000279c5606eb8
instanceKlass  @bci org/gradle/internal/execution/steps/BeforeExecutionContext getInputFileProperties ()Lcom/google/common/collect/ImmutableSortedMap; 4 <appendix> argL0 ; # org/gradle/internal/execution/steps/BeforeExecutionContext$$Lambda+0x00000279c5606c80
instanceKlass  @bci org/gradle/internal/execution/steps/BeforeExecutionContext getInputProperties ()Lcom/google/common/collect/ImmutableSortedMap; 13 <appendix> member <vmtarget> ; # org/gradle/internal/execution/steps/BeforeExecutionContext$$Lambda+0x00000279c5606a60
instanceKlass  @bci org/gradle/internal/execution/steps/BeforeExecutionContext getInputProperties ()Lcom/google/common/collect/ImmutableSortedMap; 4 <appendix> argL0 ; # org/gradle/internal/execution/steps/BeforeExecutionContext$$Lambda+0x00000279c5606828
instanceKlass  @bci java/util/stream/Collectors mapMerger (Ljava/util/function/BinaryOperator;)Ljava/util/function/BinaryOperator; 1 <appendix> member <vmtarget> ; # java/util/stream/Collectors$$Lambda+0x00000279c556bba0
instanceKlass  @bci java/util/stream/Collectors groupingBy (Ljava/util/function/Function;Ljava/util/function/Supplier;Ljava/util/stream/Collector;)Ljava/util/stream/Collector; 19 <appendix> member <vmtarget> ; # java/util/stream/Collectors$$Lambda+0x00000279c556b970
instanceKlass  @cpi org/gradle/api/plugins/internal/JvmPluginsHelper 325 form vmentry <vmtarget> ; # java/lang/invoke/LambdaForm$DMH+0x00000279c5608000
instanceKlass  @bci java/util/stream/Collectors groupingBy (Ljava/util/function/Function;Ljava/util/stream/Collector;)Ljava/util/stream/Collector; 1 <appendix> argL0 ; # java/util/stream/Collectors$$Lambda+0x00000279c556b758
instanceKlass  @bci java/util/stream/Collectors mapping (Ljava/util/function/Function;Ljava/util/stream/Collector;)Ljava/util/stream/Collector; 19 <appendix> member <vmtarget> ; # java/util/stream/Collectors$$Lambda+0x00000279c556b528
instanceKlass  @bci org/gradle/internal/execution/steps/ValidateStep execute (Lorg/gradle/internal/execution/UnitOfWork;Lorg/gradle/internal/execution/steps/BeforeExecutionContext;)Lorg/gradle/internal/execution/steps/Result; 38 <appendix> argL0 ; # org/gradle/internal/execution/steps/ValidateStep$$Lambda+0x00000279c5606400
instanceKlass org/gradle/problems/BaseProblem
instanceKlass org/gradle/problems/Problem
instanceKlass org/gradle/problems/WithDocumentationLink
instanceKlass org/gradle/problems/WithDescription
instanceKlass org/gradle/problems/WithId
instanceKlass  @bci org/gradle/internal/execution/steps/ValidateStep validateImplementations (Lorg/gradle/internal/execution/UnitOfWork;Lorg/gradle/internal/execution/history/BeforeExecutionState;Lorg/gradle/internal/execution/WorkValidationContext;)V 84 <appendix> member <vmtarget> ; # org/gradle/internal/execution/steps/ValidateStep$$Lambda+0x00000279c56051b8
instanceKlass  @bci org/gradle/internal/execution/steps/ValidateStep validateImplementations (Lorg/gradle/internal/execution/UnitOfWork;Lorg/gradle/internal/execution/history/BeforeExecutionState;Lorg/gradle/internal/execution/WorkValidationContext;)V 67 <appendix> member <vmtarget> ; # org/gradle/internal/execution/steps/ValidateStep$$Lambda+0x00000279c5604f88
instanceKlass org/gradle/internal/reflect/ProblemRecordingTypeValidationContext
instanceKlass  @bci org/gradle/internal/execution/impl/DefaultWorkValidationContext forType (Ljava/lang/Class;Z)Lorg/gradle/internal/reflect/validation/TypeValidationContext; 13 <appendix> member <vmtarget> ; # org/gradle/internal/execution/impl/DefaultWorkValidationContext$$Lambda+0x00000279c56048e0
instanceKlass org/gradle/api/internal/GeneratedSubclasses
instanceKlass org/gradle/internal/execution/steps/ValidateStep$1
instanceKlass org/gradle/internal/MutableReference
instanceKlass  @bci org/gradle/internal/execution/steps/ValidateStep execute (Lorg/gradle/internal/execution/UnitOfWork;Lorg/gradle/internal/execution/steps/BeforeExecutionContext;)Lorg/gradle/internal/execution/steps/Result; 19 <appendix> member <vmtarget> ; # org/gradle/internal/execution/steps/ValidateStep$$Lambda+0x00000279c5604070
instanceKlass org/gradle/internal/execution/steps/CaptureStateBeforeExecutionStep$Operation$Result$1
instanceKlass org/gradle/internal/execution/steps/CaptureStateBeforeExecutionStep$Operation$Result
instanceKlass  @bci org/gradle/internal/execution/steps/CaptureStateBeforeExecutionStep captureExecutionStateWithOutputs (Lorg/gradle/internal/execution/UnitOfWork;Lorg/gradle/internal/execution/steps/PreviousExecutionContext;Lcom/google/common/collect/ImmutableSortedMap;Lorg/gradle/internal/execution/history/OverlappingOutputs;)Lorg/gradle/internal/execution/history/BeforeExecutionState; 154 <appendix> member <vmtarget> ; # org/gradle/internal/execution/steps/CaptureStateBeforeExecutionStep$$Lambda+0x00000279c56037b8
instanceKlass  @bci org/gradle/internal/execution/steps/CaptureStateBeforeExecutionStep captureExecutionStateWithOutputs (Lorg/gradle/internal/execution/UnitOfWork;Lorg/gradle/internal/execution/steps/PreviousExecutionContext;Lcom/google/common/collect/ImmutableSortedMap;Lorg/gradle/internal/execution/history/OverlappingOutputs;)Lorg/gradle/internal/execution/history/BeforeExecutionState; 111 <appendix> argL0 ; # org/gradle/internal/execution/steps/CaptureStateBeforeExecutionStep$$Lambda+0x00000279c5603580
instanceKlass  @bci org/gradle/internal/execution/steps/CaptureStateBeforeExecutionStep captureExecutionStateWithOutputs (Lorg/gradle/internal/execution/UnitOfWork;Lorg/gradle/internal/execution/steps/PreviousExecutionContext;Lcom/google/common/collect/ImmutableSortedMap;Lorg/gradle/internal/execution/history/OverlappingOutputs;)Lorg/gradle/internal/execution/history/BeforeExecutionState; 90 <appendix> argL0 ; # org/gradle/internal/execution/steps/CaptureStateBeforeExecutionStep$$Lambda+0x00000279c5603348
instanceKlass org/gradle/internal/execution/steps/CaptureStateBeforeExecutionStep$ImplementationsBuilder
instanceKlass org/gradle/internal/execution/UnitOfWork$OutputFileValueSupplier
instanceKlass org/gradle/internal/execution/UnitOfWork$FileValueSupplier
instanceKlass org/gradle/internal/execution/impl/DefaultOutputSnapshotter$1
instanceKlass org/gradle/internal/execution/steps/CaptureStateBeforeExecutionStep$Operation$Details$1
instanceKlass org/gradle/internal/execution/steps/CaptureStateBeforeExecutionStep$Operation$Details
instanceKlass  @bci org/gradle/internal/execution/steps/CaptureStateBeforeExecutionStep captureExecutionState (Lorg/gradle/internal/execution/UnitOfWork;Lorg/gradle/internal/execution/steps/PreviousExecutionContext;)Lorg/gradle/internal/execution/history/BeforeExecutionState; 4 <appendix> member <vmtarget> ; # org/gradle/internal/execution/steps/CaptureStateBeforeExecutionStep$$Lambda+0x00000279c5600fa8
instanceKlass  @bci org/gradle/internal/execution/steps/CaptureStateBeforeExecutionStep execute (Lorg/gradle/internal/execution/UnitOfWork;Lorg/gradle/internal/execution/steps/PreviousExecutionContext;)Lorg/gradle/internal/execution/steps/CachingResult; 7 <appendix> member <vmtarget> ; # org/gradle/internal/execution/steps/CaptureStateBeforeExecutionStep$$Lambda+0x00000279c5600d68
instanceKlass org/gradle/internal/execution/history/impl/AbstractInputExecutionState
instanceKlass org/gradle/internal/execution/history/impl/FileSystemSnapshotSerializer$2
instanceKlass java/util/stream/ReduceOps$5ReducingSink
instanceKlass  @bci java/util/stream/IntPipeline sum ()I 2 <appendix> argL0 ; # java/util/stream/IntPipeline$$Lambda+0x00000279c556aa68
instanceKlass java/util/function/IntBinaryOperator
instanceKlass  @bci org/gradle/internal/execution/history/impl/FileSystemSnapshotSerializer toAbsolutePath (Ljava/util/Collection;Ljava/lang/String;)Ljava/lang/String; 17 <appendix> argL0 ; # org/gradle/internal/execution/history/impl/FileSystemSnapshotSerializer$$Lambda+0x00000279c56001f0
instanceKlass org/gradle/internal/execution/history/impl/FileSystemSnapshotSerializer$SnapshotStack
instanceKlass org/gradle/internal/snapshot/impl/ImplementationSnapshot
instanceKlass org/gradle/caching/internal/origin/OriginMetadata
instanceKlass  @bci org/gradle/internal/execution/steps/LoadPreviousExecutionStateStep execute (Lorg/gradle/internal/execution/UnitOfWork;Lorg/gradle/internal/execution/steps/WorkspaceContext;)Lorg/gradle/internal/execution/steps/Result; 10 <appendix> member <vmtarget> ; # org/gradle/internal/execution/steps/LoadPreviousExecutionStateStep$$Lambda+0x00000279c55fdda0
instanceKlass  @bci org/gradle/internal/execution/workspace/impl/DefaultImmutableWorkspaceProvider withWorkspace (Ljava/lang/String;Lorg/gradle/internal/execution/workspace/WorkspaceProvider$WorkspaceAction;)Ljava/lang/Object; 7 <appendix> member <vmtarget> ; # org/gradle/internal/execution/workspace/impl/DefaultImmutableWorkspaceProvider$$Lambda+0x00000279c55fdb80
instanceKlass  @bci org/gradle/internal/execution/steps/AssignWorkspaceStep execute (Lorg/gradle/internal/execution/UnitOfWork;Lorg/gradle/internal/execution/steps/IdentityContext;)Lorg/gradle/internal/execution/steps/Result; 18 <appendix> member <vmtarget> ; # org/gradle/internal/execution/steps/AssignWorkspaceStep$$Lambda+0x00000279c55fd960
instanceKlass org/gradle/internal/execution/workspace/WorkspaceProvider$WorkspaceAction
instanceKlass org/gradle/internal/execution/steps/IdentifyStep$1
instanceKlass org/gradle/internal/execution/steps/IdentifyStep$Operation$Result
instanceKlass org/gradle/kotlin/dsl/provider/CompileKotlinScript$identify$1
instanceKlass org/gradle/internal/execution/UnitOfWork$Identity
instanceKlass com/google/common/collect/ImmutableSortedMap$1
instanceKlass org/gradle/internal/execution/impl/DefaultInputFingerprinter$InputFingerprints
instanceKlass org/gradle/internal/fingerprint/impl/IgnoredPathFileSystemLocationFingerprint$1
instanceKlass org/gradle/internal/fingerprint/impl/IgnoredPathFileSystemLocationFingerprint
instanceKlass  @bci org/gradle/api/internal/changedetection/state/DefaultResourceSnapshotterCacheService hashFile (Lorg/gradle/internal/fingerprint/hashing/RegularFileSnapshotContext;Lorg/gradle/internal/fingerprint/hashing/RegularFileSnapshotContextHasher;Lorg/gradle/internal/hash/HashCode;)Lorg/gradle/internal/hash/HashCode; 9 <appendix> member <vmtarget> ; # org/gradle/api/internal/changedetection/state/DefaultResourceSnapshotterCacheService$$Lambda+0x00000279c55fb5f8
instanceKlass org/gradle/internal/io/IoSupplier
instanceKlass  @bci org/gradle/internal/fingerprint/classpath/impl/ClasspathFingerprintingStrategy$ClasspathFingerprintingVisitor hashContent (Lorg/gradle/internal/snapshot/RegularFileSnapshot;Lorg/gradle/internal/RelativePathSupplier;)Lorg/gradle/internal/hash/HashCode; 5 <appendix> member <vmtarget> ; # org/gradle/internal/fingerprint/classpath/impl/ClasspathFingerprintingStrategy$ClasspathFingerprintingVisitor$$Lambda+0x00000279c55fb1e0
instanceKlass org/gradle/api/internal/changedetection/state/DefaultRegularFileSnapshotContext
instanceKlass org/gradle/internal/fingerprint/classpath/impl/ClasspathFingerprintingStrategy$ClasspathFingerprintingVisitor$1
instanceKlass org/gradle/internal/fingerprint/hashing/RegularFileSnapshotContext
instanceKlass org/gradle/internal/snapshot/FileSystemLocationSnapshot$FileSystemLocationSnapshotVisitor
instanceKlass org/gradle/internal/fingerprint/classpath/impl/ClasspathFingerprintingStrategy$ClasspathFingerprintingVisitor
instanceKlass  @bci org/gradle/internal/snapshot/SnapshotUtil getRootHashes (Lorg/gradle/internal/snapshot/FileSystemSnapshot;)Lcom/google/common/collect/ImmutableMultimap; 17 <appendix> member <vmtarget> ; # org/gradle/internal/snapshot/SnapshotUtil$$Lambda+0x00000279c55fa2f8
instanceKlass org/gradle/internal/snapshot/FileSystemSnapshot$1
instanceKlass org/gradle/internal/fingerprint/impl/DefaultCurrentFileCollectionFingerprint
instanceKlass org/gradle/internal/fingerprint/impl/DefaultFileCollectionSnapshotter$1
instanceKlass org/gradle/internal/snapshot/CompositeFileSystemSnapshot
instanceKlass org/gradle/internal/snapshot/MetadataSnapshot$1
instanceKlass org/gradle/internal/fingerprint/impl/DefaultFileCollectionSnapshotter$SnapshottingVisitor
instanceKlass org/gradle/kotlin/dsl/provider/CompileKotlinScript$visitClassPathProperty$1
instanceKlass org/gradle/kotlin/dsl/provider/CompileKotlinScript$visitIdentityInputs$5
instanceKlass org/gradle/kotlin/dsl/provider/CompileKotlinScript$visitIdentityInputs$4
instanceKlass org/gradle/kotlin/dsl/provider/CompileKotlinScript$visitIdentityInputs$3
instanceKlass org/gradle/kotlin/dsl/provider/CompileKotlinScript$visitIdentityInputs$2
instanceKlass org/gradle/kotlin/dsl/provider/CompileKotlinScript$visitIdentityInputs$1
instanceKlass org/gradle/internal/execution/UnitOfWork$ValueSupplier
instanceKlass org/gradle/internal/execution/InputFingerprinter$Result
instanceKlass org/gradle/internal/execution/impl/DefaultInputFingerprinter$InputCollectingVisitor
instanceKlass  @bci org/gradle/internal/execution/steps/IdentifyStep createIdentityContextInternal (Lorg/gradle/internal/execution/UnitOfWork;Lorg/gradle/internal/execution/steps/ExecutionRequestContext;)Lorg/gradle/internal/execution/steps/IdentityContext; 24 <appendix> member <vmtarget> ; # org/gradle/internal/execution/steps/IdentifyStep$$Lambda+0x00000279c55f63d0
instanceKlass org/gradle/internal/execution/steps/BuildOperationStep$1
instanceKlass org/gradle/internal/execution/steps/IdentifyStep$2
instanceKlass org/gradle/internal/execution/steps/IdentifyStep$Operation$Details
instanceKlass  @bci org/gradle/internal/execution/steps/IdentifyStep createIdentityContext (Lorg/gradle/internal/execution/UnitOfWork;Lorg/gradle/internal/execution/steps/ExecutionRequestContext;)Lorg/gradle/internal/execution/steps/IdentityContext; 9 <appendix> member <vmtarget> ; # org/gradle/internal/execution/steps/IdentifyStep$$Lambda+0x00000279c55f4ff0
instanceKlass  @bci org/gradle/internal/execution/WorkValidationContext$TypeOriginInspector <clinit> ()V 0 <appendix> argL0 ; # org/gradle/internal/execution/WorkValidationContext$TypeOriginInspector$$Lambda+0x00000279c55f4dd8
instanceKlass org/gradle/internal/execution/impl/DefaultWorkValidationContext
instanceKlass org/gradle/internal/execution/impl/DefaultExecutionEngine$1
instanceKlass kotlin/collections/ArraysUtilJVM
instanceKlass kotlin/collections/ArraysKt__ArraysJVMKt
instanceKlass org/gradle/kotlin/dsl/provider/CompileKotlinScript$Companion
instanceKlass org/gradle/kotlin/dsl/provider/CompileKotlinScript
instanceKlass kotlin/collections/CollectionsKt__CollectionsJVMKt
instanceKlass org/gradle/kotlin/dsl/support/ProjectExtensionsKt
instanceKlass org/gradle/kotlin/dsl/provider/BuildServicesKt$sam$org_gradle_api_Action$0
instanceKlass org/gradle/cache/internal/DefaultGeneratedGradleJarCache$1
instanceKlass  @bci org/gradle/api/internal/runtimeshaded/RuntimeShadedJarFactory get (Lorg/gradle/api/internal/runtimeshaded/RuntimeShadedJarType;Ljava/util/Collection;)Ljava/io/File; 11 <appendix> member <vmtarget> ; # org/gradle/api/internal/runtimeshaded/RuntimeShadedJarFactory$$Lambda+0x00000279c55d5e98
instanceKlass org/gradle/api/specs/NotSpec
instanceKlass  @bci org/gradle/api/internal/DependencyClassPathProvider initGradleApi ()Lorg/gradle/internal/classpath/ClassPath; 108 <appendix> argL0 ; # org/gradle/api/internal/DependencyClassPathProvider$$Lambda+0x00000279c55f0e58
instanceKlass  @bci org/gradle/api/internal/artifacts/dependencies/DefaultSelfResolvingDependency_Decorated $gradleInit ()V 1 <appendix> member <vmtarget> ; # org/gradle/api/internal/artifacts/dependencies/DefaultSelfResolvingDependency_Decorated$$Lambda+0x00000279c55f0c38
instanceKlass org/gradle/api/internal/artifacts/DependencyResolveContext
instanceKlass org/gradle/internal/component/local/model/OpaqueComponentIdentifier
instanceKlass org/gradle/api/artifacts/FileCollectionDependency
instanceKlass org/gradle/api/internal/artifacts/dependencies/SelfResolvingDependencyInternal
instanceKlass org/gradle/api/internal/file/FileCollectionInternal$1
instanceKlass org/gradle/api/internal/notations/DependencyClassPathNotationConverter$GeneratedFileCollection
instanceKlass org/gradle/kotlin/dsl/provider/KotlinScriptClassPathProvider$compilationClassPathOf$1
instanceKlass org/gradle/kotlin/dsl/execution/Interpreter$WhenMappings
instanceKlass kotlin/UnsafeLazyImpl
instanceKlass kotlin/LazyKt__LazyJVMKt$WhenMappings
instanceKlass kotlin/collections/AbstractList$Companion
instanceKlass kotlin/collections/AbstractCollection
instanceKlass kotlin/enums/EnumEntries
instanceKlass kotlin/enums/EnumEntriesKt
instanceKlass org/gradle/kotlin/dsl/support/UnsafeLazyKt
instanceKlass org/gradle/kotlin/dsl/support/GradleExtensionsKt
instanceKlass org/gradle/kotlin/dsl/support/SettingsExtensionsKt
instanceKlass org/gradle/kotlin/dsl/execution/Interpreter$Host$WhenMappings
instanceKlass org/gradle/kotlin/dsl/execution/Interpreter$Host$DefaultImpls
instanceKlass org/gradle/kotlin/dsl/support/KotlinScriptHost
instanceKlass org/gradle/kotlin/dsl/execution/ProgramId
instanceKlass kotlin/text/CharsKt__CharJVMKt
instanceKlass org/gradle/kotlin/dsl/assignment/internal/KotlinDslAssignment
instanceKlass org/gradle/kotlin/dsl/execution/InterpreterKt
instanceKlass org/gradle/kotlin/dsl/execution/Interpreter$ProgramHost
instanceKlass org/gradle/kotlin/dsl/execution/ExecutableProgram$Host
instanceKlass org/gradle/kotlin/dsl/provider/StandardKotlinScriptEvaluator$InterpreterHost
instanceKlass org/gradle/kotlin/dsl/execution/Interpreter$Host
instanceKlass org/gradle/kotlin/dsl/execution/Interpreter
instanceKlass org/gradle/kotlin/dsl/execution/EvalOptionKt
instanceKlass org/gradle/kotlin/dsl/provider/KotlinDslProviderModeKt
instanceKlass org/gradle/kotlin/dsl/provider/KotlinScriptPluginKt
instanceKlass kotlin/jvm/functions/Function1
instanceKlass org/gradle/kotlin/dsl/provider/KotlinScriptPlugin
instanceKlass org/gradle/kotlin/dsl/provider/StandardKotlinScriptEvaluator
# instanceKlass java/lang/invoke/LambdaForm$MH+0x00000279c55e8800
# instanceKlass java/lang/invoke/LambdaForm$MH+0x00000279c55e8400
# instanceKlass java/lang/invoke/LambdaForm$MH+0x00000279c55e8000
# instanceKlass java/lang/invoke/LambdaForm$MH+0x00000279c55e7c00
# instanceKlass java/lang/invoke/LambdaForm$MH+0x00000279c55e7800
# instanceKlass java/lang/invoke/LambdaForm$MH+0x00000279c55e7400
# instanceKlass java/lang/invoke/LambdaForm$MH+0x00000279c55e7000
# instanceKlass java/lang/invoke/LambdaForm$MH+0x00000279c55e6c00
# instanceKlass java/lang/invoke/LambdaForm$MH+0x00000279c55e6800
# instanceKlass java/lang/invoke/LambdaForm$MH+0x00000279c55e6400
# instanceKlass java/lang/invoke/LambdaForm$MH+0x00000279c55e6000
# instanceKlass java/lang/invoke/LambdaForm$MH+0x00000279c55e5c00
# instanceKlass java/lang/invoke/LambdaForm$MH+0x00000279c55e5800
# instanceKlass java/lang/invoke/LambdaForm$MH+0x00000279c55e5400
# instanceKlass java/lang/invoke/LambdaForm$MH+0x00000279c55e5000
# instanceKlass java/lang/invoke/LambdaForm$MH+0x00000279c55e4c00
# instanceKlass java/lang/invoke/LambdaForm$MH+0x00000279c55e4800
# instanceKlass java/lang/invoke/LambdaForm$MH+0x00000279c55e4400
# instanceKlass java/lang/invoke/LambdaForm$MH+0x00000279c55e4000
# instanceKlass java/lang/invoke/LambdaForm$MH+0x00000279c55e3c00
# instanceKlass java/lang/invoke/LambdaForm$MH+0x00000279c55e3800
# instanceKlass java/lang/invoke/LambdaForm$MH+0x00000279c55e3400
# instanceKlass java/lang/invoke/LambdaForm$MH+0x00000279c55e3000
# instanceKlass java/lang/invoke/LambdaForm$MH+0x00000279c55e2c00
# instanceKlass java/lang/invoke/LambdaForm$BMH+0x00000279c55e2800
# instanceKlass java/lang/invoke/LambdaForm$DMH+0x00000279c55e2400
instanceKlass org/gradle/kotlin/dsl/cache/KotlinDslWorkspaceProvider$subWorkspace$1
instanceKlass  @bci org/gradle/internal/execution/workspace/impl/DefaultImmutableWorkspaceProvider lambda$withBuiltInHistory$1 (Lorg/gradle/cache/internal/InMemoryCacheDecoratorFactory;Lorg/gradle/api/internal/cache/StringInterner;Lorg/gradle/internal/hash/ClassLoaderHierarchyHasher;Lorg/gradle/cache/PersistentCache;)Lorg/gradle/internal/execution/history/ExecutionHistoryStore; 5 <appendix> member <vmtarget> ; # org/gradle/internal/execution/workspace/impl/DefaultImmutableWorkspaceProvider$$Lambda+0x00000279c55ded20
instanceKlass  @bci org/gradle/internal/execution/workspace/impl/DefaultImmutableWorkspaceProvider withBuiltInHistory (Lorg/gradle/cache/CacheBuilder;Lorg/gradle/internal/file/FileAccessTimeJournal;Lorg/gradle/cache/internal/InMemoryCacheDecoratorFactory;Lorg/gradle/api/internal/cache/StringInterner;Lorg/gradle/internal/hash/ClassLoaderHierarchyHasher;ILorg/gradle/api/internal/cache/CacheConfigurationsInternal;)Lorg/gradle/internal/execution/workspace/impl/DefaultImmutableWorkspaceProvider; 10 <appendix> member <vmtarget> ; # org/gradle/internal/execution/workspace/impl/DefaultImmutableWorkspaceProvider$$Lambda+0x00000279c55deae0
# instanceKlass java/lang/invoke/LambdaForm$MH+0x00000279c55e2000
# instanceKlass java/lang/invoke/LambdaForm$MH+0x00000279c55e1c00
# instanceKlass java/lang/invoke/LambdaForm$MH+0x00000279c55e1800
# instanceKlass java/lang/invoke/LambdaForm$MH+0x00000279c55e1400
# instanceKlass java/lang/invoke/LambdaForm$MH+0x00000279c55e1000
# instanceKlass java/lang/invoke/LambdaForm$MH+0x00000279c55e0c00
# instanceKlass java/lang/invoke/LambdaForm$MH+0x00000279c55e0800
# instanceKlass java/lang/invoke/LambdaForm$MH+0x00000279c55e0400
instanceKlass org/gradle/kotlin/dsl/normalization/CompileAvoidanceExceptionReporter
instanceKlass org/gradle/kotlin/dsl/normalization/KotlinApiClassExtractor$1
instanceKlass kotlin/collections/EmptySet
instanceKlass kotlin/jvm/internal/markers/KMappedMarker
# instanceKlass java/lang/invoke/LambdaForm$MH+0x00000279c55e0000
# instanceKlass java/lang/invoke/LambdaForm$MH+0x00000279c55dbc00
# instanceKlass java/lang/invoke/LambdaForm$MH+0x00000279c55db800
# instanceKlass java/lang/invoke/LambdaForm$MH+0x00000279c55db400
# instanceKlass java/lang/invoke/LambdaForm$MH+0x00000279c55db000
instanceKlass org/gradle/groovy/scripts/internal/DefaultScriptSourceHasher
# instanceKlass java/lang/invoke/LambdaForm$MH+0x00000279c55dac00
# instanceKlass java/lang/invoke/LambdaForm$MH+0x00000279c55da800
# instanceKlass java/lang/invoke/LambdaForm$MH+0x00000279c55da400
# instanceKlass java/lang/invoke/LambdaForm$MH+0x00000279c55da000
# instanceKlass java/lang/invoke/LambdaForm$MH+0x00000279c55d9c00
# instanceKlass java/lang/invoke/LambdaForm$MH+0x00000279c55d9800
instanceKlass org/gradle/kotlin/dsl/provider/ClassLoaderClassPathCache
instanceKlass kotlin/UNINITIALIZED_VALUE
instanceKlass kotlin/SynchronizedLazyImpl
instanceKlass kotlin/Lazy
instanceKlass kotlin/LazyKt__LazyJVMKt
instanceKlass org/gradle/kotlin/dsl/provider/StandardJarGenerationProgressMonitorProvider
instanceKlass org/gradle/kotlin/dsl/provider/JarGenerationProgressMonitorProvider
instanceKlass kotlin/jvm/internal/Lambda
instanceKlass kotlin/jvm/internal/FunctionBase
instanceKlass org/gradle/kotlin/dsl/provider/KotlinScriptClassPathProviderKt
# instanceKlass java/lang/invoke/LambdaForm$MH+0x00000279c55d9400
# instanceKlass java/lang/invoke/LambdaForm$MH+0x00000279c55d9000
# instanceKlass java/lang/invoke/LambdaForm$MH+0x00000279c55d8c00
# instanceKlass java/lang/invoke/LambdaForm$MH+0x00000279c55d8800
# instanceKlass java/lang/invoke/LambdaForm$MH+0x00000279c55d8400
# instanceKlass java/lang/invoke/LambdaForm$MH+0x00000279c55d8000
# instanceKlass java/lang/invoke/LambdaForm$MH+0x00000279c55d1c00
# instanceKlass java/lang/invoke/LambdaForm$MH+0x00000279c55d1800
# instanceKlass java/lang/invoke/LambdaForm$MH+0x00000279c55d1400
# instanceKlass java/lang/invoke/LambdaForm$MH+0x00000279c55d1000
instanceKlass org/gradle/api/artifacts/ClientModule
instanceKlass org/gradle/api/internal/notations/ClientModuleNotationParserFactory
instanceKlass org/gradle/api/internal/notations/DependencyConstraintProjectNotationConverter
instanceKlass org/gradle/api/internal/artifacts/dependencies/DefaultDependencyConstraint
instanceKlass org/gradle/api/internal/artifacts/dependencies/DependencyConstraintInternal
instanceKlass org/gradle/api/artifacts/ModuleDependencyCapabilitiesHandler
instanceKlass org/gradle/api/internal/notations/DependencyConstraintNotationParser$MinimalExternalDependencyNotationConverter
instanceKlass org/gradle/api/artifacts/DependencyConstraint
instanceKlass org/gradle/api/internal/notations/DependencyConstraintNotationParser
instanceKlass org/gradle/internal/typeconversion/TypeFilteringNotationConverter
instanceKlass org/gradle/api/internal/file/collections/MinimalFileSet
instanceKlass org/gradle/api/internal/notations/DependencyClassPathNotationConverter
instanceKlass org/gradle/api/internal/notations/DependencyProjectNotationConverter
instanceKlass org/gradle/api/internal/notations/DependencyFilesNotationConverter
instanceKlass org/gradle/api/internal/artifacts/dependencies/MinimalExternalModuleDependencyInternal
instanceKlass org/gradle/api/artifacts/MinimalExternalModuleDependency
instanceKlass org/gradle/api/internal/notations/DependencyNotationParser$MinimalExternalDependencyNotationConverter
instanceKlass org/gradle/api/internal/artifacts/dependencies/AbstractDependency
instanceKlass org/gradle/api/internal/artifacts/ResolvableDependency
instanceKlass org/gradle/api/internal/notations/DependencyNotationParser
instanceKlass org/gradle/api/internal/artifacts/DefaultDependencyFactory
instanceKlass org/gradle/api/internal/notations/ProjectDependencyFactory
# instanceKlass java/lang/invoke/LambdaForm$MH+0x00000279c55d0c00
# instanceKlass java/lang/invoke/LambdaForm$MH+0x00000279c55d0800
# instanceKlass java/lang/invoke/LambdaForm$MH+0x00000279c55d0400
# instanceKlass java/lang/invoke/LambdaForm$MH+0x00000279c55d0000
# instanceKlass java/lang/invoke/LambdaForm$MH+0x00000279c55cfc00
# instanceKlass java/lang/invoke/LambdaForm$MH+0x00000279c55cf800
# instanceKlass java/lang/invoke/LambdaForm$MH+0x00000279c55cf400
# instanceKlass java/lang/invoke/LambdaForm$MH+0x00000279c55cf000
# instanceKlass java/lang/invoke/LambdaForm$MH+0x00000279c55cec00
# instanceKlass java/lang/invoke/LambdaForm$MH+0x00000279c55ce800
# instanceKlass java/lang/invoke/LambdaForm$MH+0x00000279c55ce400
# instanceKlass java/lang/invoke/LambdaForm$MH+0x00000279c55ce000
# instanceKlass java/lang/invoke/LambdaForm$MH+0x00000279c55cdc00
# instanceKlass java/lang/invoke/LambdaForm$MH+0x00000279c55cd800
# instanceKlass java/lang/invoke/LambdaForm$MH+0x00000279c55cd400
# instanceKlass java/lang/invoke/LambdaForm$MH+0x00000279c55cd000
# instanceKlass java/lang/invoke/LambdaForm$MH+0x00000279c55ccc00
# instanceKlass java/lang/invoke/LambdaForm$MH+0x00000279c55cc800
# instanceKlass java/lang/invoke/LambdaForm$MH+0x00000279c55cc400
# instanceKlass java/lang/invoke/LambdaForm$MH+0x00000279c55cc000
instanceKlass org/gradle/api/internal/DependencyClassPathProvider
instanceKlass org/gradle/kotlin/dsl/provider/KotlinScriptPluginFactory
instanceKlass org/gradle/api/internal/DefaultCollectionCallbackActionDecorator$BuildOperationEmittingAction
instanceKlass  @bci org/gradle/internal/build/DefaultBuildLifecycleController loadSettings ()V 16 <appendix> member <vmtarget> ; # org/gradle/internal/build/DefaultBuildLifecycleController$$Lambda+0x00000279c55c6130
instanceKlass  @bci org/gradle/internal/vfs/impl/DefaultSnapshotHierarchy rootSnapshotsUnder (Ljava/lang/String;)Ljava/util/stream/Stream; 13 <appendix> argL0 ; # org/gradle/internal/vfs/impl/DefaultSnapshotHierarchy$$Lambda+0x00000279c55c5f18
instanceKlass  @bci org/gradle/internal/vfs/impl/DefaultSnapshotHierarchy rootSnapshotsUnder (Ljava/lang/String;)Ljava/util/stream/Stream; 5 <appendix> argL0 ; # org/gradle/internal/vfs/impl/DefaultSnapshotHierarchy$$Lambda+0x00000279c55c5ce0
instanceKlass  @bci org/gradle/internal/watch/vfs/impl/WatchingVirtualFileSystem lambda$registerWatchableHierarchy$4 (Ljava/io/File;Lorg/gradle/internal/snapshot/SnapshotHierarchy;)Lorg/gradle/internal/snapshot/SnapshotHierarchy; 25 <appendix> member <vmtarget> ; # org/gradle/internal/watch/vfs/impl/WatchingVirtualFileSystem$$Lambda+0x00000279c55c5ac0
instanceKlass  @bci org/gradle/composite/internal/DefaultIncludedBuild$IncludedBuildImpl_Decorated $gradleInit ()V 1 <appendix> member <vmtarget> ; # org/gradle/composite/internal/DefaultIncludedBuild$IncludedBuildImpl_Decorated$$Lambda+0x00000279c55c8f28
instanceKlass org/gradle/composite/internal/DefaultIncludedBuild$IncludedBuildImpl
instanceKlass  @bci org/gradle/composite/internal/DefaultIncludedBuildRegistry assignPath (Lorg/gradle/internal/build/BuildState;Ljava/lang/String;Ljava/io/File;)Lorg/gradle/util/Path; 50 <appendix> member <vmtarget> ; # org/gradle/composite/internal/DefaultIncludedBuildRegistry$$Lambda+0x00000279c55c8240
instanceKlass  @bci org/gradle/composite/internal/DefaultIncludedBuildRegistry assignPath (Lorg/gradle/internal/build/BuildState;Ljava/lang/String;Ljava/io/File;)Lorg/gradle/util/Path; 40 <appendix> member <vmtarget> ; # org/gradle/composite/internal/DefaultIncludedBuildRegistry$$Lambda+0x00000279c55c8000
instanceKlass java/util/stream/ReduceOps$2ReducingSink
instanceKlass  @bci org/gradle/composite/internal/DefaultIncludedBuildRegistry assignPath (Lorg/gradle/internal/build/BuildState;Ljava/lang/String;Ljava/io/File;)Lorg/gradle/util/Path; 25 <appendix> argL0 ; # org/gradle/composite/internal/DefaultIncludedBuildRegistry$$Lambda+0x00000279c55c3db0
instanceKlass  @bci org/gradle/composite/internal/DefaultIncludedBuildRegistry assignPath (Lorg/gradle/internal/build/BuildState;Ljava/lang/String;Ljava/io/File;)Lorg/gradle/util/Path; 15 <appendix> member <vmtarget> ; # org/gradle/composite/internal/DefaultIncludedBuildRegistry$$Lambda+0x00000279c55c3b60
instanceKlass  @bci org/gradle/internal/composite/DefaultBuildIncluder getRegisteredPluginBuilds ()Ljava/util/Collection; 10 <appendix> member <vmtarget> ; # org/gradle/internal/composite/DefaultBuildIncluder$$Lambda+0x00000279c55c5880
instanceKlass  @bci org/gradle/composite/internal/plugins/CompositeBuildPluginResolverContributor$CompositeBuildPluginResolver resolve (Lorg/gradle/plugin/management/internal/PluginRequestInternal;Lorg/gradle/plugin/use/resolve/internal/PluginResolutionResult;)V 11 <appendix> member <vmtarget> ; # org/gradle/composite/internal/plugins/CompositeBuildPluginResolverContributor$CompositeBuildPluginResolver$$Lambda+0x00000279c55c3920
instanceKlass org/gradle/plugin/use/internal/DefaultPluginRequestApplicator$NotFound
instanceKlass org/gradle/api/internal/plugins/DefaultPluginRegistry$PluginIdLookupCacheKey
instanceKlass org/gradle/api/internal/artifacts/dsl/ModuleVersionSelectorParsers$StringConverter
instanceKlass org/gradle/api/internal/artifacts/dsl/ModuleVersionSelectorParsers
instanceKlass org/gradle/plugin/management/internal/DefaultPluginResolveDetails
instanceKlass org/gradle/plugin/management/PluginResolveDetails
instanceKlass  @bci org/gradle/plugin/use/internal/DefaultPluginRequestApplicator resolvePluginRequests (Lorg/gradle/plugin/management/internal/PluginRequests;Lorg/gradle/plugin/use/resolve/internal/PluginResolver;)Ljava/util/List; 3 <appendix> member <vmtarget> ; # org/gradle/plugin/use/internal/DefaultPluginRequestApplicator$$Lambda+0x00000279c55b7768
instanceKlass org/gradle/plugin/use/internal/DefaultPluginRequestApplicator$Result
instanceKlass org/gradle/plugin/use/resolve/internal/AlreadyOnClasspathPluginResolver
instanceKlass org/gradle/plugin/use/resolve/internal/ArtifactRepositoriesPluginResolver
instanceKlass  @bci org/gradle/plugin/use/internal/PluginResolverFactory addDefaultResolvers (Lorg/gradle/plugin/use/resolve/internal/PluginArtifactRepositories;Ljava/util/List;)V 55 <appendix> member <vmtarget> ; # org/gradle/plugin/use/internal/PluginResolverFactory$$Lambda+0x00000279c55b6e90
instanceKlass org/gradle/plugin/use/resolve/internal/CorePluginResolver
instanceKlass org/gradle/plugin/use/resolve/internal/PluginResolution
instanceKlass org/gradle/plugin/use/resolve/internal/NoopPluginResolver
instanceKlass org/gradle/plugin/use/resolve/internal/CompositePluginResolver
instanceKlass org/gradle/api/internal/plugins/ClassloaderBackedPluginDescriptorLocator
instanceKlass  @bci org/gradle/api/internal/artifacts/repositories/DefaultMavenArtifactRepository createRepositoryDescriptor ()Lorg/gradle/api/internal/artifacts/repositories/RepositoryContentDescriptorInternal; 5 <appendix> member <vmtarget> ; # org/gradle/api/internal/artifacts/repositories/DefaultMavenArtifactRepository$$Lambda+0x00000279c55b6400
instanceKlass org/gradle/api/internal/artifacts/repositories/DefaultRepositoryContentDescriptor
instanceKlass org/gradle/api/artifacts/repositories/MavenRepositoryContentDescriptor
instanceKlass org/gradle/plugin/use/internal/PluginArtifactRepository
instanceKlass org/gradle/api/internal/DefaultDomainObjectCollection$IteratorImpl
instanceKlass org/gradle/plugin/use/internal/DefaultPluginArtifactRepositories
# instanceKlass java/lang/invoke/LambdaForm$MH+0x00000279c55c2c00
# instanceKlass java/lang/invoke/LambdaForm$MH+0x00000279c55c2800
# instanceKlass java/lang/invoke/LambdaForm$MH+0x00000279c55c2400
# instanceKlass java/lang/invoke/LambdaForm$MH+0x00000279c55c2000
# instanceKlass java/lang/invoke/LambdaForm$MH+0x00000279c55c1c00
# instanceKlass java/lang/invoke/LambdaForm$MH+0x00000279c55c1800
# instanceKlass java/lang/invoke/LambdaForm$MH+0x00000279c55c1400
# instanceKlass java/lang/invoke/LambdaForm$MH+0x00000279c55c1000
instanceKlass  @bci org/gradle/plugin/management/internal/autoapply/CompositeAutoAppliedPluginRegistry getAutoAppliedPlugins (Lorg/gradle/api/initialization/Settings;)Lorg/gradle/plugin/management/internal/PluginRequests; 23 <appendix> argL0 ; # org/gradle/plugin/management/internal/autoapply/CompositeAutoAppliedPluginRegistry$$Lambda+0x00000279c55b54d0
instanceKlass  @bci org/gradle/plugin/management/internal/autoapply/CompositeAutoAppliedPluginRegistry getAutoAppliedPlugins (Lorg/gradle/api/initialization/Settings;)Lorg/gradle/plugin/management/internal/PluginRequests; 10 <appendix> member <vmtarget> ; # org/gradle/plugin/management/internal/autoapply/CompositeAutoAppliedPluginRegistry$$Lambda+0x00000279c55b5290
instanceKlass org/gradle/plugin/management/internal/MultiPluginRequests
instanceKlass  @bci org/gradle/plugin/use/internal/PluginRequestCollector listPluginRequests ()Ljava/util/List; 15 <appendix> argL0 ; # org/gradle/plugin/use/internal/PluginRequestCollector$$Lambda+0x00000279c55c46e8
instanceKlass org/gradle/plugin/management/internal/DefaultPluginRequest
instanceKlass  @bci org/gradle/plugin/use/internal/PluginRequestCollector listPluginRequests ()Ljava/util/List; 5 <appendix> member <vmtarget> ; # org/gradle/plugin/use/internal/PluginRequestCollector$$Lambda+0x00000279c55bfc58
instanceKlass org/gradle/plugin/use/internal/PluginRequestCollector$1
instanceKlass java/util/DualPivotQuicksort
instanceKlass org/gradle/plugin/use/internal/DefaultPluginId
instanceKlass com/google/common/base/Strings
instanceKlass org/gradle/plugin/use/internal/PluginRequestCollector$PluginDependencySpecImpl
# instanceKlass java/lang/invoke/LambdaForm$MH+0x00000279c55bf400
# instanceKlass java/lang/invoke/LambdaForm$MH+0x00000279c55bf000
# instanceKlass java/lang/invoke/LambdaForm$MH+0x00000279c55bec00
# instanceKlass java/lang/invoke/LambdaForm$MH+0x00000279c55be800
# instanceKlass java/lang/invoke/LambdaForm$DMH+0x00000279c55be400
# instanceKlass java/lang/invoke/LambdaForm$DMH+0x00000279c55be000
instanceKlass sun/invoke/util/ValueConversions$1
# instanceKlass java/lang/invoke/LambdaForm$DMH+0x00000279c55bd400
instanceKlass org/gradle/plugin/use/PluginDependency
instanceKlass org/gradle/plugin/use/internal/PluginRequestCollector$PluginDependenciesSpecImpl
instanceKlass  @bci org/gradle/api/internal/artifacts/repositories/DefaultBaseRepositoryFactory createGradlePluginPortal ()Lorg/gradle/api/artifacts/repositories/ArtifactRepository; 29 <appendix> argL0 ; # org/gradle/api/internal/artifacts/repositories/DefaultBaseRepositoryFactory$$Lambda+0x00000279c55b5078
instanceKlass org/gradle/api/internal/DefaultNamedDomainObjectCollection$ObjectBackedElementInfo
instanceKlass org/gradle/api/internal/provider/Collectors$SingleElement
instanceKlass org/gradle/api/internal/provider/Collectors$TypedCollector
instanceKlass org/gradle/api/internal/provider/Collectors$ProvidedCollector
instanceKlass  @bci org/gradle/api/internal/artifacts/repositories/DefaultMavenArtifactRepository_Decorated $gradleInit ()V 1 <appendix> member <vmtarget> ; # org/gradle/api/internal/artifacts/repositories/DefaultMavenArtifactRepository_Decorated$$Lambda+0x00000279c55b4e58
instanceKlass  @bci org/gradle/api/internal/artifacts/repositories/DefaultMavenArtifactRepository <init> (Lorg/gradle/api/Transformer;Lorg/gradle/api/internal/file/FileResolver;Lorg/gradle/api/internal/artifacts/repositories/transport/RepositoryTransportFactory;Lorg/gradle/internal/resource/local/LocallyAvailableResourceFinder;Lorg/gradle/internal/instantiation/InstantiatorFactory;Lorg/gradle/internal/resource/local/FileStore;Lorg/gradle/api/internal/artifacts/ivyservice/ivyresolve/parser/MetaDataParser;Lorg/gradle/api/internal/artifacts/ivyservice/ivyresolve/parser/GradleModuleMetadataParser;Lorg/gradle/api/artifacts/repositories/AuthenticationContainer;Lorg/gradle/internal/resource/local/FileStore;Lorg/gradle/internal/resource/local/FileResourceRepository;Lorg/gradle/api/internal/artifacts/repositories/metadata/MavenMutableModuleMetadataFactory;Lorg/gradle/internal/isolation/IsolatableFactory;Lorg/gradle/api/model/ObjectFactory;Lorg/gradle/api/internal/artifacts/repositories/DefaultUrlArtifactRepository$Factory;Lorg/gra ; # org/gradle/api/internal/artifacts/repositories/DefaultMavenArtifactRepository$$Lambda+0x00000279c55b49c0
instanceKlass  @bci org/gradle/api/internal/artifacts/repositories/AbstractArtifactRepository <init> (Lorg/gradle/api/model/ObjectFactory;Lorg/gradle/api/internal/artifacts/ivyservice/ivyresolve/strategy/VersionParser;)V 19 <appendix> member <vmtarget> ; # org/gradle/api/internal/artifacts/repositories/AbstractArtifactRepository$$Lambda+0x00000279c55b47a0
instanceKlass com/google/common/base/Suppliers$MemoizingSupplier
instanceKlass com/google/common/base/Suppliers$NonSerializableMemoizingSupplier
instanceKlass  @bci org/gradle/api/internal/artifacts/repositories/AbstractArtifactRepository <init> (Lorg/gradle/api/model/ObjectFactory;Lorg/gradle/api/internal/artifacts/ivyservice/ivyresolve/strategy/VersionParser;)V 6 <appendix> member <vmtarget> ; # org/gradle/api/internal/artifacts/repositories/AbstractArtifactRepository$$Lambda+0x00000279c55abc98
# instanceKlass java/lang/invoke/LambdaForm$MH+0x00000279c55bd000
# instanceKlass java/lang/invoke/LambdaForm$MH+0x00000279c55bcc00
# instanceKlass java/lang/invoke/LambdaForm$MH+0x00000279c55bc800
# instanceKlass java/lang/invoke/LambdaForm$MH+0x00000279c55bc400
# instanceKlass java/lang/invoke/LambdaForm$MH+0x00000279c55bc000
# instanceKlass java/lang/invoke/LambdaForm$MH+0x00000279c55bbc00
# instanceKlass java/lang/invoke/LambdaForm$MH+0x00000279c55bb800
# instanceKlass java/lang/invoke/LambdaForm$MH+0x00000279c55bb400
# instanceKlass java/lang/invoke/LambdaForm$MH+0x00000279c55bb000
# instanceKlass java/lang/invoke/LambdaForm$MH+0x00000279c55bac00
# instanceKlass java/lang/invoke/LambdaForm$MH+0x00000279c55ba800
# instanceKlass java/lang/invoke/LambdaForm$MH+0x00000279c55ba400
# instanceKlass java/lang/invoke/LambdaForm$MH+0x00000279c55ba000
# instanceKlass java/lang/invoke/LambdaForm$MH+0x00000279c55b9c00
# instanceKlass java/lang/invoke/LambdaForm$MH+0x00000279c55b9800
# instanceKlass java/lang/invoke/LambdaForm$MH+0x00000279c55b9400
# instanceKlass java/lang/invoke/LambdaForm$MH+0x00000279c55b9000
# instanceKlass java/lang/invoke/LambdaForm$MH+0x00000279c55b8c00
# instanceKlass java/lang/invoke/LambdaForm$BMH+0x00000279c55b8800
# instanceKlass java/lang/invoke/LambdaForm$DMH+0x00000279c55b8400
# instanceKlass java/lang/invoke/LambdaForm$DMH+0x00000279c55b8000
instanceKlass  @bci org/gradle/api/internal/artifacts/repositories/DefaultMavenArtifactRepository <clinit> ()V 0 <appendix> argL0 ; # org/gradle/api/internal/artifacts/repositories/DefaultMavenArtifactRepository$$Lambda+0x00000279c55aba80
instanceKlass org/gradle/api/internal/artifacts/repositories/ArtifactResolutionDetails
instanceKlass org/gradle/internal/resolve/caching/ImplicitInputsCapturingInstantiator
instanceKlass org/gradle/api/internal/artifacts/repositories/AuthenticationSupporter
instanceKlass org/gradle/api/artifacts/repositories/PasswordCredentials
instanceKlass org/gradle/api/credentials/PasswordCredentials
instanceKlass org/gradle/api/credentials/Credentials
instanceKlass org/gradle/api/internal/artifacts/repositories/DefaultMavenArtifactRepository$MavenMetadataSources
instanceKlass org/gradle/api/internal/artifacts/repositories/DefaultUrlArtifactRepository
instanceKlass org/gradle/api/internal/artifacts/repositories/metadata/DefaultMavenPomMetadataSource$MavenMetadataValidator
instanceKlass org/gradle/api/internal/artifacts/repositories/metadata/AbstractRepositoryMetadataSource
instanceKlass org/gradle/api/internal/artifacts/repositories/maven/MavenMetadataLoader
instanceKlass org/gradle/api/internal/artifacts/repositories/resolver/ExternalResourceArtifactResolver
instanceKlass org/gradle/api/internal/artifacts/repositories/resolver/ExternalResourceResolver
instanceKlass org/gradle/api/artifacts/repositories/MavenArtifactRepository$MetadataSources
instanceKlass org/gradle/api/internal/artifacts/repositories/descriptor/RepositoryDescriptor
instanceKlass org/gradle/api/internal/artifacts/repositories/metadata/ImmutableMetadataSources
instanceKlass org/gradle/api/internal/artifacts/repositories/metadata/MetadataSource
instanceKlass org/gradle/api/internal/artifacts/repositories/metadata/MetadataArtifactProvider
instanceKlass org/gradle/api/internal/artifacts/ivyservice/ivyresolve/ConfiguredModuleComponentRepository
instanceKlass org/gradle/api/artifacts/repositories/RepositoryResourceAccessor
instanceKlass org/gradle/api/internal/artifacts/repositories/RepositoryContentDescriptorInternal
instanceKlass org/gradle/api/internal/DefaultPolymorphicDomainObjectContainer$2
instanceKlass  @bci org/gradle/internal/authentication/DefaultAuthenticationContainer_Decorated $gradleInit ()V 1 <appendix> member <vmtarget> ; # org/gradle/internal/authentication/DefaultAuthenticationContainer_Decorated$$Lambda+0x00000279c55af3c8
instanceKlass org/gradle/api/internal/DefaultPolymorphicNamedEntityInstantiator
instanceKlass org/gradle/api/internal/PolymorphicNamedEntityInstantiator
instanceKlass org/gradle/model/internal/core/NamedEntityInstantiator
instanceKlass org/gradle/api/internal/artifacts/repositories/AbstractArtifactRepository
instanceKlass org/gradle/api/internal/artifacts/repositories/ContentFilteringRepository
instanceKlass org/gradle/api/internal/artifacts/repositories/ArtifactRepositoryInternal
instanceKlass org/gradle/internal/artifacts/repositories/AuthenticationSupportedInternal
instanceKlass org/gradle/api/internal/artifacts/repositories/ResolutionAwareRepository
instanceKlass org/gradle/api/internal/artifacts/repositories/DefaultBaseRepositoryFactory$NamedMavenRepositoryDescriber
instanceKlass org/gradle/api/artifacts/repositories/ExclusiveContentRepository
instanceKlass org/gradle/api/internal/DefaultNamedDomainObjectCollection$ElementInfo
instanceKlass  @bci java/lang/reflect/Executable typeVarBounds (Ljava/lang/reflect/TypeVariable;)Ljava/lang/String; 58 <appendix> argL0 ; # java/lang/reflect/Executable$$Lambda+0x00000279c55693c0
instanceKlass org/gradle/api/internal/provider/ValueSupplier$ValueProducer
instanceKlass org/gradle/api/internal/provider/ValueSupplier$ExecutionTimeValue
instanceKlass org/gradle/api/internal/provider/ValueSupplier$SideEffect
instanceKlass  @bci org/gradle/internal/composite/DefaultConfigurableIncludedPluginBuild_Decorated $gradleInit ()V 1 <appendix> member <vmtarget> ; # org/gradle/internal/composite/DefaultConfigurableIncludedPluginBuild_Decorated$$Lambda+0x00000279c55a1798
instanceKlass org/gradle/api/tasks/TaskReference
instanceKlass org/gradle/internal/composite/DefaultConfigurableIncludedPluginBuild
instanceKlass org/gradle/api/initialization/ConfigurableIncludedPluginBuild
instanceKlass org/codehaus/groovy/runtime/ScriptBytecodeAdapter
# instanceKlass java/lang/invoke/LambdaForm$MH+0x00000279c55a5800
# instanceKlass java/lang/invoke/LambdaForm$MH+0x00000279c55a5400
# instanceKlass java/lang/invoke/LambdaForm$MH+0x00000279c55a5000
# instanceKlass java/lang/invoke/LambdaForm$MH+0x00000279c55a4c00
# instanceKlass java/lang/invoke/LambdaForm$MH+0x00000279c55a4800
instanceKlass  @bci org/codehaus/groovy/reflection/ClassLoaderForClassArtifacts defineClassAndGetConstructor (Ljava/lang/String;[B)Ljava/lang/reflect/Constructor; 3 <appendix> member <vmtarget> ; # org/codehaus/groovy/reflection/ClassLoaderForClassArtifacts$$Lambda+0x00000279c55a0000
instanceKlass groovyjarjarasm/asm/Attribute
instanceKlass groovyjarjarasm/asm/Handler
instanceKlass org/codehaus/groovy/runtime/typehandling/DefaultTypeTransformation
instanceKlass org/codehaus/groovy/classgen/asm/BytecodeHelper
instanceKlass groovyjarjarasm/asm/Edge
instanceKlass groovyjarjarasm/asm/Label
instanceKlass groovyjarjarasm/asm/Frame
instanceKlass  @bci org/codehaus/groovy/reflection/CachedClass$5 initValue ()Lorg/codehaus/groovy/runtime/callsite/CallSiteClassLoader; 1 <appendix> member <vmtarget> ; # org/codehaus/groovy/reflection/CachedClass$5$$Lambda+0x00000279c559b938
instanceKlass groovyjarjarasm/asm/ByteVector
instanceKlass groovyjarjarasm/asm/Symbol
instanceKlass groovyjarjarasm/asm/SymbolTable
instanceKlass groovyjarjarasm/asm/FieldVisitor
instanceKlass groovyjarjarasm/asm/MethodVisitor
instanceKlass groovyjarjarasm/asm/AnnotationVisitor
instanceKlass groovyjarjarasm/asm/ModuleVisitor
instanceKlass groovyjarjarasm/asm/RecordComponentVisitor
instanceKlass org/codehaus/groovy/classgen/GeneratorContext
instanceKlass org/codehaus/groovy/reflection/android/AndroidSupport
instanceKlass  @bci org/codehaus/groovy/runtime/callsite/GroovySunClassLoader <clinit> ()V 31 <appendix> argL0 ; # org/codehaus/groovy/runtime/callsite/GroovySunClassLoader$$Lambda+0x00000279c559e608
instanceKlass  @bci org/codehaus/groovy/reflection/SunClassLoader <clinit> ()V 0 <appendix> argL0 ; # org/codehaus/groovy/reflection/SunClassLoader$$Lambda+0x00000279c559e3f0
instanceKlass org/codehaus/groovy/runtime/callsite/CallSiteGenerator
instanceKlass org/codehaus/groovy/runtime/metaclass/MetaMethodIndex$CacheEntry
instanceKlass org/gradle/internal/classpath/declarations/GroovyFileInterceptors
instanceKlass org/gradle/internal/classpath/intercept/InvocationUtils
instanceKlass sun/reflect/generics/tree/BooleanSignature
instanceKlass sun/reflect/generics/reflectiveObjects/GenericArrayTypeImpl
instanceKlass org/gradle/internal/classpath/intercept/AbstractInvocation
instanceKlass org/gradle/util/internal/ClosureBackedAction
instanceKlass  @bci org/gradle/plugin/management/internal/DefaultPluginManagementSpec_Decorated $gradleInit ()V 1 <appendix> member <vmtarget> ; # org/gradle/plugin/management/internal/DefaultPluginManagementSpec_Decorated$$Lambda+0x00000279c54b7c78
instanceKlass org/gradle/plugin/use/PluginDependencySpec
instanceKlass org/gradle/plugin/management/internal/DefaultPluginManagementSpec$PluginDependenciesSpecImpl
instanceKlass org/gradle/plugin/use/PluginDependenciesSpec
instanceKlass org/gradle/plugin/management/internal/DefaultPluginManagementSpec
instanceKlass org/gradle/plugin/management/internal/PluginManagementSpecInternal
# instanceKlass java/lang/invoke/LambdaForm$MH+0x00000279c5598000
# instanceKlass java/lang/invoke/LambdaForm$MH+0x00000279c5593c00
# instanceKlass java/lang/invoke/LambdaForm$MH+0x00000279c5593800
# instanceKlass java/lang/invoke/LambdaForm$MH+0x00000279c5593400
# instanceKlass java/lang/invoke/LambdaForm$MH+0x00000279c5593000
# instanceKlass java/lang/invoke/LambdaForm$MH+0x00000279c5591c00
instanceKlass org/gradle/api/initialization/ConfigurableIncludedBuild
instanceKlass org/gradle/plugin/use/internal/PluginRequestCollector
instanceKlass org/gradle/internal/snapshot/SearchUtil
instanceKlass  @bci org/gradle/internal/snapshot/AbstractListChildMap findChildIndexWithCommonPrefix (Lorg/gradle/internal/snapshot/VfsRelativePath;Lorg/gradle/internal/snapshot/CaseSensitivity;)I 6 <appendix> member <vmtarget> ; # org/gradle/internal/snapshot/AbstractListChildMap$$Lambda+0x00000279c558fa98
instanceKlass org/gradle/api/internal/cache/CacheDirUtil
instanceKlass org/gradle/cache/CleanupFrequency$3
instanceKlass org/gradle/cache/CleanupFrequency$2
instanceKlass org/gradle/cache/CleanupFrequency$1
instanceKlass org/gradle/api/internal/cache/DefaultCleanup
instanceKlass org/gradle/api/internal/cache/CleanupInternal
instanceKlass  @bci org/gradle/api/internal/cache/DefaultCacheConfigurations$ContextualErrorMessageProperty set (Lorg/gradle/api/provider/Provider;)V 3 <appendix> member <vmtarget> ; # org/gradle/api/internal/cache/DefaultCacheConfigurations$ContextualErrorMessageProperty$$Lambda+0x00000279c558d7d8
instanceKlass  @bci org/gradle/api/internal/cache/DefaultCacheConfigurations$ContextualErrorMessageProperty value (Lorg/gradle/api/provider/Provider;)Lorg/gradle/api/internal/cache/DefaultCacheConfigurations$ContextualErrorMessageProperty; 3 <appendix> member <vmtarget> ; # org/gradle/api/internal/cache/DefaultCacheConfigurations$ContextualErrorMessageProperty$$Lambda+0x00000279c558d5b8
# instanceKlass java/lang/invoke/LambdaForm$MH+0x00000279c5591800
# instanceKlass java/lang/invoke/LambdaForm$MH+0x00000279c5591400
# instanceKlass java/lang/invoke/LambdaForm$MH+0x00000279c5591000
# instanceKlass java/lang/invoke/LambdaForm$MH+0x00000279c5590c00
# instanceKlass java/lang/invoke/LambdaForm$MH+0x00000279c5590800
instanceKlass org/gradle/internal/event/BroadcastDispatch$ActionInvocationHandler
instanceKlass  @bci org/gradle/internal/operations/notify/BuildOperationNotificationBridge$2 beforeSettings (Lorg/gradle/api/initialization/Settings;)V 21 <appendix> member <vmtarget> ; # org/gradle/internal/operations/notify/BuildOperationNotificationBridge$2$$Lambda+0x00000279c558d158
instanceKlass  @bci org/gradle/initialization/DefaultSettings_Decorated $gradleInit ()V 1 <appendix> member <vmtarget> ; # org/gradle/initialization/DefaultSettings_Decorated$$Lambda+0x00000279c558cd10
instanceKlass  @bci org/gradle/initialization/DefaultToolchainManagement_Decorated $gradleInit ()V 1 <appendix> member <vmtarget> ; # org/gradle/initialization/DefaultToolchainManagement_Decorated$$Lambda+0x00000279c558caf0
instanceKlass  @bci jdk/internal/reflect/MethodHandleIntegerFieldAccessorImpl setInt (Ljava/lang/Object;I)V 29 <adapter> ; # java/lang/invoke/LambdaForm$MH+0x00000279c5590400
# instanceKlass java/lang/invoke/LambdaForm$DMH+0x00000279c5590000
instanceKlass  @bci org/gradle/internal/instantiation/generator/AsmBackedClassGenerator$ClassBuilderImpl addManagedMethods (Ljava/util/List;Ljava/util/List;)V 116 <appendix> member <vmtarget> ; # org/gradle/internal/instantiation/generator/AsmBackedClassGenerator$ClassBuilderImpl$$Lambda+0x00000279c558c000
instanceKlass  @bci org/gradle/internal/instantiation/generator/AsmBackedClassGenerator$ClassBuilderImpl addManagedMethods (Ljava/util/List;Ljava/util/List;)V 93 <adapter> ; # java/lang/invoke/LambdaForm$MH+0x00000279c558bc00
# instanceKlass java/lang/invoke/LambdaForm$DMH+0x00000279c558b800
instanceKlass  @bci org/gradle/internal/instantiation/generator/AsmBackedClassGenerator$ClassBuilderImpl addManagedMethods (Ljava/util/List;Ljava/util/List;)V 93 <appendix> form vmentry <vmtarget> ; # java/lang/invoke/LambdaForm$DMH+0x00000279c558b400
instanceKlass  @bci org/gradle/internal/instantiation/generator/AsmBackedClassGenerator$ClassBuilderImpl addManagedMethods (Ljava/util/List;Ljava/util/List;)V 93 <appendix> member <vmtarget> ; # org/gradle/internal/instantiation/generator/AsmBackedClassGenerator$ClassBuilderImpl$$Lambda+0x00000279c5587888
instanceKlass  @cpi org/gradle/internal/instantiation/generator/AsmBackedClassGenerator$ClassBuilderImpl 1317 form vmentry <vmtarget> ; # java/lang/invoke/LambdaForm$DMH+0x00000279c558b000
instanceKlass  @bci org/gradle/internal/instantiation/generator/AsmBackedClassGenerator$ClassBuilderImpl addManagedMethods (Ljava/util/List;Ljava/util/List;)V 72 <adapter> ; # java/lang/invoke/LambdaForm$MH+0x00000279c558ac00
# instanceKlass java/lang/invoke/LambdaForm$DMH+0x00000279c558a800
instanceKlass  @bci org/gradle/internal/instantiation/generator/AsmBackedClassGenerator$ClassBuilderImpl addManagedMethods (Ljava/util/List;Ljava/util/List;)V 72 <appendix> form vmentry <vmtarget> ; # java/lang/invoke/LambdaForm$DMH+0x00000279c558a400
instanceKlass  @bci org/gradle/internal/instantiation/generator/AsmBackedClassGenerator$ClassBuilderImpl addManagedMethods (Ljava/util/List;Ljava/util/List;)V 72 <appendix> member <vmtarget> ; # org/gradle/internal/instantiation/generator/AsmBackedClassGenerator$ClassBuilderImpl$$Lambda+0x00000279c55871a0
instanceKlass  @cpi org/gradle/internal/instantiation/generator/AsmBackedClassGenerator$ClassBuilderImpl 1313 form vmentry <vmtarget> ; # java/lang/invoke/LambdaForm$DMH+0x00000279c558a000
instanceKlass  @bci org/gradle/internal/instantiation/generator/AsmBackedClassGenerator$ClassBuilderImpl addManagedMethods (Ljava/util/List;Ljava/util/List;)V 53 <appendix> member <vmtarget> ; # org/gradle/internal/instantiation/generator/AsmBackedClassGenerator$ClassBuilderImpl$$Lambda+0x00000279c5586ab8
instanceKlass  @bci java/io/WinNTFileSystem listRoots ()[Ljava/io/File; 38 <appendix> argL0 ; # java/io/WinNTFileSystem$$Lambda+0x00000279c55680e8
instanceKlass  @bci java/io/WinNTFileSystem listRoots ()[Ljava/io/File; 28 <appendix> member <vmtarget> ; # java/io/WinNTFileSystem$$Lambda+0x00000279c5567e98
instanceKlass  @bci java/io/WinNTFileSystem listRoots ()[Ljava/io/File; 17 <appendix> member <vmtarget> ; # java/io/WinNTFileSystem$$Lambda+0x00000279c5567c78
instanceKlass java/util/BitSet$1BitSetSpliterator
instanceKlass org/gradle/vcs/VcsMappings
instanceKlass org/gradle/vcs/internal/services/VersionControlServices$VersionControlSettingsServices
instanceKlass org/gradle/plugin/internal/PluginUsePluginServiceRegistry$SettingsScopeServices
instanceKlass  @bci org/gradle/internal/service/scopes/SettingsScopeServices <init> (Lorg/gradle/internal/service/ServiceRegistry;Lorg/gradle/api/internal/SettingsInternal;)V 19 <appendix> member <vmtarget> ; # org/gradle/internal/service/scopes/SettingsScopeServices$$Lambda+0x00000279c55863b0
# instanceKlass java/lang/invoke/LambdaForm$MH+0x00000279c5589c00
# instanceKlass java/lang/invoke/LambdaForm$MH+0x00000279c5589800
# instanceKlass java/lang/invoke/LambdaForm$MH+0x00000279c5589400
# instanceKlass java/lang/invoke/LambdaForm$MH+0x00000279c5589000
# instanceKlass java/lang/invoke/LambdaForm$MH+0x00000279c5588c00
# instanceKlass java/lang/invoke/LambdaForm$MH+0x00000279c5588800
# instanceKlass java/lang/invoke/LambdaForm$MH+0x00000279c5588400
# instanceKlass java/lang/invoke/LambdaForm$MH+0x00000279c5588000
instanceKlass org/gradle/initialization/IncludedBuildSpec
instanceKlass org/gradle/plugin/management/PluginManagementSpec
instanceKlass org/gradle/vcs/SourceControl
instanceKlass org/gradle/initialization/ProjectDescriptorRegistry
instanceKlass org/gradle/initialization/DefaultProjectDescriptor
instanceKlass org/gradle/api/initialization/ProjectDescriptor
instanceKlass org/gradle/initialization/SettingsFactory$SettingsServiceRegistryFactory
instanceKlass org/gradle/initialization/BuildOperationSettingsProcessor$2$1
instanceKlass org/gradle/initialization/EvaluateSettingsBuildOperationType$Details
instanceKlass org/gradle/initialization/BuildOperationSettingsProcessor$2
instanceKlass org/gradle/internal/logging/sink/ProgressLogEventGenerator$1
instanceKlass org/gradle/configuration/internal/DefaultListenerBuildOperationDecorator$BuildOperationEmittingAction
instanceKlass org/gradle/configuration/internal/DefaultUserCodeApplicationContext$CurrentApplication$1
instanceKlass org/gradle/invocation/DefaultGradle$2
instanceKlass org/codehaus/groovy/reflection/AccessPermissionChecker
instanceKlass  @bci org/codehaus/groovy/reflection/ReflectionUtils makeAccessibleInPrivilegedAction (Ljava/lang/reflect/AccessibleObject;)Ljava/util/Optional; 1 <appendix> member <vmtarget> ; # org/codehaus/groovy/reflection/ReflectionUtils$$Lambda+0x00000279c5582a70
instanceKlass groovyjarjarasm/asm/Type
instanceKlass  @bci org/codehaus/groovy/ast/ClassNode <init> (Ljava/lang/String;ILorg/codehaus/groovy/ast/ClassNode;[Lorg/codehaus/groovy/ast/ClassNode;[Lorg/codehaus/groovy/ast/MixinNode;)V 82 <appendix> argL0 ; # org/codehaus/groovy/ast/ClassNode$$Lambda+0x00000279c5582620
instanceKlass org/codehaus/groovy/ast/ClassNode$MapOfLists
instanceKlass org/codehaus/groovy/util/AbstractConcurrentMap$Entry
instanceKlass org/codehaus/groovy/util/AbstractConcurrentMapBase$Entry
instanceKlass org/codehaus/groovy/ast/ClassHelper$ClassHelperCache
instanceKlass org/codehaus/groovy/runtime/GeneratedLambda
instanceKlass org/codehaus/groovy/ast/ClassHelper
instanceKlass org/codehaus/groovy/classgen/asm/util/TypeUtil
instanceKlass org/codehaus/groovy/syntax/Types
instanceKlass org/codehaus/groovy/syntax/CSTNode
instanceKlass org/codehaus/groovy/ast/tools/GeneralUtils
instanceKlass org/gradle/api/component/SoftwareComponentContainer
instanceKlass org/gradle/api/NamedDomainObjectFactory
instanceKlass org/gradle/api/internal/project/ProjectInternal$DetachedResolver
instanceKlass org/gradle/configuration/project/ProjectConfigurationActionContainer
instanceKlass org/gradle/internal/model/RuleBasedPluginListener
instanceKlass org/gradle/model/internal/registry/ModelRegistry
instanceKlass org/gradle/normalization/internal/InputNormalizationHandlerInternal
instanceKlass org/gradle/api/internal/project/ProjectStateInternal
instanceKlass org/gradle/api/internal/tasks/TaskContainerInternal
instanceKlass org/gradle/api/internal/PolymorphicDomainObjectContainerInternal
instanceKlass org/gradle/api/internal/tasks/TaskResolver
instanceKlass org/gradle/internal/metaobject/DynamicInvokeResult
instanceKlass org/codehaus/groovy/runtime/wrappers/Wrapper
instanceKlass groovy/lang/AdaptingMetaClass
instanceKlass groovy/lang/GroovyInterceptable
instanceKlass org/codehaus/groovy/runtime/ArrayUtil
instanceKlass org/codehaus/groovy/runtime/metaclass/ClosureMetaClass$StandardClosureChooser
instanceKlass org/codehaus/groovy/runtime/metaclass/ClosureMetaClass$MethodChooser
instanceKlass org/codehaus/groovy/runtime/callsite/BooleanClosureWrapper
instanceKlass  @bci com/sun/jmx/mbeanserver/DefaultMXBeanMappingFactory makeArrayOrCollectionMapping (Ljava/lang/reflect/Type;Ljava/lang/reflect/Type;Lcom/sun/jmx/mbeanserver/MXBeanMappingFactory;)Lcom/sun/jmx/mbeanserver/MXBeanMapping; 57 <appendix> form vmentry <vmtarget> ; # java/lang/invoke/LambdaForm$MH+0x00000279c5556000
# instanceKlass java/lang/invoke/LambdaForm$MH+0x00000279c5555c00
instanceKlass  @bci com/sun/jmx/mbeanserver/DefaultMXBeanMappingFactory makeArrayOrCollectionMapping (Ljava/lang/reflect/Type;Ljava/lang/reflect/Type;Lcom/sun/jmx/mbeanserver/MXBeanMappingFactory;)Lcom/sun/jmx/mbeanserver/MXBeanMapping; 57 <appendix> argL3 form vmentry <vmtarget> ; # java/lang/invoke/LambdaForm$MH+0x00000279c5555800
# instanceKlass java/lang/invoke/LambdaForm$MH+0x00000279c5555400
instanceKlass  @bci com/sun/jmx/mbeanserver/DefaultMXBeanMappingFactory makeArrayOrCollectionMapping (Ljava/lang/reflect/Type;Ljava/lang/reflect/Type;Lcom/sun/jmx/mbeanserver/MXBeanMappingFactory;)Lcom/sun/jmx/mbeanserver/MXBeanMapping; 57 <appendix> argL2 form vmentry <vmtarget> ; # java/lang/invoke/LambdaForm$MH+0x00000279c5555000
# instanceKlass java/lang/invoke/LambdaForm$MH+0x00000279c5554c00
# instanceKlass java/lang/invoke/LambdaForm$MH+0x00000279c5554800
instanceKlass com/sun/beans/finder/FinderUtils
instanceKlass com/sun/beans/finder/AbstractFinder
instanceKlass org/gradle/api/internal/file/copy/CopySpecInternal
instanceKlass org/gradle/api/file/SyncSpec
instanceKlass org/gradle/api/internal/file/copy/CopyAction
instanceKlass org/gradle/api/internal/file/copy/FileCopier
instanceKlass org/gradle/api/internal/resources/DefaultResourceHandler
instanceKlass org/gradle/api/internal/resources/DefaultTextResourceFactory
instanceKlass org/gradle/api/internal/resources/DefaultResourceResolver
instanceKlass org/gradle/api/internal/resources/ResourceResolver
instanceKlass org/gradle/api/resources/TextResourceFactory
instanceKlass org/gradle/api/internal/resources/DefaultResourceHandler$Factory$FactoryImpl
instanceKlass  @bci org/gradle/internal/buildtree/BuildTreeScopeServices createDecompressionCacheFactory (Lorg/gradle/cache/scopes/BuildTreeScopedCacheBuilderFactory;)Lorg/gradle/cache/internal/DecompressionCacheFactory; 5 <appendix> member <vmtarget> ; # org/gradle/internal/buildtree/BuildTreeScopeServices$$Lambda+0x00000279c554ed80
instanceKlass org/gradle/api/internal/cache/DefaultDecompressionCacheFactory
instanceKlass  @bci org/gradle/api/internal/artifacts/DependencyManagementBuildScopeServices createTextUrlResourceLoaderFactory (Lorg/gradle/api/internal/artifacts/ivyservice/modulecache/FileStoreAndIndexProvider;Lorg/gradle/api/internal/artifacts/repositories/transport/RepositoryTransportFactory;Lorg/gradle/internal/file/RelativeFilePathResolver;)Lorg/gradle/internal/resource/TextUriResourceLoader$Factory; 24 <appendix> member <vmtarget> ; # org/gradle/api/internal/artifacts/DependencyManagementBuildScopeServices$$Lambda+0x00000279c54b6c48
instanceKlass org/gradle/internal/extensibility/ExtensionsStorage$ExtensionHolder
instanceKlass org/gradle/api/plugins/ExtensionsSchema$ExtensionSchema
instanceKlass org/gradle/api/NamedDomainObjectCollectionSchema$NamedDomainObjectSchema
instanceKlass org/gradle/internal/extensibility/ExtensionsStorage
instanceKlass org/gradle/api/plugins/ExtraPropertiesExtension
instanceKlass org/gradle/internal/extensibility/DefaultConvention
instanceKlass org/gradle/api/internal/plugins/ExtensionContainerInternal
instanceKlass org/gradle/internal/metaobject/DynamicObjectUtil
instanceKlass org/gradle/api/internal/project/DefaultDynamicLookupRoutine
instanceKlass org/gradle/api/internal/coerce/StringToEnumTransformer
instanceKlass org/gradle/internal/metaobject/BeanDynamicObject$MetaClassAdapter
instanceKlass org/gradle/api/internal/coerce/PropertySetTransformer
instanceKlass org/gradle/api/internal/coerce/MethodArgumentsTransformer
instanceKlass  @bci java/lang/reflect/Executable sharedToGenericString (IZ)Ljava/lang/String; 33 <appendix> argL0 ; # java/lang/reflect/Executable$$Lambda+0x00000279c5566ab0
instanceKlass  @bci org/codehaus/groovy/runtime/memoize/StampedCommonCache clearAll ()Ljava/util/Map; 1 <appendix> argL0 ; # org/codehaus/groovy/runtime/memoize/StampedCommonCache$$Lambda+0x00000279c5546af0
instanceKlass org/codehaus/groovy/runtime/memoize/EvictableCache$Action
instanceKlass java/util/WeakHashMap$HashIterator
instanceKlass  @bci java/util/stream/StreamSpliterators$WrappingSpliterator initPartialTraversalState ()V 37 <appendix> member <vmtarget> ; # java/util/stream/StreamSpliterators$WrappingSpliterator$$Lambda+0x00000279c5566168
instanceKlass java/util/function/BooleanSupplier
instanceKlass  @bci java/util/stream/StreamSpliterators$WrappingSpliterator initPartialTraversalState ()V 24 <appendix> member <vmtarget> ; # java/util/stream/StreamSpliterators$WrappingSpliterator$$Lambda+0x00000279c5565cc8
instanceKlass jdk/internal/jrtfs/JrtDirectoryStream$1
instanceKlass  @bci jdk/internal/jrtfs/JrtFileSystem iteratorOf (Ljdk/internal/jrtfs/JrtPath;Ljava/nio/file/DirectoryStream$Filter;)Ljava/util/Iterator; 82 <appendix> member <vmtarget> ; # jdk/internal/jrtfs/JrtFileSystem$$Lambda+0x00000279c5565818
instanceKlass  @bci jdk/internal/jrtfs/JrtFileSystem iteratorOf (Ljdk/internal/jrtfs/JrtPath;Ljava/nio/file/DirectoryStream$Filter;)Ljava/util/Iterator; 71 <appendix> member <vmtarget> ; # jdk/internal/jrtfs/JrtFileSystem$$Lambda+0x00000279c55655d8
instanceKlass jdk/internal/jrtfs/JrtDirectoryStream
instanceKlass jdk/internal/jrtfs/JrtFileAttributes
instanceKlass  @bci jdk/internal/jimage/ImageReader$SharedImageReader handleModulesSubTree (Ljava/lang/String;Ljdk/internal/jimage/ImageLocation;)Ljdk/internal/jimage/ImageReader$Node; 37 <appendix> member <vmtarget> ; # jdk/internal/jimage/ImageReader$SharedImageReader$$Lambda+0x00000279c5564b48
instanceKlass jdk/internal/jimage/ImageReader$SharedImageReader$LocationVisitor
instanceKlass jdk/internal/jimage/ImageReader$Node
instanceKlass jdk/internal/jrtfs/SystemImage$2
instanceKlass  @bci jdk/internal/jrtfs/SystemImage <clinit> ()V 0 <appendix> argL0 ; # jdk/internal/jrtfs/SystemImage$$Lambda+0x00000279c5563bd8
instanceKlass jdk/internal/jrtfs/SystemImage
instanceKlass jdk/internal/jrtfs/JrtPath
instanceKlass groovy/grape/GrapeIvy
instanceKlass groovy/grape/GrapeEngine
instanceKlass  @bci org/codehaus/groovy/vmplugin/v9/Java9 lambda$doFindClasses$3 (Ljava/util/List;Ljava/util/Map$Entry;)Ljava/util/Set; 25 <appendix> argL0 ; # org/codehaus/groovy/vmplugin/v9/Java9$$Lambda+0x00000279c5546108
instanceKlass  @bci org/codehaus/groovy/vmplugin/v9/Java9 lambda$doFindClasses$3 (Ljava/util/List;Ljava/util/Map$Entry;)Ljava/util/Set; 15 <appendix> member <vmtarget> ; # org/codehaus/groovy/vmplugin/v9/Java9$$Lambda+0x00000279c5545eb8
instanceKlass  @bci org/codehaus/groovy/vmplugin/v9/Java9 lambda$doFindClasses$0 (Ljava/util/List;Ljava/util/Map$Entry;)Z 20 <appendix> member <vmtarget> ; # org/codehaus/groovy/vmplugin/v9/Java9$$Lambda+0x00000279c5545c68
instanceKlass  @bci java/util/stream/Collectors uniqKeysMapMerger ()Ljava/util/function/BinaryOperator; 0 <appendix> argL0 ; # java/util/stream/Collectors$$Lambda+0x00000279c5563110
instanceKlass  @bci java/util/stream/Collectors uniqKeysMapAccumulator (Ljava/util/function/Function;Ljava/util/function/Function;)Ljava/util/function/BiConsumer; 2 <appendix> member <vmtarget> ; # java/util/stream/Collectors$$Lambda+0x00000279c5562ee0
instanceKlass  @bci java/util/stream/Collectors toMap (Ljava/util/function/Function;Ljava/util/function/Function;)Ljava/util/stream/Collector; 4 <appendix> argL0 ; # java/util/stream/Collectors$$Lambda+0x00000279c5562cc8
instanceKlass  @bci org/codehaus/groovy/vmplugin/v9/Java9 doFindClasses (Ljava/net/URI;Ljava/lang/String;Ljava/util/List;)Ljava/util/Map; 33 <appendix> member <vmtarget> ; # org/codehaus/groovy/vmplugin/v9/Java9$$Lambda+0x00000279c5545a28
instanceKlass  @bci org/codehaus/groovy/vmplugin/v9/Java9 doFindClasses (Ljava/net/URI;Ljava/lang/String;Ljava/util/List;)Ljava/util/Map; 27 <appendix> argL0 ; # org/codehaus/groovy/vmplugin/v9/Java9$$Lambda+0x00000279c55457f0
instanceKlass  @bci org/codehaus/groovy/vmplugin/v9/Java9 doFindClasses (Ljava/net/URI;Ljava/lang/String;Ljava/util/List;)Ljava/util/Map; 17 <appendix> member <vmtarget> ; # org/codehaus/groovy/vmplugin/v9/Java9$$Lambda+0x00000279c55455a0
instanceKlass  @bci jdk/nio/zipfs/ZipFileSystemProvider removeFileSystem (Ljava/nio/file/Path;Ljdk/nio/zipfs/ZipFileSystem;)V 17 <appendix> member <vmtarget> ; # jdk/nio/zipfs/ZipFileSystemProvider$$Lambda+0x00000279c554a388
instanceKlass  @bci jdk/nio/zipfs/ZipFileSystem close ()V 97 <appendix> member <vmtarget> ; # jdk/nio/zipfs/ZipFileSystem$$Lambda+0x00000279c554a168
instanceKlass  @bci org/codehaus/groovy/vmplugin/v9/ClassFinder$1 visitFile (Ljava/nio/file/Path;Ljava/nio/file/attribute/BasicFileAttributes;)Ljava/nio/file/FileVisitResult; 153 <appendix> argL0 ; # org/codehaus/groovy/vmplugin/v9/ClassFinder$1$$Lambda+0x00000279c5545368
instanceKlass jdk/nio/zipfs/ZipDirectoryStream$1
instanceKlass jdk/nio/zipfs/ZipDirectoryStream
instanceKlass jdk/nio/zipfs/ZipUtils
instanceKlass java/nio/file/SimpleFileVisitor
instanceKlass jdk/nio/zipfs/ZipFileSystem$END
instanceKlass jdk/nio/zipfs/ZipConstants
instanceKlass sun/nio/fs/WindowsChannelFactory$2
instanceKlass sun/nio/fs/WindowsSecurityDescriptor
instanceKlass java/nio/file/attribute/PosixFileAttributeView
instanceKlass jdk/nio/zipfs/ZipFileAttributeView
instanceKlass jdk/nio/zipfs/ZipPath
instanceKlass jdk/nio/zipfs/ZipCoder
instanceKlass sun/nio/fs/WindowsSecurity
instanceKlass sun/nio/fs/AbstractAclFileAttributeView
instanceKlass java/nio/file/attribute/AclFileAttributeView
instanceKlass java/nio/file/attribute/FileOwnerAttributeView
instanceKlass  @bci jdk/nio/zipfs/ZipFileSystem <init> (Ljdk/nio/zipfs/ZipFileSystemProvider;Ljava/nio/file/Path;Ljava/util/Map;)V 431 <appendix> member <vmtarget> ; # jdk/nio/zipfs/ZipFileSystem$$Lambda+0x00000279c55484a8
instanceKlass sun/nio/ch/FileChannelImpl$Closer
instanceKlass sun/nio/fs/WindowsChannelFactory$Flags
instanceKlass sun/nio/fs/WindowsChannelFactory$1
instanceKlass sun/nio/fs/WindowsChannelFactory
instanceKlass sun/nio/fs/WindowsFileSystemProvider$1
instanceKlass  @bci jdk/nio/zipfs/ZipFileSystem <clinit> ()V 0 <appendix> argL0 ; # jdk/nio/zipfs/ZipFileSystem$$Lambda+0x00000279c5548290
instanceKlass java/nio/file/attribute/PosixFileAttributes
instanceKlass jdk/nio/zipfs/ZipFileSystem$IndexNode
instanceKlass jdk/nio/zipfs/ZipFileAttributes
instanceKlass sun/nio/fs/WindowsLinkSupport
instanceKlass java/util/AbstractMap$SimpleEntry
instanceKlass jdk/internal/jimage/ImageBufferCache$2
instanceKlass jdk/internal/jimage/ImageBufferCache
instanceKlass  @bci sun/net/www/protocol/jrt/JavaRuntimeURLConnection <clinit> ()V 0 <appendix> argL0 ; # sun/net/www/protocol/jrt/JavaRuntimeURLConnection$$Lambda+0x00000279c537dc80
instanceKlass java/nio/channels/AsynchronousFileChannel
instanceKlass java/nio/channels/AsynchronousChannel
instanceKlass java/nio/file/FileStore
instanceKlass java/nio/file/spi/FileSystemProvider$1
instanceKlass sun/nio/fs/WindowsUriSupport
instanceKlass org/codehaus/groovy/vmplugin/v9/ClassFinder
instanceKlass org/apache/groovy/util/Maps
instanceKlass org/codehaus/groovy/GroovyExceptionInterface
instanceKlass org/codehaus/groovy/control/CompilerConfiguration
instanceKlass groovy/lang/GroovyClassLoader$1
instanceKlass org/codehaus/groovy/runtime/memoize/CommonCache
instanceKlass java/util/concurrent/locks/StampedLock
instanceKlass org/codehaus/groovy/runtime/memoize/StampedCommonCache
instanceKlass org/codehaus/groovy/runtime/memoize/ValueConvertable
instanceKlass org/codehaus/groovy/control/CompilationUnit$IPrimaryClassNodeOperation
instanceKlass org/codehaus/groovy/control/CompilationUnit$ClassgenCallback
instanceKlass org/codehaus/groovy/runtime/memoize/UnlimitedConcurrentCache
instanceKlass org/codehaus/groovy/runtime/memoize/EvictableCache
instanceKlass org/codehaus/groovy/ast/expr/MethodCall
instanceKlass org/codehaus/groovy/ast/stmt/LoopingStatement
instanceKlass org/codehaus/groovy/control/messages/Message
instanceKlass org/codehaus/groovy/ast/CodeVisitorSupport
instanceKlass org/codehaus/groovy/ast/GroovyClassVisitor
instanceKlass org/codehaus/groovy/transform/ErrorCollecting
instanceKlass org/codehaus/groovy/ast/expr/ExpressionTransformer
instanceKlass java/util/concurrent/locks/ReentrantReadWriteLock$WriteLock
instanceKlass java/util/concurrent/locks/ReentrantReadWriteLock$ReadLock
instanceKlass org/apache/groovy/plugin/GroovyRunnerRegistry
instanceKlass  @bci org/codehaus/groovy/runtime/metaclass/MetaClassRegistryImpl <init> (IZ)V 318 <appendix> member <vmtarget> ; # org/codehaus/groovy/runtime/metaclass/MetaClassRegistryImpl$$Lambda+0x00000279c5536108
instanceKlass  @bci groovy/lang/MetaClassImpl getPropName (Ljava/lang/String;)Ljava/lang/String; 5 <appendix> member <vmtarget> ; # groovy/lang/MetaClassImpl$$Lambda+0x00000279c5535c88
instanceKlass org/codehaus/groovy/runtime/GroovyCategorySupport
instanceKlass java/util/concurrent/locks/ReentrantReadWriteLock
instanceKlass java/util/concurrent/locks/ReadWriteLock
instanceKlass org/codehaus/groovy/util/ComplexKeyHashMap$1
instanceKlass  @bci org/codehaus/groovy/reflection/CachedClass$1 lambda$initValue$2 ()[Lorg/codehaus/groovy/reflection/CachedField; 33 <appendix> argL0 ; # org/codehaus/groovy/reflection/CachedClass$1$$Lambda+0x00000279c55353b8
instanceKlass  @bci org/codehaus/groovy/reflection/CachedClass$1 lambda$initValue$2 ()[Lorg/codehaus/groovy/reflection/CachedField; 23 <appendix> argL0 ; # org/codehaus/groovy/reflection/CachedClass$1$$Lambda+0x00000279c5535180
instanceKlass  @bci org/codehaus/groovy/reflection/CachedClass$1 lambda$initValue$2 ()[Lorg/codehaus/groovy/reflection/CachedField; 13 <appendix> argL0 ; # org/codehaus/groovy/reflection/CachedClass$1$$Lambda+0x00000279c5534f38
instanceKlass  @bci org/codehaus/groovy/reflection/CachedClass$1 initValue ()[Lorg/codehaus/groovy/reflection/CachedField; 1 <appendix> member <vmtarget> ; # org/codehaus/groovy/reflection/CachedClass$1$$Lambda+0x00000279c5534d18
instanceKlass java/beans/SimpleBeanInfo
instanceKlass java/beans/BeanProperty
instanceKlass  @bci com/sun/beans/introspect/PropertyInfo get (Ljava/lang/Class;)Ljava/util/Map; 440 <appendix> argL0 ; # com/sun/beans/introspect/PropertyInfo$$Lambda+0x00000279c5379900
instanceKlass com/sun/beans/WildcardTypeImpl
instanceKlass com/sun/beans/introspect/PropertyInfo
instanceKlass  @bci com/sun/beans/introspect/EventSetInfo get (Ljava/lang/Class;)Ljava/util/Map; 314 <appendix> argL0 ; # com/sun/beans/introspect/EventSetInfo$$Lambda+0x00000279c5379268
instanceKlass com/sun/beans/introspect/EventSetInfo
instanceKlass  @bci java/lang/reflect/Executable sharedToGenericString (IZ)Ljava/lang/String; 193 <appendix> argL0 ; # java/lang/reflect/Executable$$Lambda+0x00000279c5378c38
instanceKlass com/sun/beans/WeakCache
instanceKlass com/sun/beans/TypeResolver
instanceKlass java/beans/MethodRef
instanceKlass com/sun/beans/introspect/MethodInfo$MethodOrder
instanceKlass com/sun/beans/introspect/MethodInfo
instanceKlass com/sun/beans/util/Cache$Ref
instanceKlass com/sun/beans/util/Cache$CacheEntry
instanceKlass com/sun/beans/util/Cache
instanceKlass com/sun/beans/introspect/ClassInfo
instanceKlass javax/swing/SwingContainer
instanceKlass java/beans/JavaBean
instanceKlass com/sun/beans/finder/ClassFinder
instanceKlass com/sun/beans/finder/InstanceFinder
instanceKlass java/beans/WeakIdentityMap
instanceKlass java/beans/ThreadGroupContext
instanceKlass  @bci groovy/lang/MetaClassImpl addProperties ()V 27 <appendix> member <vmtarget> ; # groovy/lang/MetaClassImpl$$Lambda+0x00000279c5534718
instanceKlass java/beans/BeanInfo
instanceKlass org/codehaus/groovy/reflection/CachedClass$CachedMethodComparatorWithString
instanceKlass org/codehaus/groovy/util/AbstractConcurrentMapBase
instanceKlass java/lang/reflect/AnnotatedType
instanceKlass groovyjarjarasm/asm/ClassVisitor
instanceKlass org/codehaus/groovy/runtime/MetaClassHelper
instanceKlass  @bci org/codehaus/groovy/reflection/CachedClass$2 lambda$initValue$4 ()[Lorg/codehaus/groovy/reflection/CachedConstructor; 44 <appendix> argL0 ; # org/codehaus/groovy/reflection/CachedClass$2$$Lambda+0x00000279c5532018
instanceKlass  @bci org/codehaus/groovy/reflection/CachedClass$2 lambda$initValue$4 ()[Lorg/codehaus/groovy/reflection/CachedConstructor; 34 <appendix> member <vmtarget> ; # org/codehaus/groovy/reflection/CachedClass$2$$Lambda+0x00000279c5531dd8
instanceKlass  @bci org/codehaus/groovy/reflection/CachedClass$2 lambda$initValue$4 ()[Lorg/codehaus/groovy/reflection/CachedConstructor; 23 <appendix> argL0 ; # org/codehaus/groovy/reflection/CachedClass$2$$Lambda+0x00000279c5531b90
instanceKlass  @bci org/codehaus/groovy/reflection/CachedClass$2 lambda$initValue$4 ()[Lorg/codehaus/groovy/reflection/CachedConstructor; 13 <appendix> argL0 ; # org/codehaus/groovy/reflection/CachedClass$2$$Lambda+0x00000279c5531948
instanceKlass groovy/lang/ClosureInvokingMethod
instanceKlass org/codehaus/groovy/runtime/MethodKey
instanceKlass groovy/lang/ExpandoMetaClass$Callable
instanceKlass  @bci org/codehaus/groovy/reflection/CachedClass$2 initValue ()[Lorg/codehaus/groovy/reflection/CachedConstructor; 1 <appendix> member <vmtarget> ; # org/codehaus/groovy/reflection/CachedClass$2$$Lambda+0x00000279c5530680
instanceKlass org/codehaus/groovy/runtime/metaclass/MetaMethodIndex$Header
instanceKlass org/codehaus/groovy/runtime/metaclass/MetaMethodIndex$Entry
instanceKlass org/codehaus/groovy/runtime/metaclass/MetaMethodIndex$EntryIterator
instanceKlass org/codehaus/groovy/runtime/metaclass/MetaMethodIndex
instanceKlass  @bci groovy/lang/MetaClassImpl <clinit> ()V 102 <appendix> argL0 ; # groovy/lang/MetaClassImpl$$Lambda+0x00000279c552f2e8
instanceKlass  @bci groovy/lang/MetaClassImpl <clinit> ()V 94 <appendix> argL0 ; # groovy/lang/MetaClassImpl$$Lambda+0x00000279c552f0d0
instanceKlass org/codehaus/groovy/util/SingleKeyHashMap$Copier
instanceKlass  @bci groovy/lang/MetaClassImpl <clinit> ()V 55 <appendix> argL0 ; # groovy/lang/MetaClassImpl$$Lambda+0x00000279c552ee98
instanceKlass groovy/lang/MetaClassImpl$MethodIndexAction
instanceKlass org/codehaus/groovy/runtime/GeneratedClosure
instanceKlass groovy/lang/MetaClassImpl
instanceKlass groovy/lang/MutableMetaClass
instanceKlass org/gradle/api/internal/provider/MapPropertyExtensions
instanceKlass org/w3c/dom/Document
instanceKlass org/w3c/dom/NamedNodeMap
instanceKlass org/w3c/dom/UserDataHandler
instanceKlass org/w3c/dom/TypeInfo
instanceKlass org/w3c/dom/Attr
instanceKlass org/w3c/dom/NodeList
instanceKlass org/w3c/dom/Element
instanceKlass org/w3c/dom/Node
instanceKlass org/apache/groovy/xml/extensions/XmlExtensions
instanceKlass javax/swing/ButtonModel
instanceKlass java/awt/LayoutManager
instanceKlass javax/swing/AbstractButton$Handler
instanceKlass javax/swing/event/ChangeListener
instanceKlass javax/swing/Icon
instanceKlass javax/swing/event/TableColumnModelListener
instanceKlass javax/swing/ListSelectionModel
instanceKlass java/awt/event/ItemListener
instanceKlass javax/swing/MenuSelectionManager
instanceKlass javax/swing/event/TableModelListener
instanceKlass javax/accessibility/AccessibleStateSet
instanceKlass sun/awt/RequestFocusController
instanceKlass java/awt/im/InputMethodRequests
instanceKlass java/awt/image/BufferStrategy
instanceKlass java/awt/dnd/DropTarget
instanceKlass java/awt/dnd/DropTargetListener
instanceKlass java/awt/peer/ComponentPeer
instanceKlass java/awt/event/MouseWheelListener
instanceKlass java/awt/event/HierarchyBoundsListener
instanceKlass java/awt/event/HierarchyListener
instanceKlass java/awt/event/InputMethodListener
instanceKlass java/awt/event/MouseMotionListener
instanceKlass java/awt/event/MouseListener
instanceKlass java/awt/event/KeyListener
instanceKlass java/awt/event/FocusListener
instanceKlass sun/awt/ComponentFactory
instanceKlass java/awt/BufferCapabilities
instanceKlass java/awt/ImageCapabilities
instanceKlass java/awt/image/ImageProducer
instanceKlass java/awt/Cursor
instanceKlass java/awt/image/ColorModel
instanceKlass java/awt/im/InputContext
instanceKlass java/awt/Toolkit
instanceKlass java/awt/GraphicsConfiguration
instanceKlass sun/java2d/pipe/Region
instanceKlass java/awt/ComponentOrientation
instanceKlass java/awt/PointerInfo
instanceKlass java/awt/Event
instanceKlass java/awt/MenuComponent
instanceKlass java/awt/Image
instanceKlass javax/swing/TransferHandler$DropLocation
instanceKlass javax/swing/InputVerifier
instanceKlass javax/swing/event/AncestorListener
instanceKlass javax/swing/AncestorNotifier
instanceKlass java/beans/PropertyChangeListener
instanceKlass java/awt/event/ComponentListener
instanceKlass java/beans/VetoableChangeListener
instanceKlass javax/swing/plaf/ComponentUI
instanceKlass java/awt/geom/Point2D
instanceKlass javax/swing/ArrayTable
instanceKlass java/awt/AWTKeyStroke
instanceKlass javax/swing/ActionMap
instanceKlass javax/swing/InputMap
instanceKlass java/awt/Insets
instanceKlass java/awt/geom/Dimension2D
instanceKlass java/awt/FontMetrics
instanceKlass javax/swing/border/Border
instanceKlass java/awt/geom/RectangularShape
instanceKlass java/awt/Shape
instanceKlass java/awt/Font
instanceKlass java/awt/Graphics
instanceKlass java/util/EventObject
instanceKlass java/awt/Color
instanceKlass java/awt/Paint
instanceKlass java/awt/Transparency
instanceKlass javax/swing/TransferHandler
instanceKlass javax/accessibility/AccessibleContext
instanceKlass javax/swing/table/TableColumn
instanceKlass javax/swing/Action
instanceKlass javax/swing/table/AbstractTableModel
instanceKlass javax/swing/MutableComboBoxModel
instanceKlass javax/swing/ComboBoxModel
instanceKlass javax/swing/tree/DefaultMutableTreeNode
instanceKlass javax/swing/AbstractListModel
instanceKlass javax/swing/ButtonGroup
instanceKlass javax/swing/table/TableColumnModel
instanceKlass java/awt/event/ActionListener
instanceKlass javax/swing/event/ListDataListener
instanceKlass java/awt/ItemSelectable
instanceKlass javax/swing/MenuElement
instanceKlass javax/swing/table/TableModel
instanceKlass java/awt/Component
instanceKlass java/awt/MenuContainer
instanceKlass java/awt/image/ImageObserver
instanceKlass javax/swing/TransferHandler$HasGetTransferHandler
instanceKlass javax/swing/SwingConstants
instanceKlass javax/accessibility/Accessible
instanceKlass javax/swing/tree/TreePath
instanceKlass javax/swing/tree/MutableTreeNode
instanceKlass javax/swing/tree/TreeNode
instanceKlass javax/swing/ListModel
instanceKlass org/apache/groovy/swing/extensions/SwingExtensions
instanceKlass java/sql/Blob
instanceKlass java/sql/NClob
instanceKlass java/sql/Clob
instanceKlass java/sql/Statement
instanceKlass java/sql/RowId
instanceKlass java/sql/SQLXML
instanceKlass java/sql/SQLType
instanceKlass java/sql/Array
instanceKlass java/sql/Ref
instanceKlass groovy/sql/GroovyResultSet
instanceKlass java/sql/ResultSet
instanceKlass java/sql/ResultSetMetaData
instanceKlass java/sql/Wrapper
instanceKlass org/apache/groovy/sql/extensions/SqlExtensions
instanceKlass java/nio/file/WatchKey
instanceKlass java/nio/file/WatchEvent$Modifier
instanceKlass java/nio/file/WatchEvent$Kind
instanceKlass java/nio/file/WatchService
instanceKlass org/apache/groovy/dateutil/extensions/DateUtilStaticExtensions
instanceKlass org/apache/groovy/dateutil/extensions/DateUtilExtensions
instanceKlass java/time/chrono/Era
instanceKlass java/time/format/DateTimeFormatter
instanceKlass java/time/temporal/TemporalQuery
instanceKlass java/time/MonthDay
instanceKlass java/time/Year
instanceKlass java/time/OffsetDateTime
instanceKlass java/time/Period
instanceKlass java/time/Instant
instanceKlass java/time/ZonedDateTime
instanceKlass java/time/chrono/ChronoZonedDateTime
instanceKlass java/time/OffsetTime
instanceKlass java/time/YearMonth
instanceKlass java/time/chrono/ChronoPeriod
instanceKlass org/apache/groovy/datetime/extensions/DateTimeStaticExtensions
instanceKlass org/apache/groovy/datetime/extensions/DateTimeExtensions
instanceKlass  @bci org/codehaus/groovy/runtime/metaclass/MetaClassRegistryImpl$DefaultModuleListener onModule (Lorg/codehaus/groovy/runtime/m12n/ExtensionModule;)V 157 <appendix> argL0 ; # org/codehaus/groovy/runtime/metaclass/MetaClassRegistryImpl$DefaultModuleListener$$Lambda+0x00000279c5523f00
instanceKlass org/gradle/api/artifacts/ProjectDependency
instanceKlass org/gradle/api/artifacts/SelfResolvingDependency
instanceKlass org/gradle/api/artifacts/DependencyArtifact
instanceKlass org/codehaus/groovy/runtime/metaclass/MethodHelper
instanceKlass org/gradle/api/tasks/TaskDependency
instanceKlass org/gradle/api/artifacts/dsl/DependencyModifier
instanceKlass org/gradle/api/provider/ProviderConvertible
instanceKlass org/gradle/api/artifacts/dsl/DependencyAdder
instanceKlass org/gradle/api/artifacts/ExternalModuleDependency
instanceKlass org/gradle/api/artifacts/ExternalDependency
instanceKlass org/gradle/api/artifacts/ModuleDependency
instanceKlass org/gradle/api/artifacts/dsl/Dependencies
instanceKlass org/gradle/api/internal/artifacts/dsl/dependencies/DependenciesExtensionModule
instanceKlass org/codehaus/groovy/runtime/m12n/ExtensionModule
instanceKlass org/codehaus/groovy/runtime/m12n/PropertiesModuleFactory
instanceKlass org/codehaus/groovy/util/URLStreams
instanceKlass org/codehaus/groovy/runtime/metaclass/MetaClassRegistryImpl$DefaultModuleListener
instanceKlass org/codehaus/groovy/runtime/m12n/ExtensionModuleScanner
instanceKlass java/util/ResourceBundle$CacheKey
instanceKlass org/codehaus/groovy/runtime/DefaultGroovyStaticMethods
instanceKlass java/lang/constant/DynamicConstantDesc
instanceKlass java/lang/constant/ClassDesc
instanceKlass  @bci org/codehaus/groovy/runtime/metaclass/MetaClassRegistryImpl registerMethods (Ljava/lang/Class;ZZLjava/util/Map;)V 253 <appendix> argL0 ; # org/codehaus/groovy/runtime/metaclass/MetaClassRegistryImpl$$Lambda+0x00000279c55202a0
instanceKlass org/codehaus/groovy/runtime/RangeInfo
instanceKlass java/util/function/ToDoubleFunction
instanceKlass java/util/function/ToLongFunction
instanceKlass java/util/function/ToIntFunction
instanceKlass java/util/function/DoubleFunction
instanceKlass java/util/function/DoublePredicate
instanceKlass java/util/function/LongPredicate
instanceKlass java/util/stream/DoubleStream
instanceKlass java/util/stream/LongStream
instanceKlass java/util/OptionalDouble
instanceKlass java/util/OptionalLong
instanceKlass  @bci org/codehaus/groovy/runtime/metaclass/MetaClassRegistryImpl createMetaMethodFromClass (Ljava/util/Map;Ljava/lang/Class;)V 28 <appendix> argL0 ; # org/codehaus/groovy/runtime/metaclass/MetaClassRegistryImpl$$Lambda+0x00000279c5519d68
instanceKlass org/codehaus/groovy/runtime/NumberAwareComparator
instanceKlass org/codehaus/groovy/runtime/EncodingGroovyMethods
instanceKlass java/util/concurrent/CompletableFuture
instanceKlass java/util/concurrent/CompletionStage
instanceKlass java/lang/ProcessHandle$Info
instanceKlass java/lang/ProcessHandle
instanceKlass org/codehaus/groovy/reflection/CachedMethod$MyComparator
instanceKlass  @bci java/lang/SecurityManager nonExportedPkgs (Ljava/lang/module/ModuleDescriptor;)Ljava/util/Set; 92 <appendix> member <vmtarget> ; # java/lang/SecurityManager$$Lambda+0x00000279c5349950
instanceKlass  @bci java/lang/SecurityManager nonExportedPkgs (Ljava/lang/module/ModuleDescriptor;)Ljava/util/Set; 76 <appendix> argL0 ; # java/lang/SecurityManager$$Lambda+0x00000279c5349718
instanceKlass  @bci java/lang/SecurityManager nonExportedPkgs (Ljava/lang/module/ModuleDescriptor;)Ljava/util/Set; 66 <appendix> argL0 ; # java/lang/SecurityManager$$Lambda+0x00000279c53494d0
instanceKlass  @bci java/lang/SecurityManager nonExportedPkgs (Ljava/lang/module/ModuleDescriptor;)Ljava/util/Set; 47 <appendix> member <vmtarget> ; # java/lang/SecurityManager$$Lambda+0x00000279c53492a0
instanceKlass  @bci java/lang/SecurityManager nonExportedPkgs (Ljava/lang/module/ModuleDescriptor;)Ljava/util/Set; 31 <appendix> argL0 ; # java/lang/SecurityManager$$Lambda+0x00000279c5349068
instanceKlass  @bci java/lang/SecurityManager nonExportedPkgs (Ljava/lang/module/ModuleDescriptor;)Ljava/util/Set; 21 <appendix> argL0 ; # java/lang/SecurityManager$$Lambda+0x00000279c5348e20
instanceKlass  @bci java/lang/SecurityManager addNonExportedPackages (Ljava/lang/ModuleLayer;)V 59 <appendix> argL0 ; # java/lang/SecurityManager$$Lambda+0x00000279c5348bf8
instanceKlass  @bci java/lang/SecurityManager addNonExportedPackages (Ljava/lang/ModuleLayer;)V 49 <appendix> argL0 ; # java/lang/SecurityManager$$Lambda+0x00000279c53489c0
instanceKlass  @bci java/lang/SecurityManager addNonExportedPackages (Ljava/lang/ModuleLayer;)V 39 <appendix> argL0 ; # java/lang/SecurityManager$$Lambda+0x00000279c5348788
instanceKlass  @bci java/lang/SecurityManager addNonExportedPackages (Ljava/lang/ModuleLayer;)V 29 <appendix> member <vmtarget> ; # java/lang/SecurityManager$$Lambda+0x00000279c5348538
instanceKlass  @cpi org/gradle/api/internal/artifacts/repositories/DefaultMavenArtifactRepository 460 form vmentry <vmtarget> ; # java/lang/invoke/LambdaForm$DMH+0x00000279c5518800
instanceKlass  @bci java/lang/SecurityManager addNonExportedPackages (Ljava/lang/ModuleLayer;)V 17 <appendix> argL0 ; # java/lang/SecurityManager$$Lambda+0x00000279c5348300
instanceKlass  @bci org/codehaus/groovy/vmplugin/v9/Java9 lambda$static$10 (Ljava/util/Map;Ljava/util/Map;Ljava/util/Map;Ljava/lang/String;)V 41 <appendix> argL0 ; # org/codehaus/groovy/vmplugin/v9/Java9$$Lambda+0x00000279c5513420
instanceKlass  @bci org/codehaus/groovy/vmplugin/v9/Java9 lambda$static$10 (Ljava/util/Map;Ljava/util/Map;Ljava/util/Map;Ljava/lang/String;)V 70 <appendix> argL0 ; # org/codehaus/groovy/vmplugin/v9/Java9$$Lambda+0x00000279c55131e8
instanceKlass  @bci org/codehaus/groovy/vmplugin/v9/Java9 isExported (Ljava/lang/module/ModuleDescriptor;Ljava/lang/String;)Z 10 <appendix> member <vmtarget> ; # org/codehaus/groovy/vmplugin/v9/Java9$$Lambda+0x00000279c5512f98
instanceKlass  @bci org/codehaus/groovy/vmplugin/v9/Java9 isOpen (Ljava/lang/module/ModuleDescriptor;Ljava/lang/String;)Z 10 <appendix> member <vmtarget> ; # org/codehaus/groovy/vmplugin/v9/Java9$$Lambda+0x00000279c5512d48
instanceKlass  @bci org/codehaus/groovy/vmplugin/v9/Java9 <clinit> ()V 69 <appendix> member <vmtarget> ; # org/codehaus/groovy/vmplugin/v9/Java9$$Lambda+0x00000279c5512b18
instanceKlass  @cpi org/codehaus/groovy/vmplugin/v9/Java9 3507 form vmentry <vmtarget> ; # java/lang/invoke/LambdaForm$DMH+0x00000279c5518400
instanceKlass  @bci org/codehaus/groovy/vmplugin/v9/Java9 lambda$static$7 (Ljava/util/Map;Ljava/lang/module/ModuleDescriptor;)V 6 <appendix> member <vmtarget> ; # org/codehaus/groovy/vmplugin/v9/Java9$$Lambda+0x00000279c55128e8
instanceKlass  @cpi org/codehaus/groovy/vmplugin/v9/Java9 3416 form vmentry <vmtarget> ; # java/lang/invoke/LambdaForm$DMH+0x00000279c5518000
instanceKlass  @bci org/codehaus/groovy/vmplugin/v9/Java9 <clinit> ()V 34 <appendix> member <vmtarget> ; # org/codehaus/groovy/vmplugin/v9/Java9$$Lambda+0x00000279c55126b8
instanceKlass  @cpi org/codehaus/groovy/vmplugin/v9/Java9 3488 form vmentry <vmtarget> ; # java/lang/invoke/LambdaForm$DMH+0x00000279c5511c00
instanceKlass  @bci org/codehaus/groovy/vmplugin/v9/Java9 <clinit> ()V 23 <appendix> argL0 ; # org/codehaus/groovy/vmplugin/v9/Java9$$Lambda+0x00000279c5512480
instanceKlass org/codehaus/groovy/ast/Variable
instanceKlass groovyjarjarasm/asm/Opcodes
instanceKlass org/codehaus/groovy/vmplugin/v8/Java8
instanceKlass  @bci org/codehaus/groovy/vmplugin/VMPluginFactory createPlugin (Ljava/lang/String;Ljava/lang/String;)Lorg/codehaus/groovy/vmplugin/VMPlugin; 2 <appendix> member <vmtarget> ; # org/codehaus/groovy/vmplugin/VMPluginFactory$$Lambda+0x00000279c55141f8
instanceKlass org/codehaus/groovy/vmplugin/VMPlugin
instanceKlass org/codehaus/groovy/vmplugin/VMPluginFactory
instanceKlass org/codehaus/groovy/reflection/ReflectionUtils
instanceKlass  @bci org/codehaus/groovy/reflection/CachedClass$3 lambda$initValue$4 ()[Lorg/codehaus/groovy/reflection/CachedMethod; 44 <appendix> argL0 ; # org/codehaus/groovy/reflection/CachedClass$3$$Lambda+0x00000279c550f980
instanceKlass  @bci org/codehaus/groovy/reflection/CachedClass$3 lambda$initValue$4 ()[Lorg/codehaus/groovy/reflection/CachedMethod; 34 <appendix> member <vmtarget> ; # org/codehaus/groovy/reflection/CachedClass$3$$Lambda+0x00000279c550f740
instanceKlass  @bci org/codehaus/groovy/reflection/CachedClass$3 lambda$initValue$4 ()[Lorg/codehaus/groovy/reflection/CachedMethod; 23 <appendix> argL0 ; # org/codehaus/groovy/reflection/CachedClass$3$$Lambda+0x00000279c550f4f8
instanceKlass  @bci org/codehaus/groovy/reflection/CachedClass$3 lambda$initValue$4 ()[Lorg/codehaus/groovy/reflection/CachedMethod; 13 <appendix> argL0 ; # org/codehaus/groovy/reflection/CachedClass$3$$Lambda+0x00000279c550f2b0
instanceKlass org/codehaus/groovy/runtime/memoize/MemoizeCache
instanceKlass  @bci org/codehaus/groovy/reflection/CachedClass$3 initValue ()[Lorg/codehaus/groovy/reflection/CachedMethod; 1 <appendix> member <vmtarget> ; # org/codehaus/groovy/reflection/CachedClass$3$$Lambda+0x00000279c550d848
instanceKlass  @bci org/codehaus/groovy/reflection/stdclasses/CachedSAMClass getSAMMethod (Ljava/lang/Class;)Ljava/lang/reflect/Method; 135 <appendix> member <vmtarget> ; # org/codehaus/groovy/reflection/stdclasses/CachedSAMClass$$Lambda+0x00000279c550d0c0
instanceKlass  @bci org/codehaus/groovy/reflection/stdclasses/CachedSAMClass getDeclaredMethods (Ljava/lang/Class;)[Ljava/lang/reflect/Method; 6 <appendix> member <vmtarget> ; # org/codehaus/groovy/reflection/stdclasses/CachedSAMClass$$Lambda+0x00000279c550cea0
# instanceKlass java/lang/invoke/LambdaForm$MH+0x00000279c5511800
# instanceKlass java/lang/invoke/LambdaForm$MH+0x00000279c5511400
# instanceKlass java/lang/invoke/LambdaForm$MH+0x00000279c5511000
# instanceKlass java/lang/invoke/LambdaForm$MH+0x00000279c5510c00
# instanceKlass java/lang/invoke/LambdaForm$MH+0x00000279c5510800
# instanceKlass org/codehaus/groovy/reflection/stdclasses/CachedSAMClass$$InjectedInvoker+0x00000279c5510400
instanceKlass java/lang/invoke/MethodHandleImpl$BindCaller$InjectedInvokerHolder
# instanceKlass java/lang/invoke/LambdaForm$MH+0x00000279c5510000
instanceKlass java/lang/invoke/MethodHandleImpl$BindCaller
instanceKlass  @bci org/codehaus/groovy/runtime/metaclass/MetaClassRegistryImpl registerMethods (Ljava/lang/Class;ZZLjava/util/Map;)V 115 <appendix> argL0 ; # org/codehaus/groovy/runtime/metaclass/MetaClassRegistryImpl$$Lambda+0x00000279c550cc68
instanceKlass org/codehaus/groovy/transform/trait/Traits$Implemented
instanceKlass org/codehaus/groovy/util/ReferenceType$HardRef
instanceKlass org/codehaus/groovy/util/ManagedReference
instanceKlass org/codehaus/groovy/reflection/ClassInfo$GlobalClassSet
instanceKlass org/apache/groovy/util/SystemUtil
instanceKlass org/codehaus/groovy/reflection/GroovyClassValue
instanceKlass org/codehaus/groovy/reflection/GroovyClassValueFactory
instanceKlass org/codehaus/groovy/reflection/ClassInfo$1
instanceKlass org/codehaus/groovy/reflection/CachedClass
instanceKlass org/codehaus/groovy/reflection/GroovyClassValue$ComputeValue
instanceKlass org/codehaus/groovy/util/ComplexKeyHashMap$Entry
instanceKlass org/codehaus/groovy/util/ComplexKeyHashMap$EntryIterator
instanceKlass org/codehaus/groovy/util/ComplexKeyHashMap
instanceKlass org/codehaus/groovy/reflection/ReflectionCache
instanceKlass java/util/Timer
instanceKlass java/util/TimerTask
instanceKlass groovy/lang/groovydoc/Groovydoc
instanceKlass groovy/lang/ListWithDefault
instanceKlass groovy/lang/Range
instanceKlass groovy/util/BufferedIterator
instanceKlass java/util/BitSet
instanceKlass org/codehaus/groovy/reflection/GeneratedMetaMethod$DgmMethodRecord
instanceKlass groovy/lang/MetaClassRegistry$MetaClassCreationHandle
instanceKlass org/codehaus/groovy/runtime/m12n/ExtensionModuleRegistry
instanceKlass org/codehaus/groovy/util/Reference
instanceKlass org/codehaus/groovy/util/ReferenceManager
instanceKlass org/codehaus/groovy/util/ReferenceBundle
instanceKlass org/codehaus/groovy/util/ManagedConcurrentLinkedQueue
instanceKlass org/codehaus/groovy/util/FastArray
instanceKlass groovy/lang/MetaClassRegistryChangeEventListener
instanceKlass java/util/EventListener
instanceKlass org/codehaus/groovy/reflection/ParameterTypes
instanceKlass org/codehaus/groovy/runtime/m12n/ExtensionModuleScanner$ExtensionModuleListener
instanceKlass org/codehaus/groovy/runtime/metaclass/MetaClassRegistryImpl
instanceKlass org/codehaus/groovy/runtime/InvokerHelper
instanceKlass  @bci org/gradle/internal/classpath/Instrumented <clinit> ()V 89 <appendix> argL0 ; # org/gradle/internal/classpath/Instrumented$$Lambda+0x00000279c54fc6a8
instanceKlass  @bci org/gradle/internal/classpath/Instrumented <clinit> ()V 73 <appendix> argL0 ; # org/gradle/internal/classpath/Instrumented$$Lambda+0x00000279c54fc490
instanceKlass  @bci org/gradle/internal/classpath/MethodHandleUtils lazyKotlinStaticDefaultHandle (Ljava/lang/Class;Ljava/lang/String;Ljava/lang/Class;[Ljava/lang/Class;)Lorg/gradle/internal/lazy/Lazy; 7 <appendix> member <vmtarget> ; # org/gradle/internal/classpath/MethodHandleUtils$$Lambda+0x00000279c54fc270
instanceKlass org/gradle/internal/classpath/MethodHandleUtils
instanceKlass kotlin/io/FilesKt__FilePathComponentsKt
instanceKlass  @bci org/gradle/internal/classpath/intercept/CallInterceptorsSet <init> (Ljava/util/stream/Stream;)V 44 <appendix> member <vmtarget> ; # org/gradle/internal/classpath/intercept/CallInterceptorsSet$$Lambda+0x00000279c54fb440
instanceKlass org/gradle/internal/classpath/generated/InterceptorDeclaration_PropertyUpgradesGroovyInterceptors
instanceKlass com/google/common/collect/TransformedIterator
instanceKlass org/gradle/launcher/daemon/server/DaemonRegistryUnavailableExpirationStrategy$1
instanceKlass org/gradle/cache/internal/FileBackedObjectHolder$1
instanceKlass org/gradle/launcher/daemon/registry/PersistentDaemonRegistry$1
instanceKlass org/gradle/launcher/daemon/server/CompatibleDaemonExpirationStrategy$1
instanceKlass org/gradle/launcher/daemon/server/health/gc/GarbageCollectionStats
instanceKlass java/util/concurrent/LinkedBlockingDeque$AbstractItr
instanceKlass org/gradle/internal/classpath/generated/InterceptorDeclaration_ConfigCacheGroovyInterceptors
instanceKlass org/gradle/internal/classpath/intercept/InterceptScope
# instanceKlass java/lang/invoke/LambdaForm$DMH+0x00000279c54f4000
instanceKlass org/gradle/internal/classpath/intercept/Invocation
instanceKlass  @bci org/gradle/internal/classpath/GroovyCallInterceptorsProvisionTools getInterceptorsFromProvider (Lorg/gradle/internal/classpath/GroovyCallInterceptorsProvider;)Ljava/util/List; 11 <appendix> argL0 ; # org/gradle/internal/classpath/GroovyCallInterceptorsProvisionTools$$Lambda+0x00000279c54f0000
instanceKlass org/gradle/internal/instrumentation/api/declarations/InterceptorDeclaration
instanceKlass org/gradle/internal/classpath/GroovyCallInterceptorsProvisionTools
